id,name,post_count,sample_n,rating_label,explicit_ratio,archetype,origin,main_subject,main_theme,main_technique,main_composition,top_copyrights,signature_tags,profile_line,url
499421,dairi,18794,200,全年龄向,0.0,同人角色专精,同人为主,男性主体,和风/BL/腐向,,单人立绘,touhou|cevio|touhou_shizenyu,tachi-e transparent_background alphes_(style) touhou clock_necklace style_parody checkered_bracelet takahashi_amato,同人角色专精 · 和风 · BL/腐向 · 单人立绘 · 同人为主,https://danbooru.donmai.us/artists/499421
590000,ebifurya,6639,200,轻度色气,0.045,同人角色专精,同人为主,女性主体,泳装/内衣/体型特征,,俯视/仰视,kantai_collection|azur_lane|blue_archive,one-hour_drawing_challenge kantai_collection twitter_username cropped_legs artist_name skindentation hair_intakes spoken_blush,同人角色专精 · 泳装/内衣 · 体型特征 · 俯视/仰视 · 同人为主,https://danbooru.donmai.us/artists/590000
406695,bkub,5868,200,全年龄向,0.01,漫画/剧情向,同人为主,非人物/静物,科幻/机甲/校园,漫画分镜/单色/灰度,漫画/多格,yappari_chinchirando|poptepipic|ip_police_tsuduki-chan,yappari_chinchirando chinchilla_(animal) raia-chan whiskers popuko poptepipic pipimi 4koma,漫画/剧情向 · 科幻/机甲 · 校园 · 漫画分镜 · 漫画/多格,https://danbooru.donmai.us/artists/406695
399053,crote,6449,200,全年龄向,0.0,同人角色专精,同人为主,男性主体,和风/奇幻/魔法,,肖像/半身,touhou|sekaiju_no_meikyuu|sekaiju_no_meikyuu_2,tachi-e transparent_background touhou himekaidou_hatate checkered_skirt flip_phone hijiri_myouren hand_on_own_leg,同人角色专精 · 和风 · 奇幻/魔法 · 肖像/半身 · 同人为主,https://danbooru.donmai.us/artists/399053
1251096,itomugi-kun,5854,200,全年龄向,0.0,单色线稿派,原创/同人混合,男性主体,兽人/furry/BL/腐向,单色/灰度/漫画分镜,漫画/多格,touhou|precure|meitantei_precure!,dragon_boy kamishirasawa_keine touhou fujiwara_no_mokou furry_male torn_sleeves furry suspender_pants,单色线稿派 · 兽人/furry · BL/腐向 · 单色/灰度 · 漫画/多格,https://danbooru.donmai.us/artists/1251096
707629,hammer_(sunset_beach),5625,200,硬核R18,0.865,R18情色向画师,原创/同人混合,男性主体,裸体/暴露/手足/局部,漫画分镜,姿势/动态,touhou|monogatari_(series)|mario_(series),bar_censor touhou cum penis censored hetero clothed_female_nude_male cum_in_pussy,硬核R18 · R18情色向画师 · 裸体/暴露 · 手足/局部 · 漫画分镜 · 姿势/动态,https://danbooru.donmai.us/artists/707629
622805,inoino,4790,200,轻度色气,0.205,奇幻/魔法题材,同人为主,男性主体,体型特征/奇幻/魔法,,单人立绘,kouyoku_senki_exs-tia|himekishi_olivia,kouyoku_senki_exs-tia katsuragi_marina olivia_lindegald himekishi_olivia katsuragi_marina_(exs-tia_p) tachi-e transparent_background garzom_(exs-tia),奇幻/魔法题材 · 体型特征 · 奇幻/魔法 · 单人立绘 · 同人为主,https://danbooru.donmai.us/artists/622805
1016232,haruyama_kazunori,5282,200,全年龄向,0.005,综合向插画师,同人为主,群像/多人,泳装/内衣/奇幻/魔法,赛璐璐/平涂/单色/灰度,俯视/仰视,precure|tropical-rouge!_precure|healin'_good_precure,precure tropical-rouge!_precure retro_artstyle healin'_good_precure upskirt gegege_no_kitarou laura_la_mer white_panties,综合向插画师 · 泳装/内衣 · 奇幻/魔法 · 赛璐璐/平涂 · 俯视/仰视,https://danbooru.donmai.us/artists/1016232
522588,kanon_(kurogane_knights),4619,200,全年龄向,0.0,同人角色专精,同人为主,群像/多人,制服/职场/校园,,设定/图解,kantai_collection|umamusume|working!!,artist_logo one-hour_drawing_challenge kantai_collection logo dated anna_miller waitress shigure_(kancolle),同人角色专精 · 制服/职场 · 校园 · 设定/图解 · 同人为主,https://danbooru.donmai.us/artists/522588
1673299,kou_hiyoyo,4673,200,全年龄向,0.0,像素/复古画师,同人为主,群像/多人,自然/风景/兽人/furry,像素画/线稿/速写,漫画/多格,pokemon|hololive|umamusume,doily pixelated diagonal-striped_background twitter_username striped_background navel_poke depth_of_field tickling,像素/复古画师 · 自然/风景 · 兽人/furry · 像素画 · 漫画/多格,https://danbooru.donmai.us/artists/1673299
673513,rebecca_(keinelove),4399,200,全年龄向,0.0,百合专精,同人为主,非人物/静物,兽耳/亚人/配饰/首饰,漫画分镜,漫画/多格,zenless_zone_zero|bocchi_the_rock!|pokemon,ukinami_yuzuha alice_thymefield kamanosuke_(zenless_zone_zero) gotoh_hitori_(tsuchinoko) sphere_hair_ornament gotoh_hitori zenless_zone_zero bocchi_the_rock!,百合专精 · 兽耳/亚人 · 配饰/首饰 · 漫画分镜 · 漫画/多格,https://danbooru.donmai.us/artists/673513
1336926,ruu_(tksymkw),5892,200,全年龄向,0.0,同人角色专精,同人为主,女性主体,自然/风景/兽耳/亚人,,表情/表演,touhou|gochuumon_wa_usagi_desu_ka?|touhou_lostword,touhou one-hour_drawing_challenge depth_of_field skirt_set blurry mob_cap back_bow puffy_short_sleeves,同人角色专精 · 自然/风景 · 兽耳/亚人 · 表情/表演 · 同人为主,https://danbooru.donmai.us/artists/1336926
471872,yaegashi_nan,4599,200,全年龄向,0.135,综合向插画师,同人为主,群像/多人,体型特征/自然/风景,特效/后期,场景插画,senran_kagura|senran_kagura_new_link|evenicle,senran_kagura_new_link senran_kagura gurigura_(evenicle) evenicle evenicle_(series) senran_kagura_shinovi_nexus blood_type yumi_(senran_kagura),综合向插画师 · 体型特征 · 自然/风景 · 特效/后期 · 场景插画,https://danbooru.donmai.us/artists/471872
596701,mizuki_hitoshi,4382,200,全年龄向,0.0,漫画/剧情向,同人为主,群像/多人,和风/自然/风景,漫画分镜,漫画/多格,touhou|mahou_shoujo_madoka_magica|mahou_shoujo_madoka_magica_(anime),colored_speech_bubble tatara_kogasa artist_self-insert 4koma touhou shameimaru_aya kochiya_sanae frog_hair_ornament,漫画/剧情向 · 和风 · 自然/风景 · 漫画分镜 · 漫画/多格,https://danbooru.donmai.us/artists/596701
447855,kouji_(campus_life),4352,200,全年龄向,0.02,单色线稿派,同人为主,男性主体,神话/宗教/兽耳/亚人,单色/灰度/漫画分镜,漫画/多格,blue_archive|hololive|comiket_106,blue_archive shiroko_(blue_archive) maki_(blue_archive) halo cross_hair_ornament sensei_(blue_archive) blue_halo hifumi_(blue_archive),单色线稿派 · 神话/宗教 · 兽耳/亚人 · 单色/灰度 · 漫画/多格,https://danbooru.donmai.us/artists/447855
1337927,shiromochi_sakura,4076,200,全年龄向,0.015,同人角色专精,同人为主,女性主体,配饰/首饰/中式,,单人立绘,koi_suru_kokoro_to_mahou_no_kotoba|fate/grand_order|fate_(series),futaba_mikana koi_suru_kokoro_to_mahou_no_kotoba blue_scrunchie tachi-e parallel_hairclips transparent_background short_hair_with_long_locks hair_scrunchie,同人角色专精 · 配饰/首饰 · 中式 · 单人立绘 · 同人为主,https://danbooru.donmai.us/artists/1337927
1384204,naga_u,3885,200,轻度色气,0.22,兽耳/亚人专精,原创/同人混合,男性主体,兽耳/亚人/裸体/暴露,特效/后期/单色/灰度,漫画/多格,blue_archive|sekaiju_no_meikyuu|sekaiju_no_meikyuu_4,kemomimi-chan_(naga_u) suama-kun_(naga_u) sumomo_(blue_archive) sekaiju_no_meikyuu_4 sekaiju_no_meikyuu blue_archive bunny-san_(naga_u) iori_(blue_archive),兽耳/亚人专精 · 兽耳/亚人 · 裸体/暴露 · 特效/后期 · 漫画/多格,https://danbooru.donmai.us/artists/1384204
599716,tani_takeshi,3932,200,全年龄向,0.0,单色线稿派,同人为主,群像/多人,和风/奇幻/魔法,单色/灰度/漫画分镜,漫画/多格,mahoutsukai_linn_no_shiawase_na_kekkon|darkstalkers|civilization_(series),mahoutsukai_linn_no_shiawase_na_kekkon cress_de_rouen lyn_albell tetsuya_(mahoutsukai_linn_no_shiawase_na_kekkon) luminas_(mahoutsukai_linn_no_shiawase_na_kekkon) henried_socie_rouen shinji_(mahoutsukai_linn_no_shiawase_na_kekkon) marianne_teela_adelheid_rouen,单色线稿派 · 和风 · 奇幻/魔法 · 单色/灰度 · 漫画/多格,https://danbooru.donmai.us/artists/599716
1595746,hara_(harayutaka),3868,200,硬核R18,0.89,R18情色向画师,同人为主,女性主体,裸体/暴露/体型特征,赛璐璐/平涂/漫画分镜,姿势/动态,zenless_zone_zero|goddess_of_victory:_nikke|re:zero_kara_hajimeru_isekai_seikatsu,mosaic_censoring penis sex vaginal hetero censored goddess_of_victory:_nikke code_geass:_dakkan_no_roze,硬核R18 · R18情色向画师 · 裸体/暴露 · 体型特征 · 赛璐璐/平涂 · 姿势/动态,https://danbooru.donmai.us/artists/1595746
692831,matsunaga_kouyou,3556,200,全年龄向,0.005,原创角色设计师,原创为主,女性主体,泳装/内衣/校园,,俯视/仰视,comiket_108,split_mouth nose_blush buruma polka_dot_panties red_buruma white_panties pantyshot dot_mouth,原创角色设计师 · 泳装/内衣 · 校园 · 俯视/仰视 · 原创为主,https://danbooru.donmai.us/artists/692831
1474131,hiroki_(yyqw7151),3448,200,全年龄向,0.0,原创角色设计师,原创为主,群像/多人,校园/泳装/内衣,,俯视/仰视,,school_swimsuit blue_one-piece_swimsuit blurry_foreground one-piece_swimsuit_pull one-piece_swimsuit black_one-piece_swimsuit upshirt dressing,原创角色设计师 · 校园 · 泳装/内衣 · 俯视/仰视 · 原创为主,https://danbooru.donmai.us/artists/1474131
1293016,ojipon,3871,200,全年龄向,0.13,同人角色专精,同人为主,群像/多人,泳装/内衣/裸体/暴露,漫画分镜/单色/灰度,差分/变体,kantai_collection|lawson|umamusume,kantai_collection kinugasa_(kancolle) see-through_strap kinugasa_kai_ni_(kancolle) ooyodo_(kancolle) makigumo_(kancolle) watermark mamiya_(kancolle),同人角色专精 · 泳装/内衣 · 裸体/暴露 · 漫画分镜 · 差分/变体,https://danbooru.donmai.us/artists/1293016
1229939,blade_(galaxist),3211,200,情色向,0.17,原创角色设计师,原创为主,群像/多人,体型特征/裸体/暴露,线稿/速写/漫画分镜,姿势/动态,megami_device|zenless_zone_zero|genshin_impact,megami_device puni_mofu_mao big_daddy_(zenless_zone_zero) boar grey_helmet luciana_de_montefio bikini_armor partially_visible_vulva,情色向 · 原创角色设计师 · 体型特征 · 裸体/暴露 · 线稿/速写 · 姿势/动态,https://danbooru.donmai.us/artists/1229939
671132,bow_(bhp),3221,200,情色向,0.18,综合向插画师,同人为主,男性主体,裸体/暴露/体型特征,线稿/速写/素描/炭笔,姿势/动态,blue_archive|goddess_of_victory:_nikke|gundam,goddess_of_victory:_nikke blue_archive commander_(nikke) huge_breasts delta_(nikke) sensei_(blue_archive) nipples doodle_sensei_(blue_archive),情色向 · 综合向插画师 · 裸体/暴露 · 体型特征 · 线稿/速写 · 姿势/动态,https://danbooru.donmai.us/artists/671132
637501,onikobe_rin,3282,200,全年龄向,0.0,同人角色专精,同人为主,非人物/静物,兽耳/亚人/兽人/furry,单色/灰度,单人立绘,umamusume|umamusume:_cinderella_gray|pakatube,umamusume horse_girl horse_ears tracen_training_uniform horse_tail ear_covers watermark greyscale_with_colored_background,同人角色专精 · 兽耳/亚人 · 兽人/furry · 单色/灰度 · 单人立绘,https://danbooru.donmai.us/artists/637501
460654,pageratta,3572,200,全年龄向,0.0,单色线稿派,原创为主,群像/多人,军事/枪械/制服/职场,单色/灰度/漫画分镜,漫画/多格,pokemon|pokemon_champions|touhou,hinami_(pageratta) tsukino_(pageratta) white_hoodie spot_color 3koma orange_skirt comic hood_down,单色线稿派 · 军事/枪械 · 制服/职场 · 单色/灰度 · 漫画/多格,https://danbooru.donmai.us/artists/460654
465291,tony_taka,3177,200,轻度色气,0.12,综合向插画师,原创/同人混合,群像/多人,裸体/暴露/泳装/内衣,,姿势/动态,guilty_princess|fault!!|shining_(series),guilty_princess fault!! ping-yi_(tony_taka) jin-lian_(tony_taka) shining_(series) page_number zi_ling ccg_expo,综合向插画师 · 裸体/暴露 · 泳装/内衣 · 姿势/动态 · 原创/同人混合,https://danbooru.donmai.us/artists/465291
1247095,boris_(noborhys),3408,200,硬核R18,0.825,R18情色向画师,同人为主,男性主体,裸体/暴露/兽人/furry,线稿/速写/漫画分镜,姿势/动态,fire_emblem|fire_emblem_heroes|pokemon,fire_emblem_heroes fire_emblem bar_censor sakura_(priestess)_(fire_emblem) sakura_(fire_emblem) clair_(resplendent)_(fire_emblem) clair_(fire_emblem) neilnail_(xenoblade),硬核R18 · R18情色向画师 · 裸体/暴露 · 兽人/furry · 线稿/速写 · 姿势/动态,https://danbooru.donmai.us/artists/1247095
1314526,hana_kazari,3095,200,全年龄向,0.0,综合向插画师,同人为主,女性主体,神话/宗教/兽耳/亚人,线稿/速写,单人立绘,blue_archive|vrchat|rabbit_hole_(vocaloid),blue_archive white_outline outside_border ui_(blue_archive) white_border border outline ui_(swimsuit)_(blue_archive),综合向插画师 · 神话/宗教 · 兽耳/亚人 · 线稿/速写 · 单人立绘,https://danbooru.donmai.us/artists/1314526
2089176,a1_(initial-g),3124,200,情色向,0.32,综合向插画师,同人为主,群像/多人,泳装/内衣/体型特征,单色/灰度/漫画分镜,姿势/动态,girls_und_panzer|love_live!|love_live!_nijigasaki_high_school_idol_club,love_live!_nijigasaki_high_school_idol_club nishizumi_shiho ichijou_hotaru non_non_biyori nishikigi_chisato girls_und_panzer kirigaya_suguha hanami_ume,情色向 · 综合向插画师 · 泳装/内衣 · 体型特征 · 单色/灰度 · 姿势/动态,https://danbooru.donmai.us/artists/2089176
1433111,futa_(nabezoko),3096,200,轻度色气,0.18,漫画/剧情向,同人为主,群像/多人,裸体/暴露/日常/治愈,漫画分镜/单色/灰度,漫画/多格,touhou|touhou_arcadia_record|comiket_108,touhou usami_renko maribel_hearn watermark touhou_arcadia_record deformed comic mob_cap,漫画/剧情向 · 裸体/暴露 · 日常/治愈 · 漫画分镜 · 漫画/多格,https://danbooru.donmai.us/artists/1433111
482365,matsuo_yukihiro,3044,200,全年龄向,0.0,像素/复古画师,同人为主,男性主体,校园/战斗/动作,像素画,表情/表演,science_adventure|chaos;child|chaos;head,chaos;child kurusu_nono hekiho_academy_school_uniform science_adventure tachi-e transparent_background kishimoto_ayase chest_bow,像素/复古画师 · 校园 · 战斗/动作 · 像素画 · 表情/表演,https://danbooru.donmai.us/artists/482365
1436496,gomashio_(goma_feet),2980,200,全年龄向,0.0,同人角色专精,同人为主,非人物/静物,日常/治愈/兽耳/亚人,单色/灰度/漫画分镜,漫画/多格,umamusume|touhou|pakatube,umamusume |_| chibi_only horse_girl horse_ears no_mouth cheval_grand_(umamusume) horse_tail,同人角色专精 · 日常/治愈 · 兽耳/亚人 · 单色/灰度 · 漫画/多格,https://danbooru.donmai.us/artists/1436496
398781,yohane,3002,200,全年龄向,0.0,单色线稿派,同人为主,群像/多人,体型特征/自然/风景,单色/灰度/漫画分镜,漫画/多格,touhou,touhou yasaka_kanako shanghai_doll aki_minoriko moriya_suwako monochrome yagokoro_eirin missing_headwear,单色线稿派 · 体型特征 · 自然/风景 · 单色/灰度 · 漫画/多格,https://danbooru.donmai.us/artists/398781
1460611,chihuri,2963,200,全年龄向,0.0,原创角色设计师,原创/同人混合,男性主体,自然/风景/都市/街景,漫画分镜/单色/灰度,漫画/多格,final_fantasy|final_fantasy_xiv|elden_ring,nea_(chihuri) ende_(chihuri) final_fantasy_xiv zephirin_de_valhourdin final_fantasy warrior_of_light_(ff14) au_ra axolotl,原创角色设计师 · 自然/风景 · 都市/街景 · 漫画分镜 · 漫画/多格,https://danbooru.donmai.us/artists/1460611
513917,saitou_natsuki,2958,200,情色向,0.445,奇幻/魔法题材,同人为主,女性主体,奇幻/魔法/裸体/暴露,,俯视/仰视,mahou_senshi_(series)|mahou_senshi_elixir_knights|mahou_senshi_symphonic_knights,mahou_senshi_(series) 2000s_(style) mahou_senshi_elixir_knights mahou_senshi_symphonic_knights kourin_tenshi_en_ciel_rena yurise_ririna magical_girl tachibana_arisu_(mahou_senshi),情色向 · 奇幻/魔法题材 · 奇幻/魔法 · 裸体/暴露 · 俯视/仰视 · 同人为主,https://danbooru.donmai.us/artists/513917
381829,ixy,3024,200,全年龄向,0.0,综合向插画师,同人为主,男性主体,音乐/偶像/神话/宗教,线稿/速写,肖像/半身,blue_archive|hololive|vocaloid,hololive white_pupils bright_pupils blue_archive virtual_youtuber bocchi_the_rock! halo cat_ear_headphones,综合向插画师 · 音乐/偶像 · 神话/宗教 · 线稿/速写 · 肖像/半身,https://danbooru.donmai.us/artists/381829
1266453,ido_(teketeke),2943,200,全年龄向,0.0,漫画/剧情向,同人为主,群像/多人,校园/恋爱/情感,漫画分镜,漫画/多格,umamusume|occult_times|sylvanian_families,trainer_(umamusume) umamusume horse_girl horse_ears tracen_school_uniform symboli_rudolf_(umamusume) gentildonna_(umamusume) horse_tail,漫画/剧情向 · 校园 · 恋爱/情感 · 漫画分镜 · 漫画/多格,https://danbooru.donmai.us/artists/1266453
1442902,mitarashi_neko,2911,200,全年龄向,0.0,综合向插画师,同人为主,群像/多人,兽耳/亚人/军事/枪械,漫画分镜,漫画/多格,idolmaster|idolmaster_cinderella_girls|hololive,idolmaster_cinderella_girls tachibana_arisu 0_0 in_cup idolmaster sagisawa_fumika in_container minigirl,综合向插画师 · 兽耳/亚人 · 军事/枪械 · 漫画分镜 · 漫画/多格,https://danbooru.donmai.us/artists/1442902
714124,hews,2910,200,情色向,0.485,传统手绘媒介,同人为主,男性主体,裸体/暴露/日常/治愈,单色/灰度/线稿/速写,俯视/仰视,kaoru_hana_wa_rin_to_saku|umamusume|arknights,waguri_kaoruko kaoru_hana_wa_rin_to_saku kikyo_private_academy_school_uniform sketch inverted_nipples greyscale umamusume uncensored,情色向 · 传统手绘媒介 · 裸体/暴露 · 日常/治愈 · 单色/灰度 · 俯视/仰视,https://danbooru.donmai.us/artists/714124
681282,bb_(baalbuddy),2977,200,全年龄向,0.015,奇幻/魔法题材,原创/同人混合,群像/多人,奇幻/魔法/体型特征,单色/灰度/漫画分镜,表情/表演,dungeons_&_dragons|fate/grand_order|fate_(series),greyscale english_text monochrome dwarf beard_stubble orc facial_hair stubble,奇幻/魔法题材 · 奇幻/魔法 · 体型特征 · 单色/灰度 · 表情/表演,https://danbooru.donmai.us/artists/681282
387037,huke,2841,200,全年龄向,0.0,像素/复古画师,同人为主,男性主体,角色扮演/异装/手足/局部,像素画,表情/表演,science_adventure|steins;gate|steins;gate_0,amane_yuki steins;gate_0 steins;gate science_adventure dress_vest tachi-e transparent_background ringed_eyes,像素/复古画师 · 角色扮演/异装 · 手足/局部 · 像素画 · 表情/表演,https://danbooru.donmai.us/artists/387037
1311231,m-da_s-tarou,2968,200,硬核R18,0.825,R18情色向画师,同人为主,男性主体,裸体/暴露/体型特征,单色/灰度/线稿/速写,姿势/动态,genshin_impact|zenless_zone_zero|fate_(series),genshin_impact penis green_visor_cap shigure_ui_(young)_(vtuber) ukinami_yuzuha furina_(genshin_impact) lumine_(genshin_impact) bar_censor,硬核R18 · R18情色向画师 · 裸体/暴露 · 体型特征 · 单色/灰度 · 姿势/动态,https://danbooru.donmai.us/artists/1311231
1601200,hungry_clicker,2887,200,全年龄向,0.0,综合向插画师,同人为主,男性主体,BL/腐向/体型特征,单色/灰度,肖像/半身,street_fighter|street_fighter_6|guilty_gear,street_fighter_6 street_fighter guilty_gear guilty_gear_strive pokemon_tcg card_(medium) evolution_championship_series fatal_fury,综合向插画师 · BL/腐向 · 体型特征 · 单色/灰度 · 肖像/半身,https://danbooru.donmai.us/artists/1601200
1646286,sincos,2775,200,硬核R18,0.93,R18情色向画师,同人为主,男性主体,裸体/暴露/体型特征,赛璐璐/平涂/漫画分镜,姿势/动态,idolmaster|kanan-sama_wa_akumade_choroi|idolmaster_shiny_colors,fat_man fat bar_censor penis stomach_hair ichijouma_mankitsu_gurashi! sex hairy,硬核R18 · R18情色向画师 · 裸体/暴露 · 体型特征 · 赛璐璐/平涂 · 姿势/动态,https://danbooru.donmai.us/artists/1646286
728028,dd_(ijigendd),2757,200,情色向,0.495,原创角色设计师,原创为主,女性主体,裸体/暴露/体型特征,,姿势/动态,kantai_collection,kantai_collection mosaic_censoring asashio_(kancolle) loli pussy censored nipples anus,情色向 · 原创角色设计师 · 裸体/暴露 · 体型特征 · 姿势/动态 · 原创为主,https://danbooru.donmai.us/artists/728028
1639152,mizumizuni,2740,200,硬核R18,1.0,R18情色向画师,同人为主,女性主体,裸体/暴露/兽耳/亚人,漫画分镜,单人立绘,fate/grand_order|fate_(series)|en'en_no_shouboutai,saliva_on_penis deepthroat large_penis bar_censor irrumatio fellatio penis oral,硬核R18 · R18情色向画师 · 裸体/暴露 · 兽耳/亚人 · 漫画分镜 · 单人立绘,https://danbooru.donmai.us/artists/1639152
1543884,nyantcha,2825,200,硬核R18,0.67,R18情色向画师,原创/同人混合,群像/多人,裸体/暴露/体型特征,漫画分镜/单色/灰度,俯视/仰视,mega_man_(series)|mega_man_zx|zenless_zone_zero,aile_(mega_man_zx) mega_man_zx scanlines interracial very_dark_skin mega_man_(series) robot_ears blacked_female,硬核R18 · R18情色向画师 · 裸体/暴露 · 体型特征 · 漫画分镜 · 俯视/仰视,https://danbooru.donmai.us/artists/1543884
678454,tsukudani_(coke-buta),2730,200,轻度色气,0.195,原创角色设计师,原创为主,男性主体,裸体/暴露/手足/局部,单色/灰度/线稿/速写,肖像/半身,helltaker|dragon_quest|brand_new_animal,tsurime-chan dated araiguma-san tsukudani-chan helltaker very_short_hair female_pubic_hair signature,原创角色设计师 · 裸体/暴露 · 手足/局部 · 单色/灰度 · 肖像/半身,https://danbooru.donmai.us/artists/678454
620931,dagasi,2798,200,硬核R18,0.93,兽耳/亚人专精,同人为主,群像/多人,裸体/暴露/兽人/furry,,姿势/动态,pokemon|zenless_zone_zero|onii-chan_wa_oshimai!,furry_female furry body_fur uncensored interspecies furry_with_furry loli furry_with_non-furry,硬核R18 · 兽耳/亚人专精 · 裸体/暴露 · 兽人/furry · 姿势/动态 · 同人为主,https://danbooru.donmai.us/artists/620931
402952,drawfag,2706,200,轻度色气,0.1,机甲/军事题材,原创/同人混合,群像/多人,军事/枪械/裸体/暴露,单色/灰度/线稿/速写,差分/变体,mega_man_(classic)|mega_man_(series)|pokemon,russo-ukrainian_war buhanka-chan z_(russian_symbol) lerochka roll_(mega_man) marichka alpha_(alpha_1918) mega_man_(classic),机甲/军事题材 · 军事/枪械 · 裸体/暴露 · 单色/灰度 · 差分/变体,https://danbooru.donmai.us/artists/402952
383249,hisahiko,2782,200,轻度色气,0.125,日常/治愈系,同人为主,群像/多人,日常/治愈/裸体/暴露,漫画分镜/单色/灰度,漫画/多格,umamusume|kantai_collection|dragon_quest,rice_shower_(umamusume) recipe tracen_school_uniform oguri_cap_(umamusume) umamusume tamamo_cross_(umamusume) horse_girl horse_ears,日常/治愈系 · 日常/治愈 · 裸体/暴露 · 漫画分镜 · 漫画/多格,https://danbooru.donmai.us/artists/383249
908467,minaba_hideo,2671,200,全年龄向,0.0,日常/治愈系,同人为主,男性主体,BL/腐向/军事/枪械,,姿势/动态,granblue_fantasy|granblue_fantasy_versus:_rising|shingeki_no_bahamut,granblue_fantasy erune transparent_background draph granblue_fantasy_versus:_rising sandalphon_(granblue_fantasy) indala_(granblue_fantasy) payila_(granblue_fantasy),日常/治愈系 · BL/腐向 · 军事/枪械 · 姿势/动态 · 同人为主,https://danbooru.donmai.us/artists/908467
1254914,kirisawa_juuzou,2669,200,全年龄向,0.005,单色线稿派,同人为主,群像/多人,和风/日常/治愈,线稿/速写/单色/灰度,差分/变体,kantai_collection|tokyo_afterschool_summoners|hiroshima_touyou_carp,jingei_(kancolle) kantai_collection chougei_(kancolle) whale_hair_ornament kirisawa_juuzou_(character) dated hair_flaps akagi_(kancolle),单色线稿派 · 和风 · 日常/治愈 · 线稿/速写 · 差分/变体,https://danbooru.donmai.us/artists/1254914
1418555,ramchi,2755,200,轻度色气,0.05,原创角色设计师,原创为主,女性主体,泳装/内衣/裸体/暴露,漫画分镜,姿势/动态,idolmaster|gakuen_idolmaster|idolmaster_cinderella_girls,colored_speech_bubble motherly-chan_(ramchi) gakuen_idolmaster censored_nipples black_hair_twintail-chan_(ramchi) raised_inner_eyebrows small_sweatdrop idolmaster,原创角色设计师 · 泳装/内衣 · 裸体/暴露 · 漫画分镜 · 姿势/动态,https://danbooru.donmai.us/artists/1418555
596456,zounose,2660,200,全年龄向,0.0,同人角色专精,同人为主,群像/多人,和风/自然/风景,单色/灰度/漫画分镜,漫画/多格,touhou|touhou_lostword|pokemon,touhou yasaka_kanako page_number moriya_suwako yuiman_asama touhou_lostword iwanaga_ariya fiery_wings,同人角色专精 · 和风 · 自然/风景 · 单色/灰度 · 漫画/多格,https://danbooru.donmai.us/artists/596456
478269,takafumi,2638,200,全年龄向,0.005,原创角色设计师,原创为主,男性主体,泳装/内衣/体育/运动,光影/氛围,设定/图解,blue_archive|lycoris_recoil|toji_no_miko,competition_swimsuit highleg_one-piece_swimsuit multicolored_swimsuit striped_one-piece_swimsuit string_of_flags glass_ceiling lane_line highleg,原创角色设计师 · 泳装/内衣 · 体育/运动 · 光影/氛围 · 设定/图解,https://danbooru.donmai.us/artists/478269
444352,qp:flapper,2637,200,全年龄向,0.0,同人角色专精,同人为主,女性主体,校园/日常/治愈,,单人立绘,girlfriend_(kari)|ongeki|sega,girlfriend_(kari) card_(medium) shiranui_isuzu ukihashi_asuka character_name makise_subaru asato_kasuga naoe_yu,同人角色专精 · 校园 · 日常/治愈 · 单人立绘 · 同人为主,https://danbooru.donmai.us/artists/444352
1439742,tsuruse,2616,200,全年龄向,0.0,原创角色设计师,原创为主,男性主体,BL/腐向/日常/治愈,漫画分镜/单色/灰度,漫画/多格,utatane_production|sakura_no_sekai|indie_virtual_youtuber,doctor_lunatic_(tsuruse) fusou_neon_(tsuruse) mizuminase_yuko_(tsuruse) kyougoku_shigure_(tsuruse) grey_vest lab_coat comic hooded_jacket,原创角色设计师 · BL/腐向 · 日常/治愈 · 漫画分镜 · 漫画/多格,https://danbooru.donmai.us/artists/1439742
1479489,horosuke,2585,200,硬核R18,0.93,奇幻/魔法题材,同人为主,群像/多人,裸体/暴露/恐怖/猎奇,,姿势/动态,fate_(series)|fate/grand_order|blue_archive,mechanical_tentacles restrained choukou_taisen_escalation_heroines choukou_(alicesoft) sex_machine stationary_restraints distorted_halo captured,硬核R18 · 奇幻/魔法题材 · 裸体/暴露 · 恐怖/猎奇 · 姿势/动态 · 同人为主,https://danbooru.donmai.us/artists/1479489
1754482,colorful_palette,2649,200,全年龄向,0.0,日常/治愈系,同人为主,男性主体,音乐/偶像/BL/腐向,,俯视/仰视,project_sekai|vocaloid|yoidore_shirazu_(vocaloid),project_sekai dot_nose vocaloid great_yell_for_dreamers!_(project_sekai) triangle official_alternate_hair_ornament again_and_again_ambition!_(project_sekai) kimi_no_tonari_kimi_to_miru_ashita_(project_sekai),日常/治愈系 · 音乐/偶像 · BL/腐向 · 俯视/仰视 · 同人为主,https://danbooru.donmai.us/artists/1754482
2359760,youyume-kun,2604,200,情色向,0.47,同人角色专精,同人为主,男性主体,裸体/暴露/手足/局部,漫画分镜/单色/灰度,姿势/动态,touhou|vocaloid|voiceroid,touhou ring_light_reflection konpaku_youmu konpaku_youmu_(ghost) interracial mosaic_censoring dark-skinned_male frilled_hair_tubes,情色向 · 同人角色专精 · 裸体/暴露 · 手足/局部 · 漫画分镜 · 姿势/动态,https://danbooru.donmai.us/artists/2359760
381943,namori,2559,200,全年龄向,0.0,同人角色专精,同人为主,群像/多人,校园/日常/治愈,单色/灰度,肖像/半身,yuruyuri|oomuro-ke|sanrio,yuruyuri nanamori_school_uniform oomuro_sakurako brown_sailor_collar sugiura_ayano toshinou_kyouko funami_yui ikeda_chitose,同人角色专精 · 校园 · 日常/治愈 · 单色/灰度 · 肖像/半身,https://danbooru.donmai.us/artists/381943
2497,carnelian,2542,200,轻度色气,0.1,综合向插画师,同人为主,男性主体,裸体/暴露/和风,线稿/速写/单色/灰度,肖像/半身,kao_no_nai_tsuki|kantai_collection|yami_to_boushi_to_hon_no_tabibito,kao_no_nai_tsuki kuraki_suzuna dakimakura_(medium) yami_to_boushi_to_hon_no_tabibito 2000s_(style) hair_spread_out lilith_(yamibou) shikishi,综合向插画师 · 裸体/暴露 · 和风 · 线稿/速写 · 肖像/半身,https://danbooru.donmai.us/artists/2497
2358120,kato_takuji,2500,200,全年龄向,0.005,机甲/军事题材,原创为主,非人物/静物,科幻/机甲/军事/枪械,单色/灰度/漫画分镜,漫画/多格,ma_no_mono-tachi|mechanical_buddy_universe|alice_gear_aegis,pet_robot_hunter_(kato_takuji) mechanical_buddy_universe ma_no_mono-tachi sanshita_gyaru_(kato_takuji) expressionless_kouhai_(kato_takuji) science_fiction robot enhanced_mesugaki_soldier_(kato_takuji),机甲/军事题材 · 科幻/机甲 · 军事/枪械 · 单色/灰度 · 漫画/多格,https://danbooru.donmai.us/artists/2358120
444122,houtengeki,2472,200,全年龄向,0.03,原创角色设计师,原创为主,女性主体,体型特征/奇幻/魔法,赛璐璐/平涂/线稿/速写,俯视/仰视,granblue_fantasy|zenless_zone_zero|touhou,flat_color bastet_(houtengeki) granblue_fantasy danua draph shayna_rohdea cerberus_(houtengeki) tiger_girl_(houtengeki),原创角色设计师 · 体型特征 · 奇幻/魔法 · 赛璐璐/平涂 · 俯视/仰视,https://danbooru.donmai.us/artists/444122
1245109,rariatto_(ganguri),2546,200,全年龄向,0.065,综合向插画师,同人为主,群像/多人,奇幻/魔法/体型特征,单色/灰度/漫画分镜,漫画/多格,noss_&_zakuro|marvel|dc_comics,noss_&_zakuro noss_(rariatto) zakuro_(rariatto) jaggy_lines long_fingers vampire glasgow_smile rudy_(rariatto),综合向插画师 · 奇幻/魔法 · 体型特征 · 单色/灰度 · 漫画/多格,https://danbooru.donmai.us/artists/1245109
533960,abubu,2511,200,硬核R18,0.63,日常/治愈系,原创为主,群像/多人,裸体/暴露/战斗/动作,单色/灰度/漫画分镜,漫画/多格,mahou_shoujo_madoka_magica|mahou_shoujo_madoka_magica_(anime)|vocaloid,elizabeth_(abubu) may_(abubu) witch's_labyrinth bandaged_waist mahou_shoujo_madoka_magica_(anime) witch_(madoka_magica) tomoe_mami pubic_hair,硬核R18 · 日常/治愈系 · 裸体/暴露 · 战斗/动作 · 单色/灰度 · 漫画/多格,https://danbooru.donmai.us/artists/533960
591362,warugaki_(sk-ii),2458,200,全年龄向,0.0,单色线稿派,同人为主,群像/多人,和风/军事/枪械,单色/灰度/漫画分镜,漫画/多格,touhou|marvel|iron_man_(series),touhou haniyasushin_keiki konpaku_youmu haniwa_(statue) single_strap wolf_spirit_(touhou) joutouguu_mayumi iron_man_(series),单色线稿派 · 和风 · 军事/枪械 · 单色/灰度 · 漫画/多格,https://danbooru.donmai.us/artists/591362
1591110,nanashi_(nlo),2453,200,情色向,0.16,单色线稿派,同人为主,女性主体,裸体/暴露/兽耳/亚人,单色/灰度,姿势/动态,hololive|hololive_dev_is|hololive_english,hololive himemori_luna virtual_youtuber greyscale monochrome hololive_dev_is himemori_luna_(streetwear) nipples,情色向 · 单色线稿派 · 裸体/暴露 · 兽耳/亚人 · 单色/灰度 · 姿势/动态,https://danbooru.donmai.us/artists/1591110
1239486,hamu_koutarou,2440,200,全年龄向,0.0,日常/治愈系,同人为主,群像/多人,日常/治愈/校园,漫画分镜,漫画/多格,umamusume|kantai_collection|blue_archive,umamusume horse_girl full_page_comic ear_ornament horse_ears horse_tail tracen_training_uniform tracen_school_uniform,日常/治愈系 · 日常/治愈 · 校园 · 漫画分镜 · 漫画/多格,https://danbooru.donmai.us/artists/1239486
1029019,kani_biimu,2442,200,轻度色气,0.06,百合专精,同人为主,双人/CP,校园/泳装/内衣,漫画分镜/单色/灰度,俯视/仰视,blue_archive|sono_hanabira_ni_kuchizuke_wo|comiket_103,sono_hanabira_ni_kuchizuke_wo st._michael's_school_uniform ayase_miya azumi_risa shimotsuki_potofu kawamura_reo sawaguchi_mai blue_archive,百合专精 · 校园 · 泳装/内衣 · 漫画分镜 · 俯视/仰视,https://danbooru.donmai.us/artists/1029019
377037,kantoku,2464,200,全年龄向,0.02,日常/治愈系,原创/同人混合,群像/多人,自然/风景/泳装/内衣,单色/灰度/漫画分镜,俯视/仰视,sasaki_to_p-chan|hentai_ouji_to_warawanai_neko.|henjin_no_salad_bowl,sasaki_to_p-chan shizuku_(kantoku) otonari-san_(sasaki_to_p-chan) sasaki_(sasaki_to_p-chan) futarishizuka_(sasaki_to_p-chan) kurumi_(kantoku) p-chan_(sasaki_to_p-chan) hoshizaki_(sasaki_to_p-chan),日常/治愈系 · 自然/风景 · 泳装/内衣 · 单色/灰度 · 俯视/仰视,https://danbooru.donmai.us/artists/377037
401466,rokugou_daisuke,2406,200,全年龄向,0.0,同人角色专精,同人为主,群像/多人,兽耳/亚人/和风,线稿/速写/特效/后期,单人立绘,touhou|trickcal|rance_(series),chibi_only touhou signature chibi skirt_set rumia kudamaki_tsukasa dot_nose,同人角色专精 · 兽耳/亚人 · 和风 · 线稿/速写 · 单人立绘,https://danbooru.donmai.us/artists/401466
598381,slugbox,2406,200,情色向,0.245,兽耳/亚人专精,原创/同人混合,群像/多人,体型特征/兽人/furry,线稿/速写/漫画分镜,姿势/动态,pokemon|animal_crossing|darkstalkers,cteno_(slugbox) head_arms attribute_slider furry_female r._blackriver_agogo furry snout nellko_agogo,情色向 · 兽耳/亚人专精 · 体型特征 · 兽人/furry · 线稿/速写 · 姿势/动态,https://danbooru.donmai.us/artists/598381
1495171,maru_(marg0613),2374,200,全年龄向,0.015,同人角色专精,同人为主,女性主体,体型特征/泳装/内衣,,姿势/动态,kantai_collection|blue_archive|neon_genesis_evangelion,one-hour_drawing_challenge kantai_collection twitter_username dated loli cow_tail cow_print_bikini cow_print_gloves,同人角色专精 · 体型特征 · 泳装/内衣 · 姿势/动态 · 同人为主,https://danbooru.donmai.us/artists/1495171
1804482,ebora,2395,200,硬核R18,0.62,R18情色向画师,同人为主,男性主体,裸体/暴露/体型特征,赛璐璐/平涂,姿势/动态,fate_(series)|fate/grand_order|pokemon,fate/grand_order fate_(series) nyanko_daisensou uncensored sex melusoy_(ebora) large_areolae cum,硬核R18 · R18情色向画师 · 裸体/暴露 · 体型特征 · 赛璐璐/平涂 · 姿势/动态,https://danbooru.donmai.us/artists/1804482
1409482,avogado6,2426,200,全年龄向,0.0,原创角色设计师,原创为主,男性主体,自然/风景/都市/街景,抽象/几何/单色/灰度,场景插画,utau|debit_bit_(utau)|kaidenwa_(cevio),calogado utau symbolism surreal other_focus multiple_others wide_shot calogado_(yamai),原创角色设计师 · 自然/风景 · 都市/街景 · 抽象/几何 · 场景插画,https://danbooru.donmai.us/artists/1409482
474431,milkpanda,2389,200,全年龄向,0.0,单色线稿派,同人为主,群像/多人,校园/泳装/内衣,线稿/速写/特效/后期,差分/变体,monster_hunter_(series)|voiceroid|cevio,arzuros chibi_only cevio white_outline monster_hunter_(series) voiceroid vegapunk_lilith outline,单色线稿派 · 校园 · 泳装/内衣 · 线稿/速写 · 差分/变体,https://danbooru.donmai.us/artists/474431
1424197,yukie_(kusaka_shi),2354,200,全年龄向,0.0,日常/治愈系,同人为主,群像/多人,日常/治愈/神话/宗教,漫画分镜/特效/后期,漫画/多格,blue_archive|zenless_zone_zero|idolmaster,blue_archive sensei_(blue_archive) halo zenless_zone_zero comiket_107 aris_(blue_archive) anby_demara ^_^,日常/治愈系 · 日常/治愈 · 神话/宗教 · 漫画分镜 · 漫画/多格,https://danbooru.donmai.us/artists/1424197
474302,ichimi,2370,200,全年龄向,0.0,百合专精,同人为主,群像/多人,兽耳/亚人/百合/GL,单色/灰度/漫画分镜,漫画/多格,cho_kaguya-hime!|hololive|kantai_collection,sakayori_iroha cho_kaguya-hime! minato_aqua nekomata_okayu kaguya_(cho_kaguya-hime!) kita_ikuyo koto_satsuki amaori_renako,百合专精 · 兽耳/亚人 · 百合/GL · 单色/灰度 · 漫画/多格,https://danbooru.donmai.us/artists/474302
1610723,gweda,2336,200,硬核R18,1.0,R18情色向画师,同人为主,女性主体,裸体/暴露/日常/治愈,特效/后期,姿势/动态,zenless_zone_zero|honkai:_star_rail|honkai_(series),mosaic_censoring sex vaginal penis clitoral_hood pussy testicles hetero,硬核R18 · R18情色向画师 · 裸体/暴露 · 日常/治愈 · 特效/后期 · 姿势/动态,https://danbooru.donmai.us/artists/1610723
1332004,iesupa,2301,200,全年龄向,0.0,同人角色专精,同人为主,群像/多人,角色扮演/异装/自然/风景,漫画分镜,差分/变体,rwby|hololive|hololive_english,rwby weiss_schnee ruby_rose scar_across_eye blake_belladonna yang_xiao_long scar_on_face scar,同人角色专精 · 角色扮演/异装 · 自然/风景 · 漫画分镜 · 差分/变体,https://danbooru.donmai.us/artists/1332004
1269556,neocoill,2289,200,硬核R18,0.78,R18情色向画师,同人为主,群像/多人,裸体/暴露/体型特征,,姿势/动态,boku_no_hero_academia|one-punch_man|sousou_no_frieren,patreon_logo patreon_username web_address uncensored boku_no_hero_academia penis jowol artist_name,硬核R18 · R18情色向画师 · 裸体/暴露 · 体型特征 · 姿势/动态 · 同人为主,https://danbooru.donmai.us/artists/1269556
713087,hisona_(suaritesumi),2354,200,全年龄向,0.0,单色线稿派,同人为主,群像/多人,兽耳/亚人/和风,单色/灰度/漫画分镜,漫画/多格,touhou|reitaisai|fossilized_wonders,niwatari_kutaka touhou bird_on_head michigami_nareko key_earrings animal_on_head triangle_facial_mark yuiman_asama,单色线稿派 · 兽耳/亚人 · 和风 · 单色/灰度 · 漫画/多格,https://danbooru.donmai.us/artists/713087
530745,koyama_shigeru,2288,200,全年龄向,0.02,日常/治愈系,同人为主,群像/多人,都市/街景/和风,漫画分镜/单色/灰度,漫画/多格,touhou|touhou_(pc-98)|coca-cola,maribel_hearn usami_renko touhou mob_cap reisen_udongein_inaba doremy_sweet fedora houraisan_kaguya,日常/治愈系 · 都市/街景 · 和风 · 漫画分镜 · 漫画/多格,https://danbooru.donmai.us/artists/530745
1388568,jun_(navigavi),2592,200,全年龄向,0.005,奇幻/魔法题材,原创为主,男性主体,奇幻/魔法/战斗/动作,单色/灰度/特效/后期,肖像/半身,ganbare_douki-chan|genshin_impact|the_legend_of_zelda,nose fantasy nose_shade little_sister_(navigavi) eyelashes big_sister_(navigavi) scoop_neck ganbare_douki-chan,奇幻/魔法题材 · 奇幻/魔法 · 战斗/动作 · 单色/灰度 · 肖像/半身,https://danbooru.donmai.us/artists/1388568
494448,torotei,2273,200,轻度色气,0.01,原创角色设计师,原创为主,群像/多人,泳装/内衣/手足/局部,单色/灰度/漫画分镜,俯视/仰视,gegege_no_kitarou|futaba_channel|os-tan,backbeako_(torotei) backbeard kono_lolicon_domome gegege_no_kitarou web_address dated blue_theme imageboard_colors,原创角色设计师 · 泳装/内衣 · 手足/局部 · 单色/灰度 · 俯视/仰视,https://danbooru.donmai.us/artists/494448
398665,izumi_tsubasu,2262,200,全年龄向,0.0,像素/复古画师,同人为主,群像/多人,音乐/偶像/和风,特效/后期/光影/氛围,俯视/仰视,re:stage!|9-nine-|summer_pockets,re:stage! film_grain sample_watermark 9-nine- copyright_notice dot_nose furumi_chie shikimiya_mana,像素/复古画师 · 音乐/偶像 · 和风 · 特效/后期 · 俯视/仰视,https://danbooru.donmai.us/artists/398665
1444568,tsukishiro_saika,2373,200,轻度色气,0.36,兽耳/亚人专精,同人为主,男性主体,兽人/furry/自然/风景,单色/灰度,表情/表演,pokemon|pokemon_x_and_y|fire_emblem,pokemon serena_(pokemon) bruise bruise_on_leg fire_emblem_engage injury pokemon_x_and_y bruise_on_face,兽耳/亚人专精 · 兽人/furry · 自然/风景 · 单色/灰度 · 表情/表演,https://danbooru.donmai.us/artists/1444568
471579,shino_(ponjiyuusu),2248,200,全年龄向,0.0,同人角色专精,同人为主,群像/多人,音乐/偶像/校园,漫画分镜/单色/灰度,漫画/多格,umamusume|azumanga_daioh|pakatube,tracen_school_uniform stand-up_comedy komakasugite_tsutawaranai_monomane_senshuken umamusume horse_ears horse_girl winter_uniform ear_covers,同人角色专精 · 音乐/偶像 · 校园 · 漫画分镜 · 漫画/多格,https://danbooru.donmai.us/artists/471579
1427127,shiseki_hirame,2414,200,情色向,0.165,综合向插画师,同人为主,男性主体,军事/枪械/裸体/暴露,单色/灰度/漫画分镜,漫画/多格,fate_(series)|fate/grand_order|blue_archive,fujimaru_ritsuka_(male) grabbing_another's_breast fate/grand_order fate_(series) groping disembodied_hand aesc_(fate) aesc_(savior)_(fate),情色向 · 综合向插画师 · 军事/枪械 · 裸体/暴露 · 单色/灰度 · 漫画/多格,https://danbooru.donmai.us/artists/1427127
1273682,yua_(checkmate),2242,200,全年龄向,0.075,综合向插画师,同人为主,群像/多人,校园/兽耳/亚人,单色/灰度/漫画分镜,漫画/多格,kantai_collection|blue_archive|nier:automata,hayase_ruriko_(yua) kamio_reiji_(yua) kantai_collection dog_tags inazuma_(kancolle) kohaku_(yua) suzuya_(kancolle) akatsuki_(kancolle),综合向插画师 · 校园 · 兽耳/亚人 · 单色/灰度 · 漫画/多格,https://danbooru.donmai.us/artists/1273682
397061,tsunako,2233,200,全年龄向,0.0,日常/治愈系,同人为主,群像/多人,日常/治愈/校园,漫画分镜/赛璐璐/平涂,漫画/多格,date_a_live|neptune_(series)|ou-sama_no_propose,date_a_live yatogami_tohka ou-sama_no_propose novel_cover tokisaki_kurumi date_a_live:_spirit_pledge yatogami_tohka_(spirit) choushinjiku_game_neptune_unlimited,日常/治愈系 · 日常/治愈 · 校园 · 漫画分镜 · 漫画/多格,https://danbooru.donmai.us/artists/397061
500055,gonzarez,2232,200,全年龄向,0.0,兽耳/亚人专精,同人为主,群像/多人,兽人/furry/体型特征,,差分/变体,pokemon|xenoblade_chronicles_(series)|xenoblade_chronicles_2,xenoblade_chronicles_2 xenoblade_chronicles_(series) core_crystal_(xenoblade) pokemon_masters_ex mythra_(xenoblade) pyra_(xenoblade) pokemon fire_emblem,兽耳/亚人专精 · 兽人/furry · 体型特征 · 差分/变体 · 同人为主,https://danbooru.donmai.us/artists/500055
1371971,sofra,2259,200,全年龄向,0.0,像素/复古画师,原创/同人混合,男性主体,校园/日常/治愈,单色/灰度/线稿/速写,肖像/半身,indie_virtual_youtuber|nijisanji|honkai:_star_rail,twitter_username watermark signature puffy_long_sleeves art_tools_in_frame ibara_muan virtual_youtuber nijisanji,像素/复古画师 · 校园 · 日常/治愈 · 单色/灰度 · 肖像/半身,https://danbooru.donmai.us/artists/1371971
1990846,kouno_(masao),2222,200,情色向,0.095,原创角色设计师,原创为主,男性主体,体型特征/裸体/暴露,,姿势/动态,touhou|pokemon|tsukihime,curvy huge_breasts plump gigantic_breasts thick_thighs two-tone_background nipples huge_ass,情色向 · 原创角色设计师 · 体型特征 · 裸体/暴露 · 姿势/动态 · 原创为主,https://danbooru.donmai.us/artists/1990846
710188,usashiro_mani,2203,200,全年龄向,0.01,综合向插画师,同人为主,群像/多人,校园/兽耳/亚人,单色/灰度/漫画分镜,肖像/半身,harem_futago_lolita|gekkan_uribou_zakka-ten|dot_abyss,harem_futago_lolita tomari_(harem_futago_lolita) yume_kawaii sunao_(harem_futago_lolita) orange_pajamas tachi-e transparent_background orange_hoodie,综合向插画师 · 校园 · 兽耳/亚人 · 单色/灰度 · 肖像/半身,https://danbooru.donmai.us/artists/710188
636643,anti_(untea9),2251,200,全年龄向,0.0,同人角色专精,同人为主,女性主体,角色扮演/异装/和风,漫画分镜,差分/变体,kantai_collection|umamusume|dragon_quest,kantai_collection twitter_username barmaid dirndl german_clothes gradient_background vietnamese_clothes ao_dai,同人角色专精 · 角色扮演/异装 · 和风 · 漫画分镜 · 差分/变体,https://danbooru.donmai.us/artists/636643
382668,kanikama,2200,200,情色向,0.35,综合向插画师,同人为主,男性主体,体型特征/裸体/暴露,漫画分镜/单色/灰度,姿势/动态,nijisanji|seitokai_ni_mo_ana_wa_aru!|hololive,kanikama_(character) michinoku_komaro nijisanji seitokai_ni_mo_ana_wa_aru! virtual_youtuber kagura_mea kagura_gumi noripro,情色向 · 综合向插画师 · 体型特征 · 裸体/暴露 · 漫画分镜 · 姿势/动态,https://danbooru.donmai.us/artists/382668
1604987,konoshige_(ryuun),2234,200,硬核R18,0.715,R18情色向画师,原创为主,男性主体,体型特征/裸体/暴露,漫画分镜,姿势/动态,blue_archive|idolmaster|last_origin,gigantic_breasts large_areolae sagging_breasts shortstack bar_censor huge_nipples milk_kid_(konoshige_(ryuun)) large_insertion,硬核R18 · R18情色向画师 · 体型特征 · 裸体/暴露 · 漫画分镜 · 姿势/动态,https://danbooru.donmai.us/artists/1604987
42452,takeuchi_takashi,2169,200,全年龄向,0.0,同人角色专精,同人为主,男性主体,和风/军事/枪械,,场景插画,fate_(series)|fate/grand_order|tsukihime,fate/grand_order fate_(series) fujimaru_ritsuka_(male) transparent_background olga_marie_animusphere fujimaru_ritsuka_(female) command_spell kawakami_gensai_(fate),同人角色专精 · 和风 · 军事/枪械 · 场景插画 · 同人为主,https://danbooru.donmai.us/artists/42452
401077,ueyama_michirou,2154,200,全年龄向,0.0,奇幻/魔法题材,同人为主,男性主体,科幻/机甲/奇幻/魔法,漫画分镜/单色/灰度,姿势/动态,akuyaku_reijou_tensei_ojisan|precure|super_sentai,akuyaku_reijou_tensei_ojisan tondabayashi_kenzaburou grace_auvergne super_sentai kamen_rider precure season_connection voice_actor_connection,奇幻/魔法题材 · 科幻/机甲 · 奇幻/魔法 · 漫画分镜 · 姿势/动态,https://danbooru.donmai.us/artists/401077
1584797,diva_(hyxpk),2123,200,全年龄向,0.0,日常/治愈系,同人为主,群像/多人,神话/宗教/角色扮演/异装,漫画分镜/单色/灰度,表情/表演,little_nuns_(diva)|pokemon|pokemon_tcg,little_nuns_(diva) clumsy_nun_(diva) froggy_nun_(diva) duck chicken traditional_nun spicy_nun_(diva) hungry_nun_(diva),日常/治愈系 · 神话/宗教 · 角色扮演/异装 · 漫画分镜 · 表情/表演,https://danbooru.donmai.us/artists/1584797
1567687,belko,2155,200,情色向,0.425,综合向插画师,同人为主,女性主体,裸体/暴露/体型特征,单色/灰度/线稿/速写,单人立绘,kantai_collection|atelier_(series)|saga,kantai_collection dated hamakaze_(kancolle) romancing_saga_2 paizuri twitter_username saga mosaic_censoring,情色向 · 综合向插画师 · 裸体/暴露 · 体型特征 · 单色/灰度 · 单人立绘,https://danbooru.donmai.us/artists/1567687
1768302,menma_(enaic31),2187,200,全年龄向,0.0,综合向插画师,同人为主,男性主体,BL/腐向/音乐/偶像,特效/后期/单色/灰度,肖像/半身,vocaloid|hellaverse|hazbin_hotel,hellaverse hazbin_hotel angel_dust signature fewer_digits arackniss kagamine_rin dejiko,综合向插画师 · BL/腐向 · 音乐/偶像 · 特效/后期 · 肖像/半身,https://danbooru.donmai.us/artists/1768302
649226,wa_(genryusui),2123,200,情色向,0.265,综合向插画师,同人为主,男性主体,裸体/暴露/泳装/内衣,漫画分镜/单色/灰度,姿势/动态,kantai_collection|ruri_no_houseki|gundam,arato_nagi ruri_no_houseki kantai_collection ol-chan_(wa_(genryusui)) hiryuu_(kancolle) akagi_(kancolle) kaga_(kancolle) souryuu_(kancolle),情色向 · 综合向插画师 · 裸体/暴露 · 泳装/内衣 · 漫画分镜 · 姿势/动态,https://danbooru.donmai.us/artists/649226
680740,hinghoi,2115,200,轻度色气,0.19,百合专精,同人为主,群像/多人,裸体/暴露/兽耳/亚人,漫画分镜/特效/后期,漫画/多格,umamusume|zenless_zone_zero|yani_neko,umamusume horse_girl horse_ears ear_bow horse_tail gold_ship_(umamusume) ear_ribbon pillbox_hat,百合专精 · 裸体/暴露 · 兽耳/亚人 · 漫画分镜 · 漫画/多格,https://danbooru.donmai.us/artists/680740
509039,nekotoufu,2089,200,全年龄向,0.0,单色线稿派,同人为主,群像/多人,校园/日常/治愈,单色/灰度/漫画分镜,漫画/多格,onii-chan_wa_oshimai!|cho_kaguya-hime!|umamusume,onii-chan_wa_oshimai! oyama_mahiro tenkawa_nayuta hozuki_momiji oka_asahi murosaki_miyo oyama_mihari senkawa_minato,单色线稿派 · 校园 · 日常/治愈 · 单色/灰度 · 漫画/多格,https://danbooru.donmai.us/artists/509039
577087,hizaka,2081,200,全年龄向,0.0,同人角色专精,同人为主,女性主体,校园/兽耳/亚人,单色/灰度,肖像/半身,kantai_collection|touhou|zenless_zone_zero,one-hour_drawing_challenge kantai_collection twitter_username signature neckerchief artist_name serafuku crescent_pin,同人角色专精 · 校园 · 兽耳/亚人 · 单色/灰度 · 肖像/半身,https://danbooru.donmai.us/artists/577087
1664801,echo_(circa),2113,200,全年龄向,0.0,同人角色专精,同人为主,群像/多人,和风/配饰/首饰,,表情/表演,fate_(series)|fate/grand_order|jujutsu_kaisen,fate/grand_order fate_(series) olga_marie_animusphere character_name habetrot_(fate) gray_lily_(fate) miwa_kasumi mash_kyrielight,同人角色专精 · 和风 · 配饰/首饰 · 表情/表演 · 同人为主,https://danbooru.donmai.us/artists/1664801
631976,toosaka_asagi,2065,200,全年龄向,0.0,综合向插画师,同人为主,群像/多人,和风/自然/风景,特效/后期,单人立绘,vspo!|honkai_(series)|seiken_gakuin_no_maken_tsukai,seiken_gakuin_no_maken_tsukai vspo! riselia_ray_crystalia lily_(toosaka_asagi) leila_(toosaka_asagi) sou_homura_no_kenshi_to_fushi_no_majo tsukimiya_kaoru aizawa_ema,综合向插画师 · 和风 · 自然/风景 · 特效/后期 · 单人立绘,https://danbooru.donmai.us/artists/631976
416520,onigirikun,2078,200,硬核R18,0.56,奇幻/魔法题材,同人为主,男性主体,裸体/暴露/奇幻/魔法,漫画分镜,姿势/动态,choukou_(alicesoft)|choukou_taisen_escalation_heroines|choukou_tenshi_escalayer,choukou_(alicesoft) choukou_tenshi_escalayer kouenji_sayuka choukou_taisen_escalation_heroines choukou_sennin_haruka escalayer ikusabe_tokisada takamori_haruka,硬核R18 · 奇幻/魔法题材 · 裸体/暴露 · 奇幻/魔法 · 漫画分镜 · 姿势/动态,https://danbooru.donmai.us/artists/416520
1351237,sumiyao_(amam),2065,200,硬核R18,0.76,R18情色向画师,同人为主,男性主体,裸体/暴露/日常/治愈,漫画分镜/单色/灰度,漫画/多格,coefont|ultra_kaijuu_gijinka_keikaku|ultra_series,coefont allial_(coefont) zetton ultra_kaijuu_gijinka_keikaku idoly_pride ultra_series makino_kouhei sophie_neuenmuller,硬核R18 · R18情色向画师 · 裸体/暴露 · 日常/治愈 · 漫画分镜 · 漫画/多格,https://danbooru.donmai.us/artists/1351237
1287541,ginhaha,2107,200,情色向,0.48,R18情色向画师,同人为主,群像/多人,裸体/暴露/体型特征,漫画分镜,单人立绘,pokemon|zenless_zone_zero|pokemon_black_and_white,goblin_slayer! hilda_(pokemon) gyaru_mama_(ginhaha) witch_(goblin_slayer!) pokemon_black_and_white rosa_(pokemon) areola_slip pokemon_black_2_and_white_2,情色向 · R18情色向画师 · 裸体/暴露 · 体型特征 · 漫画分镜 · 单人立绘,https://danbooru.donmai.us/artists/1287541
981561,sayori_(neko_works),2060,200,轻度色气,0.105,3D/拟真渲染,同人为主,群像/多人,兽耳/亚人/角色扮演/异装,3D/渲染,表情/表演,nekopara|nekopara_sekai_connect|love-ressive,nekopara chocola_(nekopara) nekopara_sekai_connect vanilla_(nekopara) maple_(nekopara) fraise_(nekopara) cinnamon_(nekopara) minazuki_shigure,3D/拟真渲染 · 兽耳/亚人 · 角色扮演/异装 · 3D/渲染 · 表情/表演,https://danbooru.donmai.us/artists/981561
592665,null_(nyanpyoun),2097,200,硬核R18,0.595,R18情色向画师,原创为主,男性主体,裸体/暴露/BL/腐向,漫画分镜,姿势/动态,world_witches_series|strike_witches|voicevox,tsukumo_matoi_(null) natsuki_(null) lynette_bishop strike_witches world_witches_series ankomon voicevox sacabambaspis,硬核R18 · R18情色向画师 · 裸体/暴露 · BL/腐向 · 漫画分镜 · 姿势/动态,https://danbooru.donmai.us/artists/592665
1327257,yamamoto_souichirou,2038,200,全年龄向,0.0,综合向插画师,原创/同人混合,群像/多人,校园/体育/运动,单色/灰度/漫画分镜,漫画/多格,manemane_nichinichi|karakai_jouzu_no_takagi-san|fudatsuki_no_kyouko-chan,manemane_nichinichi nagisa_akane ichinose_karina himemiya_yuki forehead karasuma_taichi baseball_uniform takagi-san,综合向插画师 · 校园 · 体育/运动 · 单色/灰度 · 漫画/多格,https://danbooru.donmai.us/artists/1327257
520241,miyo_(ranthath),2019,200,情色向,0.195,同人角色专精,同人为主,群像/多人,裸体/暴露/自然/风景,单色/灰度/漫画分镜,差分/变体,touhou|touhou_tag_dream|touhou_(pc-98),touhou hakurei_reimu frilled_hair_tubes frilled_bow hair_tubes character_censor twitter_username novelty_censor,情色向 · 同人角色专精 · 裸体/暴露 · 自然/风景 · 单色/灰度 · 差分/变体,https://danbooru.donmai.us/artists/520241
2511968,kotomaru_(kotokoto_kottan),2057,200,全年龄向,0.0,BL/腐向专精,同人为主,男性主体,BL/腐向/兽耳/亚人,线稿/速写/单色/灰度,单人立绘,tekken|tekken_8|street_fighter,tekken tekken_8 mishima_kazuya kazama_jin chibi_only devil_jin studded_gloves no_nose,BL/腐向专精 · BL/腐向 · 兽耳/亚人 · 线稿/速写 · 单人立绘,https://danbooru.donmai.us/artists/2511968
587415,agawa_ryou,2013,200,轻度色气,0.035,原创角色设计师,原创为主,群像/多人,体型特征/手足/局部,单色/灰度/线稿/速写,俯视/仰视,indie_virtual_youtuber|pizza_thot|haremon,dated kinoko_elf_(agawa_ryou) thick_thighs artist_name wide_hips curvy grey_background plump,原创角色设计师 · 体型特征 · 手足/局部 · 单色/灰度 · 俯视/仰视,https://danbooru.donmai.us/artists/587415
1316042,taisa_(kari),1989,200,全年龄向,0.0,兽耳/亚人专精,同人为主,群像/多人,兽耳/亚人/日常/治愈,漫画分镜,漫画/多格,azur_lane|kantai_collection|ikea,kaga_(battleship)_(azur_lane) kaga_(azur_lane) kaga_(kancolle) historical_name_connection kyuubi fox_costume azur_lane kitsune,兽耳/亚人专精 · 兽耳/亚人 · 日常/治愈 · 漫画分镜 · 漫画/多格,https://danbooru.donmai.us/artists/1316042
1229944,tsuda_nanafushi,2001,200,情色向,0.1,综合向插画师,原创/同人混合,女性主体,裸体/暴露/体型特征,线稿/速写/素描/炭笔,姿势/动态,rozen_maiden|futaba_channel|nijiura_maids,rozen_maiden suigintou large_areolae-san hyougintou large_areolae nijiura_maids mariana_princilla futaba_channel,情色向 · 综合向插画师 · 裸体/暴露 · 体型特征 · 线稿/速写 · 姿势/动态,https://danbooru.donmai.us/artists/1229944
1534934,chigusa_minori,2042,200,全年龄向,0.0,百合专精,同人为主,群像/多人,百合/GL/校园,单色/灰度/漫画分镜,漫画/多格,shino_to_ren|kokoro_iroduku_koi_ga_shitai|koutsugou_semi-friend,shino_to_ren shirayuki_ren saotome_shino_(shino_to_ren) gradient_nails kokoro_iroduku_koi_ga_shitai parallel_hairclips female_pov koutsugou_semi-friend,百合专精 · 百合/GL · 校园 · 单色/灰度 · 漫画/多格,https://danbooru.donmai.us/artists/1534934
1693385,zen_(kamuro),1988,200,全年龄向,0.005,日常/治愈系,同人为主,男性主体,音乐/偶像/日常/治愈,光影/氛围/线稿/速写,俯视/仰视,little_busters!|summer_pockets|kanon,little_busters! sample_watermark kanon summer_pockets little_busters!_school_uniform heaven_burns_red tammy_(vtuber) naoe_riki,日常/治愈系 · 音乐/偶像 · 日常/治愈 · 光影/氛围 · 俯视/仰视,https://danbooru.donmai.us/artists/1693385
1255436,yuuhagi_(amaretto-no-natsu),1984,200,全年龄向,0.0,原创角色设计师,原创为主,群像/多人,自然/风景/日常/治愈,,俯视/仰视,vrchat,waka_(yuuhagi_(amaretto-no-natsu)) shiho_(yuuhagi_(amaretto-no-natsu)) bunny_girl_(yuuhagi_(amaretto-no-natsu)) lucena_winter ciela_(yuuhagi_(amaretto-no-natsu)) squirrel_girl_(yuuhagi_(amaretto-no-natsu)) flower_girl_(yuuhagi_(amaretto-no-natsu)) red_girl_(yuuhagi_(amaretto-no-natsu)),原创角色设计师 · 自然/风景 · 日常/治愈 · 俯视/仰视 · 原创为主,https://danbooru.donmai.us/artists/1255436
703794,haruhisky,1979,200,情色向,0.25,综合向插画师,同人为主,群像/多人,裸体/暴露/体型特征,单色/灰度/漫画分镜,俯视/仰视,suzumiya_haruhi_no_yuuutsu|fate_(series)|fate/stay_night,suzumiya_haruhi suzumiya_haruhi_no_yuuutsu yellow_hairband yellow_ribbon saber_(fate) artoria_pendragon_(fate) kita_high_school_uniform fate/stay_night,情色向 · 综合向插画师 · 裸体/暴露 · 体型特征 · 单色/灰度 · 俯视/仰视,https://danbooru.donmai.us/artists/703794
1485632,kurukurumagical,1977,200,全年龄向,0.0,同人角色专精,同人为主,女性主体,神话/宗教/兽耳/亚人,漫画分镜/线稿/速写,漫画/多格,blue_archive|the_first_take|kirby_(series),colored_shadow hina_(blue_archive) blue_archive single_hair_intake halo ahoge_wag shadow expressive_hair,同人角色专精 · 神话/宗教 · 兽耳/亚人 · 漫画分镜 · 漫画/多格,https://danbooru.donmai.us/artists/1485632
1629720,takiki,1976,200,全年龄向,0.0,漫画/剧情向,同人为主,群像/多人,自然/风景/校园,漫画分镜,漫画/多格,umamusume|pakatube|overcooked,colored_speech_bubble umamusume t-head_trainer_(umamusume) horse_girl horse_ears trainer_(umamusume) tracen_school_uniform ear_covers,漫画/剧情向 · 自然/风景 · 校园 · 漫画分镜 · 漫画/多格,https://danbooru.donmai.us/artists/1629720
1377397,yuuji_(and),1976,200,全年龄向,0.015,综合向插画师,同人为主,女性主体,泳装/内衣/角色扮演/异装,,差分/变体,kantai_collection|taimanin_(series)|taimanin_rpgx,ooyodo_(kancolle) kantai_collection jigokumaru_akira taimanin_rpgx taimanin_(series) akashi_(kancolle) under-rim_eyewear semi-rimless_eyewear,综合向插画师 · 泳装/内衣 · 角色扮演/异装 · 差分/变体 · 同人为主,https://danbooru.donmai.us/artists/1377397
404745,tomose_shunsaku,1951,200,全年龄向,0.11,综合向插画师,同人为主,男性主体,校园/裸体/暴露,漫画分镜,俯视/仰视,youkoso_jitsuryoku_shijou_shugi_no_kyoushitsu_e|akatsuki_no_goei|boku_to_gonee_to_umi_no_year!!,youkoso_jitsuryoku_shijou_shugi_no_kyoushitsu_e advanced_nurturing_high_school_uniform ichinose_honami_(youjitsu) akatsuki_no_goei nikaido_reika boku_to_gonee_to_umi_no_year!! horikita_suzune ayanokouji_kiyotaka,综合向插画师 · 校园 · 裸体/暴露 · 漫画分镜 · 俯视/仰视,https://danbooru.donmai.us/artists/404745
660173,ayu_(mog),1934,200,全年龄向,0.0,场景/背景插画师,原创为主,非人物/静物,兽人/furry/自然/风景,单色/灰度,场景插画,tokyo_debunker|animal_crossing|danganronpa_(series),white_rabbit_(ayu_(mog)) solid_circle_eyes animal_focus chibikemo no_humans chibi_only rabbit fox_(ayu_(mog)),场景/背景插画师 · 兽人/furry · 自然/风景 · 单色/灰度 · 场景插画,https://danbooru.donmai.us/artists/660173
1716615,kanduki_kamibukuro,1974,200,全年龄向,0.0,百合专精,同人为主,群像/多人,兽耳/亚人/音乐/偶像,漫画分镜/单色/灰度,漫画/多格,love_live!|love_live!_hasu_no_sora_jogakuin_school_idol_club|love_live!_superstar!!,love_live!_hasu_no_sora_jogakuin_school_idol_club murano_sayaka love_live! yugiri_tsuzuri dollchestra hasu_no_sora_school_uniform kachimachi_kosuzu virtual_youtuber,百合专精 · 兽耳/亚人 · 音乐/偶像 · 漫画分镜 · 漫画/多格,https://danbooru.donmai.us/artists/1716615
579673,clearite,1940,200,情色向,0.435,R18情色向画师,同人为主,群像/多人,裸体/暴露/神话/宗教,漫画分镜/单色/灰度,姿势/动态,blue_archive|astral_party|arknights,astral_party blue_archive halo pubic_hair female_pubic_hair bar_censor megas_(astral_party) eri_(blue_archive),情色向 · R18情色向画师 · 裸体/暴露 · 神话/宗教 · 漫画分镜 · 姿势/动态,https://danbooru.donmai.us/artists/579673
390543,fujima_takuya,1960,200,全年龄向,0.02,综合向插画师,同人为主,群像/多人,自然/风景/音乐/偶像,漫画分镜,设定/图解,z/x|touhou|lyrical_nanoha,z/x kagamihara_azumi rigel_(z/x) copyright_logo lyrical_nanoha z/x_code_reunion battle_spirits mahou_shoujo_lyrical_nanoha,综合向插画师 · 自然/风景 · 音乐/偶像 · 漫画分镜 · 设定/图解,https://danbooru.donmai.us/artists/390543
1665563,saiguchi_otoufu,1923,200,全年龄向,0.0,日常/治愈系,同人为主,群像/多人,校园/军事/枪械,极简/留白/单色/灰度,姿势/动态,kantai_collection|m3gan|sousou_no_frieren,ushio_(kancolle) akebono_(kancolle) kantai_collection sazanami_(kancolle) oboro_(kancolle) northern_little_sister m3gan_(character) m3gan,日常/治愈系 · 校园 · 军事/枪械 · 极简/留白 · 姿势/动态,https://danbooru.donmai.us/artists/1665563
1333151,kaamin_(mariarose753),1911,200,全年龄向,0.0,综合向插画师,同人为主,群像/多人,校园/科幻/机甲,,差分/变体,kantai_collection|touhou|pokemon,inazuma_(kancolle) kantai_collection folded_ponytail hibiki_(kancolle) akatsuki_(kancolle) flat_cap ikazuchi_(kancolle) red_neckerchief,综合向插画师 · 校园 · 科幻/机甲 · 差分/变体 · 同人为主,https://danbooru.donmai.us/artists/1333151
1041138,mattaku_mousuke,1910,200,全年龄向,0.0,原创角色设计师,原创为主,女性主体,校园/手足/局部,单色/灰度/漫画分镜,俯视/仰视,idolmaster|idolmaster_cinderella_girls|blue_archive,twitter_username watermark orange_cat grey_pants oekaki signature shadow watermark_grid,原创角色设计师 · 校园 · 手足/局部 · 单色/灰度 · 俯视/仰视,https://danbooru.donmai.us/artists/1041138
1365443,afrobull,1904,200,硬核R18,0.855,R18情色向画师,同人为主,群像/多人,裸体/暴露/体型特征,漫画分镜,表情/表演,vocaloid|pokemon|avatar_aang:_the_last_airbender,uncensored futanari futa_with_female testicles penis large_penis katara avatar_aang:_the_last_airbender,硬核R18 · R18情色向画师 · 裸体/暴露 · 体型特征 · 漫画分镜 · 表情/表演,https://danbooru.donmai.us/artists/1365443
710189,piyodera_mucha,1883,200,轻度色气,0.395,日常/治愈系,同人为主,男性主体,裸体/暴露/日常/治愈,,俯视/仰视,soushisouai_lolita|soushisouai_lolita_no_seikatsu|gekkan_uribou_zakka-ten,chishima_mako soushisouai_lolita soushisouai_lolita_no_seikatsu heart_hair_ornament tachi-e transparent_background pink_pajamas loli,日常/治愈系 · 裸体/暴露 · 日常/治愈 · 俯视/仰视 · 同人为主,https://danbooru.donmai.us/artists/710189
1945898,kashikaze,1904,200,全年龄向,0.0,百合专精,同人为主,群像/多人,校园/百合/GL,单色/灰度/漫画分镜,漫画/多格,kimi_ga_hoeru_tame_no_uta_wo|nijisanji|mikake_wa_chou_seiso_na_haraguro_joshi_ni_moteasoberu_hanashi,kimi_ga_hoeru_tame_no_uta_wo ogami_haru narumiya_yu kuramochi_meruto nijisanji amazaki_airi yusa_ouka mikake_wa_chou_seiso_na_haraguro_joshi_ni_moteasoberu_hanashi,百合专精 · 校园 · 百合/GL · 单色/灰度 · 漫画/多格,https://danbooru.donmai.us/artists/1945898
1590248,fumihiko_(fu_mihi_ko),1952,200,硬核R18,0.885,R18情色向画师,同人为主,男性主体,裸体/暴露/体型特征,,俯视/仰视,hololive|re:zero_kara_hajimeru_isekai_seikatsu|sousou_no_frieren,re:zero_kara_hajimeru_isekai_seikatsu beatrice_(re:zero) bar_censor natsuki_subaru covered_anus emilia_(re:zero) hololive gojou_wakana,硬核R18 · R18情色向画师 · 裸体/暴露 · 体型特征 · 俯视/仰视 · 同人为主,https://danbooru.donmai.us/artists/1590248
1254062,rotte_(1109),1915,200,全年龄向,0.0,像素/复古画师,同人为主,男性主体,和风/日常/治愈,特效/后期,差分/变体,touhou|touhou_lostword|grand_summoners,touhou_lostword transparent_background touhou grand_summoners chaos;child onoe_serika miyashiro_takuru danmaku,像素/复古画师 · 和风 · 日常/治愈 · 特效/后期 · 差分/变体,https://danbooru.donmai.us/artists/1254062
1336608,ichikawa_feesu,1878,200,全年龄向,0.03,同人角色专精,同人为主,群像/多人,自然/风景/校园,漫画分镜/拼贴/混合,漫画/多格,kantai_collection|real_life|comiket_107,kantai_collection t-head_admiral isonami_(kancolle) hayashio_(kancolle) kasumi_kai_ni_(kancolle) fubuki_(kancolle) kasumi_(kancolle) admiral_(kancolle),同人角色专精 · 自然/风景 · 校园 · 漫画分镜 · 漫画/多格,https://danbooru.donmai.us/artists/1336608
662922,beni_shake,1875,200,全年龄向,0.0,综合向插画师,同人为主,女性主体,兽耳/亚人/角色扮演/异装,特效/后期/单色/灰度,姿势/动态,zenless_zone_zero|honkai:_star_rail|honkai_(series),signature honkai:_star_rail honkai_(series) zenless_zone_zero reverseblue_x_re-birthend silver_wolf_(honkai:_star_rail) chibi chibi_only,综合向插画师 · 兽耳/亚人 · 角色扮演/异装 · 特效/后期 · 姿势/动态,https://danbooru.donmai.us/artists/662922
1597669,yd_(orange_maru),1876,200,轻度色气,0.105,综合向插画师,同人为主,群像/多人,科幻/机甲/体型特征,单色/灰度/漫画分镜,设定/图解,azur_lane|idolmaster|idolmaster_shiny_colors,cowpens_(azur_lane) azur_lane kurokawa_miu_(yd) higuchi_madoka kearsarge_(azur_lane) regensburg_(azur_lane) ouro_kronii latex_bodysuit,综合向插画师 · 科幻/机甲 · 体型特征 · 单色/灰度 · 设定/图解,https://danbooru.donmai.us/artists/1597669
1918749,horideiyasumi,1841,200,全年龄向,0.005,单色线稿派,原创为主,男性主体,校园/日常/治愈,单色/灰度/漫画分镜,漫画/多格,papico_(ice_cream)|japanese_urban_legends,segmented_comic mob_face bald comic greyscale bait_and_switch monochrome high_contrast,单色线稿派 · 校园 · 日常/治愈 · 单色/灰度 · 漫画/多格,https://danbooru.donmai.us/artists/1918749
722684,kitsunerider,1852,200,硬核R18,0.94,R18情色向画师,原创为主,群像/多人,裸体/暴露/恐怖/猎奇,漫画分镜,单人立绘,fate/grand_order|fate_(series)|the_ring,mosaic_censoring borrowed_character sex tsukinami_kasumi vaginal penis fushimimukai_hinako hetero,硬核R18 · R18情色向画师 · 裸体/暴露 · 恐怖/猎奇 · 漫画分镜 · 单人立绘,https://danbooru.donmai.us/artists/722684
1902966,buzzlyears,1841,200,硬核R18,0.69,R18情色向画师,同人为主,女性主体,裸体/暴露/体型特征,单色/灰度/线稿/速写,姿势/动态,mega_man_(series)|mega_man_zx|mega_man_legends_(series),mega_man_(series) aile_(mega_man_zx) mega_man_zx mega_man_zx_advent robot_ears mega_man_legends_(series) roll_caskett_(mega_man) tron_bonne_(mega_man),硬核R18 · R18情色向画师 · 裸体/暴露 · 体型特征 · 单色/灰度 · 姿势/动态,https://danbooru.donmai.us/artists/1902966
1611153,daram_(shappydude),1831,200,硬核R18,0.995,R18情色向画师,同人为主,男性主体,裸体/暴露/体型特征,赛璐璐/平涂/特效/后期,姿势/动态,idolmaster|blue_archive|gakuen_idolmaster,bar_censor sex general_student_council_president_(blue_archive) vaginal penis idolmaster hetero hataya_misuzu,硬核R18 · R18情色向画师 · 裸体/暴露 · 体型特征 · 赛璐璐/平涂 · 姿势/动态,https://danbooru.donmai.us/artists/1611153
1596892,enkyo_yuuichirou,1860,200,全年龄向,0.0,原创角色设计师,原创为主,男性主体,军事/枪械/兽耳/亚人,单色/灰度/线稿/速写,单人立绘,fire_emblem|fire_emblem_heroes|blue_archive,girl_with_hoodie_(enkyo_yuuichirou) fire_emblem_heroes dungeon_squad tenka_hyakken mono_monet asymmetrical_dual_wielding bunny_swordsman_(enkyo_yuuichirou) demon_girl_with_ponytail_(enkyo_yuuichirou),原创角色设计师 · 军事/枪械 · 兽耳/亚人 · 单色/灰度 · 单人立绘,https://danbooru.donmai.us/artists/1596892
1267929,personal_ami,1803,200,硬核R18,0.67,兽耳/亚人专精,原创为主,男性主体,裸体/暴露/兽耳/亚人,,姿势/动态,warcraft|world_of_warcraft|final_fantasy,khiara_(personal_ami) uncensored cleft_of_venus futanari signature prepuce animal_penis furry,硬核R18 · 兽耳/亚人专精 · 裸体/暴露 · 兽耳/亚人 · 姿势/动态 · 原创为主,https://danbooru.donmai.us/artists/1267929
1701335,heripantomorrow,2016,200,全年龄向,0.0,同人角色专精,同人为主,女性主体,军事/枪械/恐怖/猎奇,漫画分镜/单色/灰度,肖像/半身,touhou|blank_room_soup|japanese_urban_legends,eyeball komeiji_koishi diamond_button disembodied_linked_eye rose_print print_skirt frilled_shirt_collar touhou,同人角色专精 · 军事/枪械 · 恐怖/猎奇 · 漫画分镜 · 肖像/半身,https://danbooru.donmai.us/artists/1701335
1404102,mochi_au_lait,1840,200,全年龄向,0.01,百合专精,同人为主,群像/多人,校园/体育/运动,单色/灰度/漫画分镜,漫画/多格,warui_ga_watashi_wa_yuri_janai|ikemen_onna_to_hakoiri_musume|yuri-natsu:_minshuku_kagaya,warui_ga_watashi_wa_yuri_janai toudou_itsumi ookado_tsubasa kouno_ruruka hanei_rin ikemen_onna_to_hakoiri_musume yuri-natsu:_minshuku_kagaya ookuma_satomi,百合专精 · 校园 · 体育/运动 · 单色/灰度 · 漫画/多格,https://danbooru.donmai.us/artists/1404102
382956,lolita_channel,1831,200,硬核R18,1.0,R18情色向画师,同人为主,群像/多人,裸体/暴露/泳装/内衣,,姿势/动态,kantai_collection|date_a_live|aoki_hagane_no_arpeggio,surrounded_by_penises orgy bukkake cum_in_pussy mosaic_censoring ejaculation group_sex cum,硬核R18 · R18情色向画师 · 裸体/暴露 · 泳装/内衣 · 姿势/动态 · 同人为主,https://danbooru.donmai.us/artists/382956
747457,koruri,1784,200,全年龄向,0.0,同人角色专精,同人为主,群像/多人,校园/兽耳/亚人,单色/灰度/漫画分镜,漫画/多格,umamusume|blue_archive|kantai_collection,umamusume horse_ears horse_girl horse_tail web_address tracen_school_uniform twitter_username ear_covers,同人角色专精 · 校园 · 兽耳/亚人 · 单色/灰度 · 漫画/多格,https://danbooru.donmai.us/artists/747457
1450211,dokomon,1794,200,轻度色气,0.265,综合向插画师,同人为主,男性主体,手足/局部/裸体/暴露,漫画分镜,俯视/仰视,blue_archive|bocchi_the_rock!|elden_ring,gotoh_michiyo blue_archive foot_focus revenant_(elden_ring) elden_ring_nightreign halo korean_text bocchi_the_rock!,综合向插画师 · 手足/局部 · 裸体/暴露 · 漫画分镜 · 俯视/仰视,https://danbooru.donmai.us/artists/1450211
382930,imu_sanjo,1815,200,全年龄向,0.0,单色线稿派,同人为主,群像/多人,制服/职场/校园,单色/灰度/漫画分镜,漫画/多格,kantai_collection|burger_king|starbucks,naganami_kai_ni_(kancolle) naganami_(kancolle) kantai_collection houshou_(kancolle) tasuki akigumo_(kancolle) akigumo_kai_ni_(kancolle) admiral_(kancolle),单色线稿派 · 制服/职场 · 校园 · 单色/灰度 · 漫画/多格,https://danbooru.donmai.us/artists/382930
377696,mizuki_makoto,1776,200,情色向,0.3,日常/治愈系,同人为主,群像/多人,裸体/暴露/泳装/内衣,特效/后期,俯视/仰视,idolmaster|idolmaster_cinderella_girls|idolmaster_shiny_colors,idolmaster idolmaster_cinderella_girls idolmaster_cinderella_girls_starlight_stage idolmaster_shiny_colors morpeko_(hangry) morpeko_(full) morpeko marnie_(pokemon),情色向 · 日常/治愈系 · 裸体/暴露 · 泳装/内衣 · 特效/后期 · 俯视/仰视,https://danbooru.donmai.us/artists/377696
1313197,dishwasher1910,1759,200,情色向,0.185,综合向插画师,同人为主,群像/多人,体型特征/泳装/内衣,,姿势/动态,goddess_of_victory:_nikke|blue_archive|azur_lane,goddess_of_victory:_nikke dorothy_(nikke) musashi_(azur_lane) azur_lane owari_(azur_lane) doro_(nikke) blue_archive huge_breasts,情色向 · 综合向插画师 · 体型特征 · 泳装/内衣 · 姿势/动态 · 同人为主,https://danbooru.donmai.us/artists/1313197
405789,nonohara_miki,1754,200,硬核R18,0.94,R18情色向画师,同人为主,女性主体,裸体/暴露/校园,,姿势/动态,mebae_(game),hazuki_riko mebae_(game) mosaic_censoring penis hetero censored loli cum,硬核R18 · R18情色向画师 · 裸体/暴露 · 校园 · 姿势/动态 · 同人为主,https://danbooru.donmai.us/artists/405789
728027,minami_(colorful_palette),1738,200,全年龄向,0.0,漫画/剧情向,同人为主,群像/多人,音乐/偶像/日常/治愈,漫画分镜/单色/灰度,漫画/多格,vocaloid|voiceroid|tokyo_7th_sisters,chibi_miku 4koma |_| voiceroid tokyo_7th_sisters hatsune_miku harumi_kajika vocaloid,漫画/剧情向 · 音乐/偶像 · 日常/治愈 · 漫画分镜 · 漫画/多格,https://danbooru.donmai.us/artists/728027
1357520,nikorashi-ka,1790,200,全年龄向,0.0,像素/复古画师,同人为主,男性主体,兽人/furry/兽耳/亚人,,差分/变体,touhou|utdr_(toby_fox)|deltarune,touhou watermark utdr_(toby_fox) deltarune grid_background undertale susie_(deltarune) kirisame_marisa,像素/复古画师 · 兽人/furry · 兽耳/亚人 · 差分/变体 · 同人为主,https://danbooru.donmai.us/artists/1357520
1476142,kaigen_1025,1746,200,全年龄向,0.0,同人角色专精,同人为主,群像/多人,和风/自然/风景,抽象/几何/单色/灰度,场景插画,touhou|touhou_(pc-98)|embodiment_of_scarlet_devil,touhou touhou_(pc-98) hakurei_reimu mob_cap chirizuka_ubame teireida_mai danmaku nishida_satono,同人角色专精 · 和风 · 自然/风景 · 抽象/几何 · 场景插画,https://danbooru.donmai.us/artists/1476142
858090,tukiwani,1746,200,轻度色气,0.34,综合向插画师,原创/同人混合,男性主体,裸体/暴露/体型特征,单色/灰度/线稿/速写,表情/表演,final_fantasy|final_fantasy_xiv|idolmaster,sapphira_nyx au_ra warrior_of_light_(ff14) final_fantasy_xiv welcome_to_shimejiri_village! final_fantasy scales bar_censor,综合向插画师 · 裸体/暴露 · 体型特征 · 单色/灰度 · 表情/表演,https://danbooru.donmai.us/artists/858090
1332542,dikko,1745,200,硬核R18,0.975,R18情色向画师,同人为主,女性主体,裸体/暴露/兽耳/亚人,特效/后期/3D/渲染,姿势/动态,hololive|hololive_dev_is|indie_virtual_youtuber,3d_background hololive bar_censor virtual_youtuber clitoral_hood heart_censor penis censored,硬核R18 · R18情色向画师 · 裸体/暴露 · 兽耳/亚人 · 特效/后期 · 姿势/动态,https://danbooru.donmai.us/artists/1332542
1477085,wanta_(futoshi),1737,200,全年龄向,0.0,同人角色专精,同人为主,男性主体,中式/自然/风景,线稿/速写/单色/灰度,姿势/动态,ranma_1/2|susume!_ashitabara_gakuen|pokemon,ranma_1/2 shampoo_(ranma_1/2) mousse_(ranma_1/2) saotome_ranma hair_bell tendou_akane kuonji_ukyou coke-bottle_glasses,同人角色专精 · 中式 · 自然/风景 · 线稿/速写 · 姿势/动态,https://danbooru.donmai.us/artists/1477085
1267755,kamille_(vcx68),1745,200,全年龄向,0.0,同人角色专精,同人为主,群像/多人,制服/职场/日常/治愈,漫画分镜,俯视/仰视,idolmaster|idolmaster_million_live!|idolmaster_million_live!_theater_days,idolmaster_million_live! yokoyama_nao idolmaster idolmaster_million_live!_theater_days satake_minako side_drill senkawa_chihiro drill_ponytail,同人角色专精 · 制服/职场 · 日常/治愈 · 漫画分镜 · 俯视/仰视,https://danbooru.donmai.us/artists/1267755
1632204,kawaanago,1767,200,全年龄向,0.0,场景/背景插画师,同人为主,非人物/静物,兽人/furry/科幻/机甲,,单人立绘,pokemon|umamusume,pokemon_focus pokemon_(creature) chibi_only transparent_background no_humans pokemon twitter_username animal_focus,场景/背景插画师 · 兽人/furry · 科幻/机甲 · 单人立绘 · 同人为主,https://danbooru.donmai.us/artists/1632204
1443658,ohisashiburi,1734,200,轻度色气,0.145,像素/复古画师,同人为主,群像/多人,裸体/暴露/神话/宗教,像素画/漫画分镜,俯视/仰视,needy_girl_overdose|goddess_of_victory:_nikke|imouto_tasha_paranoia,crow_(nikke) needy_girl_overdose imouto_tasha_paranoia needy_girl_overdose_(anime) sign_of_khorne micchan_(ohisashiburi) goddess_of_victory:_nikke chouzetsusaikawa_tenshi-chan,像素/复古画师 · 裸体/暴露 · 神话/宗教 · 像素画 · 俯视/仰视,https://danbooru.donmai.us/artists/1443658
1391175,niliu_chahui,1729,200,硬核R18,0.53,原创角色设计师,原创为主,群像/多人,裸体/暴露/手足/局部,漫画分镜,姿势/动态,wuthering_waves|a_simple_life_with_my_unobtrusive_sister|my_melody_(series),tokisaki_mio_(niliu_chahui) tokisaki_asaba_(niliu_chahui) a_simple_life_with_my_unobtrusive_sister mio_(a_simple_life_with_my_unobtrusive_sister) wuthering_waves heart_ahoge female_rover_(wuthering_waves) rover_(wuthering_waves),硬核R18 · 原创角色设计师 · 裸体/暴露 · 手足/局部 · 漫画分镜 · 姿势/动态,https://danbooru.donmai.us/artists/1391175
1347936,ini_(inunabe00),1725,200,全年龄向,0.0,单色线稿派,同人为主,群像/多人,和风/兽耳/亚人,线稿/速写/单色/灰度,肖像/半身,voiceroid|touhou|vocaloid,voiceroid white_outline outline touhoku_kiritan yuzuki_yukari outside_border bird_girl chibi_only,单色线稿派 · 和风 · 兽耳/亚人 · 线稿/速写 · 肖像/半身,https://danbooru.donmai.us/artists/1347936
436693,shimada_fumikane,1718,200,轻度色气,0.195,综合向插画师,同人为主,女性主体,兽耳/亚人/裸体/暴露,赛璐璐/平涂/漫画分镜,姿势/动态,world_witches_series|girls_und_panzer|alice_gear_aegis,world_witches_series luminous_witches alice_gear_aegis girls_und_panzer strike_witches brave_witches joanna_elizabeth_stafford shimada_arisu,综合向插画师 · 兽耳/亚人 · 裸体/暴露 · 赛璐璐/平涂 · 姿势/动态,https://danbooru.donmai.us/artists/436693
1411301,merunyaa,1720,200,硬核R18,0.585,原创角色设计师,原创为主,群像/多人,裸体/暴露/兽耳/亚人,3D/渲染/漫画分镜,姿势/动态,final_fantasy|final_fantasy_xiv|livesplit,meruccubus_(merunyaa) red_oni hair_between_horns red_skin skin-covered_horns red_tail oni colored_skin,硬核R18 · 原创角色设计师 · 裸体/暴露 · 兽耳/亚人 · 3D/渲染 · 姿势/动态,https://danbooru.donmai.us/artists/1411301
391358,stanley_lau,1715,200,全年龄向,0.0,传统手绘媒介,同人为主,男性主体,军事/枪械/战斗/动作,线稿/速写/素描/炭笔,肖像/半身,dc_comics|marvel|batman_(series),comic_cover dc_comics batman_(series) lineart textless_cover_page signature marvel batgirl,传统手绘媒介 · 军事/枪械 · 战斗/动作 · 线稿/速写 · 肖像/半身,https://danbooru.donmai.us/artists/391358
16696,ishikei,1712,200,硬核R18,0.705,R18情色向画师,原创/同人混合,双人/CP,裸体/暴露/体型特征,漫画分镜,姿势/动态,seitokai_ni_mo_ana_wa_aru!|to_love-ru|to_love-ru_darkness,chie_(ishikei) seitokai_ni_mo_ana_wa_aru! michinoku_komaro chie's_mother_(ishikei) to_love-ru_darkness to_love-ru yuuki_mikan lin_mo_niang,硬核R18 · R18情色向画师 · 裸体/暴露 · 体型特征 · 漫画分镜 · 姿势/动态,https://danbooru.donmai.us/artists/16696
389050,matsuryuu,1711,200,轻度色气,0.32,综合向插画师,同人为主,双人/CP,裸体/暴露/神话/宗教,拼贴/混合/漫画分镜,俯视/仰视,tenkuu_no_yumina|blue_archive|fate/grand_order,tenkuu_no_yumina midorishita_yumina akashima_ayumu gokou_ruri helena_blavatsky_(fate) kurokawa_kirara ore_no_imouto_ga_konna_ni_kawaii_wake_ga_nai blue_archive,综合向插画师 · 裸体/暴露 · 神话/宗教 · 拼贴/混合 · 俯视/仰视,https://danbooru.donmai.us/artists/389050
482535,piromizu,1708,200,情色向,0.495,日常/治愈系,同人为主,男性主体,裸体/暴露/校园,光影/氛围,俯视/仰视,amakano_2|amakano_3|aozora_stripe,amakano_2 amakano_3 wakura_kenichi jigokudani_sara ootori_sayumi kyouno_yoshihiro kurohime_yuuhi yanagi_shion,情色向 · 日常/治愈系 · 裸体/暴露 · 校园 · 光影/氛围 · 俯视/仰视,https://danbooru.donmai.us/artists/482535
1593308,aaaa_(quad-a),1700,200,硬核R18,0.615,原创角色设计师,原创为主,男性主体,裸体/暴露/BL/腐向,漫画分镜,姿势/动态,needy_girl_overdose|final_fantasy|final_fantasy_xi,emoji_censor out-of-frame_censoring loli emoji novelty_censor star_pasties spoken_mars_symbol pasties,硬核R18 · 原创角色设计师 · 裸体/暴露 · BL/腐向 · 漫画分镜 · 姿势/动态,https://danbooru.donmai.us/artists/1593308
1465692,goma_(gomasamune),1699,200,全年龄向,0.0,综合向插画师,同人为主,非人物/静物,日常/治愈/科幻/机甲,漫画分镜/线稿/速写,姿势/动态,umamusume|touhou|kantai_collection,hokko_tarumae_(umamusume) umamusume yoitomake_(food) still_in_love_(umamusume) horse_ears twitter_username ._. striped_bow,综合向插画师 · 日常/治愈 · 科幻/机甲 · 漫画分镜 · 姿势/动态,https://danbooru.donmai.us/artists/1465692
711999,fuuzasa,1695,200,硬核R18,0.5,单色线稿派,同人为主,群像/多人,裸体/暴露/兽耳/亚人,单色/灰度/漫画分镜,漫画/多格,touhou|touhou_tag_dream|touhou_(pc-98),touhou kaenbyou_rin miyadeguchi_mizuchi kudamaki_tsukasa hakurei_reimu hair_tubes comic inside_stomach,硬核R18 · 单色线稿派 · 裸体/暴露 · 兽耳/亚人 · 单色/灰度 · 漫画/多格,https://danbooru.donmai.us/artists/711999
474098,mauve,1695,200,全年龄向,0.025,综合向插画师,同人为主,男性主体,兽耳/亚人/泳装/内衣,线稿/速写/单色/灰度,漫画/多格,umamusume|hololive|hololive_dev_is,aina_rive umamusume symboli_rudolf_(umamusume) horse_girl horse_ears hololive gensou_suikoden horse_tail,综合向插画师 · 兽耳/亚人 · 泳装/内衣 · 线稿/速写 · 漫画/多格,https://danbooru.donmai.us/artists/474098
1512111,fusu_(a95101221),1692,200,硬核R18,0.965,R18情色向画师,同人为主,男性主体,裸体/暴露/体型特征,漫画分镜,姿势/动态,touhou,touhou mosaic_censoring sex cowgirl_position penis straddling vaginal hetero,硬核R18 · R18情色向画师 · 裸体/暴露 · 体型特征 · 漫画分镜 · 姿势/动态,https://danbooru.donmai.us/artists/1512111
1332006,jako_(jakoo21),1685,200,全年龄向,0.0,单色线稿派,同人为主,群像/多人,制服/职场/校园,单色/灰度/漫画分镜,漫画/多格,seishun_buta_yarou|watashi_no_hatsukoi_wa_hazukashisugite_dare_ni_mo_ienai|arcanadea,seishun_buta_yarou azusagawa_sakuta watashi_no_hatsukoi_wa_hazukashisugite_dare_ni_mo_ienai yasumi_chiaki arcanadea yasumi_kaede koga_tomoe sakurajima_mai,单色线稿派 · 制服/职场 · 校园 · 单色/灰度 · 漫画/多格,https://danbooru.donmai.us/artists/1332006
522075,shirosato,1684,200,全年龄向,0.005,综合向插画师,同人为主,非人物/静物,自然/风景/兽耳/亚人,赛璐璐/平涂/漫画分镜,漫画/多格,touhou|sequel_(series)|sequel_thirst,touhou sequel_(series) inaba_tewi hong_meiling reisen_udongein_inaba sequel_thirst star_hat_ornament hat_ornament,综合向插画师 · 自然/风景 · 兽耳/亚人 · 赛璐璐/平涂 · 漫画/多格,https://danbooru.donmai.us/artists/522075
695256,yuichirou,1685,200,全年龄向,0.0,机甲/军事题材,同人为主,非人物/静物,军事/枪械/科幻/机甲,漫画分镜,设定/图解,ragnarok_online|ragnarok_online_kafra_quest|ragnarok_online_saga:_swordsman_and_the_sealed_sword,ragnarok_online chibi_only spirit_handler_(ragnarok_online) kafra_uniform transparent_background poring ragnarok_online_kafra_quest ragnarok_online_saga:_swordsman_and_the_sealed_sword,机甲/军事题材 · 军事/枪械 · 科幻/机甲 · 漫画分镜 · 设定/图解,https://danbooru.donmai.us/artists/695256
1463114,ma_rukan,1682,200,全年龄向,0.0,同人角色专精,同人为主,群像/多人,校园/和风,单色/灰度/线稿/速写,设定/图解,kantai_collection|famitsu|c2_kikan,fubuki_(kancolle) kantai_collection fubuki_kai_ni_(kancolle) short_ponytail artist_logo anchor_symbol fubuki_(spring)_(kancolle) low_ponytail,同人角色专精 · 校园 · 和风 · 单色/灰度 · 设定/图解,https://danbooru.donmai.us/artists/1463114
1557304,kasumi_(skchkko),1680,200,全年龄向,0.0,机甲/军事题材,同人为主,男性主体,科幻/机甲/制服/职场,,差分/变体,kantai_collection|gundam|zeta_gundam,kamille_bidan zeta_gundam kantai_collection yamato_(kancolle) nagato_(kancolle) aeug gundam fa_yuiry,机甲/军事题材 · 科幻/机甲 · 制服/职场 · 差分/变体 · 同人为主,https://danbooru.donmai.us/artists/1557304
1416939,shiromanta,1676,200,全年龄向,0.0,同人角色专精,同人为主,男性主体,制服/职场/体型特征,漫画分镜/单色/灰度,漫画/多格,senpai_ga_uzai_kouhai_no_hanashi|karubi_momameru|fate/grand_order,senpai_ga_uzai_kouhai_no_hanashi igarashi_futaba takeda_harumi salaryman kurobe_natsumi goatee sakurai_touko overcoat,同人角色专精 · 制服/职场 · 体型特征 · 漫画分镜 · 漫画/多格,https://danbooru.donmai.us/artists/1416939
1575286,mery_(yangmalgage),1674,200,全年龄向,0.0,同人角色专精,同人为主,双人/CP,恋爱/情感/校园,漫画分镜/单色/灰度,设定/图解,hyouka|blue_archive|kimetsu_no_yaiba,hyouka chitanda_eru oreki_houtarou kamiyama_high_school_uniform_(hyouka) artist_logo logo fukube_satoshi ibara_mayaka,同人角色专精 · 恋爱/情感 · 校园 · 漫画分镜 · 设定/图解,https://danbooru.donmai.us/artists/1575286
425070,agahari,1663,200,全年龄向,0.0,机甲/军事题材,同人为主,男性主体,军事/枪械/科幻/机甲,,肖像/半身,dragon_quest|strike_witches|world_witches_series,art_brush art_tools_in_frame paintbrush shoulder_armor dragon_quest armor tunic tokimeki_memorial,机甲/军事题材 · 军事/枪械 · 科幻/机甲 · 肖像/半身 · 同人为主,https://danbooru.donmai.us/artists/425070
1465673,sorimachi-doufu,1663,200,全年龄向,0.0,百合专精,同人为主,群像/多人,百合/GL/日常/治愈,漫画分镜/线稿/速写,漫画/多格,honkai:_star_rail|honkai_(series)|project_sekai,honkai:_star_rail honkai_(series) ruan_mei_(honkai:_star_rail) herta_(honkai:_star_rail) the_herta_(honkai:_star_rail) aglaea_(honkai:_star_rail) cerydra_(honkai:_star_rail) hysilens_(honkai:_star_rail),百合专精 · 百合/GL · 日常/治愈 · 漫画分镜 · 漫画/多格,https://danbooru.donmai.us/artists/1465673
1802419,kankan33333,1660,200,全年龄向,0.0,传统手绘媒介,同人为主,群像/多人,恐怖/猎奇/战斗/动作,单色/灰度/漫画分镜,漫画/多格,fate_(series)|fate/grand_order|blot_plot,blot_plot cho_kaguya-hime! kaguya_(cho_kaguya-hime!) sakayori_iroha karune_(kankan33333) korone_(kankan33333) fujimaru_ritsuka_(male)_(decisive_battle_chaldea_uniform) fujimaru_ritsuka_(male),传统手绘媒介 · 恐怖/猎奇 · 战斗/动作 · 单色/灰度 · 漫画/多格,https://danbooru.donmai.us/artists/1802419
2242039,kanade_(kanade_3344),1660,200,全年龄向,0.0,单色线稿派,同人为主,群像/多人,兽耳/亚人/音乐/偶像,单色/灰度/漫画分镜,漫画/多格,bang_dream!|bang_dream!_girls_band_party!|bang_dream!_it's_mygo!!!!!,bang_dream! bang_dream!_girls_band_party! kanadate_ruri yahazu_tobira hikawa_sayo imai_lisa kai_ayame bang_dream!_our_notes,单色线稿派 · 兽耳/亚人 · 音乐/偶像 · 单色/灰度 · 漫画/多格,https://danbooru.donmai.us/artists/2242039
1240100,rappa_(rappaya),1659,200,全年龄向,0.0,漫画/剧情向,同人为主,群像/多人,校园/日常/治愈,漫画分镜,漫画/多格,umamusume|kantai_collection|touhou,t-head_trainer_(umamusume) trainer_(umamusume) nice_nature_(umamusume) umamusume 4koma horse_girl horse_ears gold_city_(umamusume),漫画/剧情向 · 校园 · 日常/治愈 · 漫画分镜 · 漫画/多格,https://danbooru.donmai.us/artists/1240100
1788026,xinzoruo,1658,200,全年龄向,0.0,漫画/剧情向,同人为主,群像/多人,日常/治愈/兽耳/亚人,漫画分镜,漫画/多格,genshin_impact|zenless_zone_zero|honkai:_star_rail,genshin_impact silent_comic columbina_(genshin_impact) sandrone_(genshin_impact) full_page_comic yae_miko_(fox) yelan_(genshin_impact) 2koma,漫画/剧情向 · 日常/治愈 · 兽耳/亚人 · 漫画分镜 · 漫画/多格,https://danbooru.donmai.us/artists/1788026
767406,oouso,1658,200,轻度色气,0.1,原创角色设计师,原创为主,女性主体,手足/局部/制服/职场,漫画分镜,俯视/仰视,blue_archive|comiket_103|comiket_106,ol-chan_(oouso) train_interior jk-chan_(oouso) office_lady yellow_panties ashiura-san_(oouso) checkered_necktie foot_focus,原创角色设计师 · 手足/局部 · 制服/职场 · 漫画分镜 · 俯视/仰视,https://danbooru.donmai.us/artists/767406
1240061,e.o.,1657,200,全年龄向,0.04,传统手绘媒介,同人为主,群像/多人,兽耳/亚人/科幻/机甲,单色/灰度/线稿/速写,肖像/半身,touhou|genshin_impact|honkai:_star_rail,touhou frilled_hair_tubes hakurei_reimu frilled_bow mob_cap kirisame_marisa skirt_set yellow_ascot,传统手绘媒介 · 兽耳/亚人 · 科幻/机甲 · 单色/灰度 · 肖像/半身,https://danbooru.donmai.us/artists/1240061
1262445,ilya_kuvshinov,1647,200,全年龄向,0.0,原创角色设计师,原创为主,非人物/静物,手足/局部/科幻/机甲,单色/灰度/特效/后期,肖像/半身,real_life|birthday_wonderland|kpop_demon_hunters,black_lips saturated_background lips pink_lips bob_cut nose eyeshadow lipstick,原创角色设计师 · 手足/局部 · 科幻/机甲 · 单色/灰度 · 肖像/半身,https://danbooru.donmai.us/artists/1262445
1251392,yuureidoushi_(yuurei6214),1646,200,全年龄向,0.0,漫画/剧情向,同人为主,群像/多人,兽耳/亚人/角色扮演/异装,漫画分镜,漫画/多格,princess_connect!|umamusume|star_wars,puchimasu!_(style) princess_connect! yuuki_(princess_connect!) karyl_(princess_connect!) illya_(princess_connect!) 4koma pecorine_(princess_connect!) misogi_(princess_connect!),漫画/剧情向 · 兽耳/亚人 · 角色扮演/异装 · 漫画分镜 · 漫画/多格,https://danbooru.donmai.us/artists/1251392
377138,murakami_suigun,1640,200,硬核R18,0.81,原创角色设计师,原创为主,群像/多人,裸体/暴露/和风,漫画分镜,姿势/动态,maid_gari,kanako_(maid_gari) maid_gari competitive_swimmer_girl_(murakami_suigun) discipline_committee_girl_(murakami_suigun) isshiki_ichika_(murakami_suigun) chakin_shibari 1990s_(style) public_morals,硬核R18 · 原创角色设计师 · 裸体/暴露 · 和风 · 漫画分镜 · 姿势/动态,https://danbooru.donmai.us/artists/377138
1269809,chanta_(ayatakaoisii),1639,200,全年龄向,0.0,兽耳/亚人专精,原创/同人混合,男性主体,兽耳/亚人/军事/枪械,单色/灰度,肖像/半身,touhou|watch_out!_death_flag!_(chanta)|the_shining,yakumo_ran blue_tabard touhou tabard multiple_tails missing_headwear fox_tail fox_girl,兽耳/亚人专精 · 兽耳/亚人 · 军事/枪械 · 单色/灰度 · 肖像/半身,https://danbooru.donmai.us/artists/1269809
467103,creayus,1633,200,全年龄向,0.0,同人角色专精,同人为主,双人/CP,恋爱/情感/自然/风景,特效/后期/光影/氛围,肖像/半身,code_geass|code_geass:_fukkatsu_no_lelouch|honkai:_star_rail,c.c. code_geass lelouch_vi_britannia c.c._day ashford_academy_school_uniform code_geass:_fukkatsu_no_lelouch couple green_hair,同人角色专精 · 恋爱/情感 · 自然/风景 · 特效/后期 · 肖像/半身,https://danbooru.donmai.us/artists/467103
1427396,ikeuchi_tanuma,1632,200,全年龄向,0.065,原创角色设计师,原创为主,男性主体,兽耳/亚人/角色扮演/异装,单色/灰度/线稿/速写,差分/变体,touhou|vocaloid|zenless_zone_zero,anna_(ikeuchi_tanuma) rudy_(ikeuchi_tanuma) tino_ashberry loic_valentz edel_(ikeuchi_tanuma) rosette_(ikeuchi_tanuma) astel_(ikeuchi_tanuma) rije_(ikeuchi_tanuma),原创角色设计师 · 兽耳/亚人 · 角色扮演/异装 · 单色/灰度 · 差分/变体,https://danbooru.donmai.us/artists/1427396
949152,pokemoa,1630,200,全年龄向,0.0,兽耳/亚人专精,同人为主,群像/多人,兽人/furry/自然/风景,漫画分镜,漫画/多格,pokemon|pokemon_(anime)|pokemon_masters_ex,pokemon_(creature) pokemon_masters_ex pokemon pokemon_horizons pokemon_(anime) liko_(pokemon) ann_(pokemon) budding_expeditioner_(pokemon),兽耳/亚人专精 · 兽人/furry · 自然/风景 · 漫画分镜 · 漫画/多格,https://danbooru.donmai.us/artists/949152
930691,k-suwabe,1630,200,全年龄向,0.0,机甲/军事题材,原创/同人混合,男性主体,BL/腐向/科幻/机甲,单色/灰度,单人立绘,fate_(series)|fate/grand_order|gundam,command_input character_profile artist_name hattori_takeo_(fate) dated tezuka's_star_system full_armor overlord_(maruyama),机甲/军事题材 · BL/腐向 · 科幻/机甲 · 单色/灰度 · 单人立绘,https://danbooru.donmai.us/artists/930691
410778,asanagi,1628,200,轻度色气,0.08,奇幻/魔法题材,同人为主,群像/多人,奇幻/魔法/体型特征,单色/灰度/线稿/速写,姿势/动态,orc_eiyuu_monogatari|blue_archive|granblue_fantasy,orc_eiyuu_monogatari bash_(orc_eiyuu_monogatari) orc tusks thunder_sonia zell_(orc_eiyuu_monogatari) carrot_(orc_eiyuu_monogatari) chain_around_neck,奇幻/魔法题材 · 奇幻/魔法 · 体型特征 · 单色/灰度 · 姿势/动态,https://danbooru.donmai.us/artists/410778
1401539,samneco,1628,200,硬核R18,1.0,R18情色向画师,同人为主,女性主体,裸体/暴露/体型特征,,姿势/动态,karakai_jouzu_no_takagi-san|spy_x_family|pokemon,loli bar_censor karakai_jouzu_no_takagi-san penis sex flat_chest vaginal completely_nude,硬核R18 · R18情色向画师 · 裸体/暴露 · 体型特征 · 姿势/动态 · 同人为主,https://danbooru.donmai.us/artists/1401539
1303017,gurande_(g-size),1628,200,全年龄向,0.01,单色线稿派,原创为主,男性主体,制服/职场/日常/治愈,单色/灰度/漫画分镜,漫画/多格,ki_ga_hayai_kouhai_kanojo|someone_hertz|pen-pineapple-apple-pen,ki_ga_hayai_kouhai_kanojo nagisazawa_mai nagisazawa_hitomi comic greyscale spot_color monochrome pantyhose_under_shorts,单色线稿派 · 制服/职场 · 日常/治愈 · 单色/灰度 · 漫画/多格,https://danbooru.donmai.us/artists/1303017
1580854,mk_(mod0),1628,200,情色向,0.335,R18情色向画师,同人为主,群像/多人,裸体/暴露/泳装/内衣,漫画分镜/单色/灰度,姿势/动态,idolmaster|idolmaster_cinderella_girls|gakuen_idolmaster,idolmaster idolmaster_cinderella_girls pure_white_memories_(idolmaster) gakuen_idolmaster hataya_misuzu takafuji_kako jougasaki_mika hojo_karen,情色向 · R18情色向画师 · 裸体/暴露 · 泳装/内衣 · 漫画分镜 · 姿势/动态,https://danbooru.donmai.us/artists/1580854
1468017,yunamaro,1627,200,轻度色气,0.165,原创角色设计师,原创为主,男性主体,裸体/暴露/制服/职场,单色/灰度/漫画分镜,俯视/仰视,kantai_collection|minna_no_iku_new_academy|comiket_102,yaotome_tsuyako_(yunamaro) asuma_mitsuya_(yunamaro) minna_no_iku_new_academy muneyama_ikuru tall_female taller_female_shorter_male musashi_(kancolle) veiny_hands,原创角色设计师 · 裸体/暴露 · 制服/职场 · 单色/灰度 · 俯视/仰视,https://danbooru.donmai.us/artists/1468017
1560731,a_re,1626,200,硬核R18,0.995,R18情色向画师,同人为主,女性主体,裸体/暴露/体型特征,特效/后期,姿势/动态,hololive|hololive_dev_is|hololive_english,hololive virtual_youtuber mosaic_censoring sex penis used_condom alternate_breast_size_(larger) huge_breasts,硬核R18 · R18情色向画师 · 裸体/暴露 · 体型特征 · 特效/后期 · 姿势/动态,https://danbooru.donmai.us/artists/1560731
1476874,kinkymation,1625,200,硬核R18,0.72,R18情色向画师,同人为主,双人/CP,裸体/暴露/体型特征,漫画分镜,漫画/多格,umamusume|marvel|marvel_rivals,uncensored marvel_rivals mantis_(marvel) sex lilyggoth loki_(marvel) guardians_of_the_galaxy hetero,硬核R18 · R18情色向画师 · 裸体/暴露 · 体型特征 · 漫画分镜 · 漫画/多格,https://danbooru.donmai.us/artists/1476874
1468144,kujou_karasuma,1623,200,全年龄向,0.005,同人角色专精,同人为主,女性主体,神话/宗教/校园,,俯视/仰视,blue_archive|fate/grand_order|fate_(series),professor_niyaniya_(blue_archive) grey_sailor_collar grey_hat blue_archive watermark black_serafuku grey_jacket halo,同人角色专精 · 神话/宗教 · 校园 · 俯视/仰视 · 同人为主,https://danbooru.donmai.us/artists/1468144
1257627,ebi_193,1620,200,情色向,0.435,R18情色向画师,同人为主,女性主体,体型特征/裸体/暴露,特效/后期/单色/灰度,姿势/动态,touhou|nijisanji|comiket_97,touhou huge_breasts mob_cap bar_censor mononobe_no_futo yakumo_yukari nipples paizuri,情色向 · R18情色向画师 · 体型特征 · 裸体/暴露 · 特效/后期 · 姿势/动态,https://danbooru.donmai.us/artists/1257627
1380781,b-ginga,1618,200,硬核R18,0.865,R18情色向画师,同人为主,男性主体,裸体/暴露/体型特征,漫画分镜/单色/灰度,姿势/动态,hololive|zenless_zone_zero|blue_archive,mosaic_censoring sex penis hetero vaginal nipples mind_control censored,硬核R18 · R18情色向画师 · 裸体/暴露 · 体型特征 · 漫画分镜 · 姿势/动态,https://danbooru.donmai.us/artists/1380781
604707,satou_kuuki,1611,200,情色向,0.205,综合向插画师,同人为主,双人/CP,体型特征/体育/运动,单色/灰度/漫画分镜,漫画/多格,soukou_seiki_ysphere|shinsou_seiki_elementia|vanishing_reality_(satou_kuuki),soukou_seiki_ysphere ayazaki_shizuku tachi-e kisaragi_nozomi shinsou_seiki_elementia vanishing_reality_(satou_kuuki) corruption transparent_background,情色向 · 综合向插画师 · 体型特征 · 体育/运动 · 单色/灰度 · 漫画/多格,https://danbooru.donmai.us/artists/604707
716777,karukan_(monjya),1607,200,轻度色气,0.305,机甲/军事题材,同人为主,群像/多人,裸体/暴露/战斗/动作,漫画分镜/线稿/速写,姿势/动态,shinrabanshou|granblue_fantasy|frame_arms_girl,shinrabanshou shizuku_(shinrabanshou) cuts mecha_musume torn_leotard pear-shaped_figure bit_gag bruise,机甲/军事题材 · 裸体/暴露 · 战斗/动作 · 漫画分镜 · 姿势/动态,https://danbooru.donmai.us/artists/716777
383950,kirishima_satoshi,1607,200,情色向,0.345,奇幻/魔法题材,原创为主,群像/多人,奇幻/魔法/恐怖/猎奇,,姿势/动态,fire_emblem|fire_emblem:_mystery_of_the_emblem|fire_emblem:_new_mystery_of_the_emblem,elf_bishop_(kirishima_satoshi) long_pointy_ears amulet blue_shawl sideless_outfit elf gold_tiara blue_gem,情色向 · 奇幻/魔法题材 · 奇幻/魔法 · 恐怖/猎奇 · 姿势/动态 · 原创为主,https://danbooru.donmai.us/artists/383950
1359753,shimazaki_mujirushi,1596,200,全年龄向,0.0,奇幻/魔法题材,同人为主,群像/多人,奇幻/魔法/军事/枪械,单色/灰度/漫画分镜,漫画/多格,orc_wa_nozomanai|pokemon|kantai_collection,orc_wa_nozomanai lina_kontiola valtava fantasy orc mikko_leminen katri_(orc_wa_nozomanai) kolmio,奇幻/魔法题材 · 奇幻/魔法 · 军事/枪械 · 单色/灰度 · 漫画/多格,https://danbooru.donmai.us/artists/1359753
1459757,seraziel,1596,200,硬核R18,0.91,兽耳/亚人专精,原创/同人混合,群像/多人,裸体/暴露/兽耳/亚人,单色/灰度/漫画分镜,姿势/动态,ishuzoku_reviewers|monster_musume_no_iru_nichijou|hololive,futanari animal_genitalia_on_humanoid animal_penis uncensored ishuzoku_reviewers meidri testicles knotted_penis,硬核R18 · 兽耳/亚人专精 · 裸体/暴露 · 兽耳/亚人 · 单色/灰度 · 姿势/动态,https://danbooru.donmai.us/artists/1459757
556424,kamitsurugi_ouka,1588,200,轻度色气,0.195,奇幻/魔法题材,同人为主,女性主体,校园/奇幻/魔法,,单人立绘,kouyoku_senki_exs-tia_concert|dakko_shite_gyu!,kouyoku_senki_exs-tia_concert aikawa_haruno sugahara_touka kunijima_chiaki tachi-e transparent_background oosumi_kanon chest_jewel,奇幻/魔法题材 · 校园 · 奇幻/魔法 · 单人立绘 · 同人为主,https://danbooru.donmai.us/artists/556424
2592442,phantom_cross,1587,200,全年龄向,0.0,机甲/军事题材,同人为主,男性主体,军事/枪械/兽人/furry,漫画分镜/单色/灰度,肖像/半身,league_of_legends|helldivers_(series)|hololive,league_of_legends helldivers_(series) helldiver_(helldivers) seaf_soldier_(helldivers) eagle_1_(helldivers) aiko_(phantom_cross) briar_(league) gwen_(league),机甲/军事题材 · 军事/枪械 · 兽人/furry · 漫画分镜 · 肖像/半身,https://danbooru.donmai.us/artists/2592442
1410284,yukito_(dreamrider),1585,200,硬核R18,0.54,BL/腐向专精,同人为主,群像/多人,BL/腐向/裸体/暴露,漫画分镜/线稿/速写,差分/变体,touhou|futari_wa_precure|precure,touhou shota onee-shota heart-shaped_pupils age_difference komeiji_koishi female_pubic_hair huge_breasts,硬核R18 · BL/腐向专精 · BL/腐向 · 裸体/暴露 · 漫画分镜 · 差分/变体,https://danbooru.donmai.us/artists/1410284
824231,butcha-u,1580,200,轻度色气,0.315,综合向插画师,同人为主,群像/多人,裸体/暴露/军事/枪械,线稿/速写/素描/炭笔,单人立绘,hooters|resident_evil|resident_evil_4,hooters resident_evil_4 resident_evil_4_(remake) resident_evil delightfully_fuckable_and_unrefined!! ashley_graham mari_(delightfully_fuckable_and_unrefined!!) brand_name_imitation,综合向插画师 · 裸体/暴露 · 军事/枪械 · 线稿/速写 · 单人立绘,https://danbooru.donmai.us/artists/824231
616569,eromame,1576,200,全年龄向,0.025,百合专精,同人为主,群像/多人,兽人/furry/恋爱/情感,单色/灰度/漫画分镜,漫画/多格,splatoon_(series)|splatoon_3|pokemon,splatoon_(series) tentacle_hair inkling_girl inkling_player_character octoling inkling octoling_girl splatoon_3,百合专精 · 兽人/furry · 恋爱/情感 · 单色/灰度 · 漫画/多格,https://danbooru.donmai.us/artists/616569
1884713,happy_elements,1575,200,全年龄向,0.0,BL/腐向专精,同人为主,男性主体,BL/腐向/音乐/偶像,特效/后期/线稿/速写,肖像/半身,ensemble_stars!|helios_rising_heroes,sazanami_jun ensemble_stars! kojika_juis transparent_background feature_scout_2_(ensemble_stars!) idol kagehira_mika layered_clothes,BL/腐向专精 · BL/腐向 · 音乐/偶像 · 特效/后期 · 肖像/半身,https://danbooru.donmai.us/artists/1884713
656476,ogami_kazuki,1578,200,轻度色气,0.28,原创角色设计师,原创为主,男性主体,裸体/暴露/体型特征,单色/灰度/漫画分镜,姿势/动态,blue_archive|indie_virtual_youtuber|uni_create,lily_(ogami_kazuki) melc_(ogami_kazuki) doll_joints kintsugi katie_(ogami_kazuki) teardrop-framed_glasses slim_legs joints,原创角色设计师 · 裸体/暴露 · 体型特征 · 单色/灰度 · 姿势/动态,https://danbooru.donmai.us/artists/656476
1298644,chikuwa.,1569,200,全年龄向,0.0,原创角色设计师,原创为主,男性主体,角色扮演/异装/体型特征,单色/灰度/漫画分镜,漫画/多格,imouto_wa_kanojo_ni_dekinai_no_ni,mind_reading thought_bubble comic greyscale monochrome tearing_up =_= off-shoulder_dress,原创角色设计师 · 角色扮演/异装 · 体型特征 · 单色/灰度 · 漫画/多格,https://danbooru.donmai.us/artists/1298644
1284204,sheya,1567,200,全年龄向,0.01,单色线稿派,原创/同人混合,男性主体,战斗/动作/兽耳/亚人,单色/灰度,肖像/半身,honkai_(series)|honkai:_star_rail|genshin_impact,honkai_(series) honkai:_star_rail signature artist_name limited_palette honkai_impact_3rd genshin_impact spot_color,单色线稿派 · 战斗/动作 · 兽耳/亚人 · 单色/灰度 · 肖像/半身,https://danbooru.donmai.us/artists/1284204
1756304,oryo_(oryo04),1568,200,轻度色气,0.115,综合向插画师,同人为主,女性主体,泳装/内衣/校园,单色/灰度/漫画分镜,俯视/仰视,lingeries_(ramune_games)|boku_no_kanojo_sensei|junjou_gyaru_wa_kanojo_ja_nai_no_ni,makabe_aisu lingeries_(ramune_games) boku_no_kanojo_sensei fujiki_maka sotogahama_riria junjou_gyaru_wa_kanojo_ja_nai_no_ni fitting_room nishimeya_hinayo,综合向插画师 · 泳装/内衣 · 校园 · 单色/灰度 · 俯视/仰视,https://danbooru.donmai.us/artists/1756304
1273889,waterring,1567,200,硬核R18,0.735,奇幻/魔法题材,同人为主,男性主体,裸体/暴露/奇幻/魔法,漫画分镜/特效/后期,姿势/动态,arknights|arknights:_endfield|sousou_no_frieren,arknights:_endfield male_endministrator_(arknights) endministrator_(arknights) arknights linie_(sousou_no_frieren) mouth_veil sousou_no_frieren mosaic_censoring,硬核R18 · 奇幻/魔法题材 · 裸体/暴露 · 奇幻/魔法 · 漫画分镜 · 姿势/动态,https://danbooru.donmai.us/artists/1273889
1271703,bubukka,1564,200,硬核R18,0.515,R18情色向画师,原创为主,群像/多人,裸体/暴露/体型特征,漫画分镜,漫画/多格,pokemon|pokemon_legends:_z-a|hololive,yariharu_uri_(bubukka) aragaki_mikan_(bubukka) tachibana_momoka_(bubukka) loli one-piece_tan tomboy condom tanlines,硬核R18 · R18情色向画师 · 裸体/暴露 · 体型特征 · 漫画分镜 · 漫画/多格,https://danbooru.donmai.us/artists/1271703
670050,cle_masahiro,1563,200,情色向,0.435,R18情色向画师,同人为主,男性主体,裸体/暴露/手足/局部,漫画分镜/单色/灰度,姿势/动态,blue_archive|jogakkou_de_otoko_hitori_na_node_kousoku_de_seiyoku_no_hakeguchi_ni_sareru_nichijou|genshin_impact,jogakkou_de_otoko_hitori_na_node_kousoku_de_seiyoku_no_hakeguchi_ni_sareru_nichijou makino_lilliana_(cle_masahiro) makino_cassia_(cle_masahiro) reikaen_matsuri_(cle_masahiro) higuchi_midori_(cle_masahiro) yamagake_aoi_(cle_masahiro) blue_archive miyama_ann_(cle_masahiro),情色向 · R18情色向画师 · 裸体/暴露 · 手足/局部 · 漫画分镜 · 姿势/动态,https://danbooru.donmai.us/artists/670050
1311389,ha_akabouzu,1561,200,全年龄向,0.0,单色线稿派,同人为主,群像/多人,军事/枪械/制服/职场,单色/灰度/漫画分镜,漫画/多格,fate/grand_order|fate_(series)|kantai_collection,sigurd_(fate) brynhild_(fate) brynhild_(lancer)_(fate) fate/grand_order fate_(series) mordred_(fate) mordred_(third_ascension)_(fate) gawain_(fate),单色线稿派 · 军事/枪械 · 制服/职场 · 单色/灰度 · 漫画/多格,https://danbooru.donmai.us/artists/1311389
1554968,lets0020,1559,200,全年龄向,0.02,兽耳/亚人专精,同人为主,群像/多人,兽耳/亚人/兽人/furry,漫画分镜,肖像/半身,cookie_(touhou)|touhou|kemono_friends,cookie_(touhou) kemono_friends kemono_friends_3 nyon_(cookie) yuuhi_(cookie) touhou ichigo_(cookie) kirisame_marisa,兽耳/亚人专精 · 兽耳/亚人 · 兽人/furry · 漫画分镜 · 肖像/半身,https://danbooru.donmai.us/artists/1554968
1364748,ajitarou_(setsu),1552,200,硬核R18,0.885,R18情色向画师,同人为主,男性主体,裸体/暴露/体型特征,特效/后期/漫画分镜,姿势/动态,cardcaptor_sakura|gochuumon_wa_usagi_desu_ka?|onii-chan_wa_oshimai!,loli kinomoto_sakura cardcaptor_sakura kafuu_chino mosaic_censoring male_pubic_hair gochuumon_wa_usagi_desu_ka? emil_chronicle_online,硬核R18 · R18情色向画师 · 裸体/暴露 · 体型特征 · 特效/后期 · 姿势/动态,https://danbooru.donmai.us/artists/1364748
539440,momoko_(momopoco),1553,200,全年龄向,0.0,传统手绘媒介,原创/同人混合,群像/多人,兽耳/亚人/奇幻/魔法,单色/灰度/线稿/速写,姿势/动态,tokidoki_bosotto_roshia-go_de_dereru_tonari_no_alya-san|final_fantasy|final_fantasy_xiv,tokidoki_bosotto_roshia-go_de_dereru_tonari_no_alya-san alisa_mikhailovna_kujou mariya_mikhailovna_kujou yukari_(momoko) tokidoki_bosotto_roshia-go_de_dereru_yuusha_no_alya-san miqo'te hiyori_(momoko) warrior_of_light_(ff14),传统手绘媒介 · 兽耳/亚人 · 奇幻/魔法 · 单色/灰度 · 姿势/动态,https://danbooru.donmai.us/artists/539440
2471237,kawamochi_(kawauti919),1547,200,全年龄向,0.0,传统手绘媒介,同人为主,非人物/静物,校园/兽人/furry,线稿/速写/素描/炭笔,差分/变体,umamusume|idolmaster|gakuen_idolmaster,manhattan_cafe_(umamusume) umamusume horse_ears manhattan_cafe_(creeping_shadow)_(umamusume) gakuen_idolmaster tracen_school_uniform horse_girl horse_tail,传统手绘媒介 · 校园 · 兽人/furry · 线稿/速写 · 差分/变体,https://danbooru.donmai.us/artists/2471237
1534612,asteroid_ill,1545,200,全年龄向,0.0,场景/背景插画师,原创为主,非人物/静物,自然/风景/都市/街景,漫画分镜,场景插画,pokemon|wuthering_waves|pokemon_legends:_z-a,minimap scenery iris_(asteroid_ill) wide_shot orbeetle ruins user_interface pokemon_(creature),场景/背景插画师 · 自然/风景 · 都市/街景 · 漫画分镜 · 场景插画,https://danbooru.donmai.us/artists/1534612
1253517,asutora,1539,200,硬核R18,0.555,奇幻/魔法题材,原创/同人混合,男性主体,裸体/暴露/奇幻/魔法,漫画分镜,姿势/动态,touhou|splatoon_(series)|boku_no_hero_academia,asutora-chan remilia_scarlet pregnant touhou sex big_belly hetero colored_eyelashes,硬核R18 · 奇幻/魔法题材 · 裸体/暴露 · 奇幻/魔法 · 漫画分镜 · 姿势/动态,https://danbooru.donmai.us/artists/1253517
561288,as109,1535,200,硬核R18,0.55,日常/治愈系,原创为主,群像/多人,裸体/暴露/体型特征,3D/渲染/单色/灰度,姿势/动态,indie_virtual_youtuber|mushoku_tensei|ijiranaide_nagatoro-san,loli shui_lan_er eris_greyrat mole_on_cheek mushoku_tensei rape flat_chest alice_(as109),硬核R18 · 日常/治愈系 · 裸体/暴露 · 体型特征 · 3D/渲染 · 姿势/动态,https://danbooru.donmai.us/artists/561288
1546425,kaiman_garupan,1534,200,硬核R18,0.945,单色线稿派,同人为主,女性主体,裸体/暴露/体型特征,单色/灰度/特效/后期,单人立绘,nijisanji|boku_no_hero_academia|kimetsu_no_yaiba,steaming_body bar_censor paizuri greyscale higuchi_kaede nijisanji breasts_squeezed_together penis,硬核R18 · 单色线稿派 · 裸体/暴露 · 体型特征 · 单色/灰度 · 单人立绘,https://danbooru.donmai.us/artists/1546425
1427140,waero,1531,200,硬核R18,0.75,R18情色向画师,同人为主,双人/CP,裸体/暴露/神话/宗教,漫画分镜/单色/灰度,漫画/多格,wuthering_waves|rabbit_hole_(vocaloid)|vocaloid,wuthering_waves rover_(wuthering_waves) tacet_mark_(wuthering_waves) uncensored female_rover_(wuthering_waves) nivora_(wuthering_waves) startorch_academy_school_uniform npc_(wuthering_waves),硬核R18 · R18情色向画师 · 裸体/暴露 · 神话/宗教 · 漫画分镜 · 漫画/多格,https://danbooru.donmai.us/artists/1427140
392472,katahira_masashi,1531,200,全年龄向,0.0,机甲/军事题材,原创/同人混合,非人物/静物,科幻/机甲/军事/枪械,线稿/速写/素描/炭笔,设定/图解,umamusume|girls_und_panzer|kantai_collection,mecha machinery robot girls_und_panzer science_fiction strapless_leotard playboy_bunny umamusume,机甲/军事题材 · 科幻/机甲 · 军事/枪械 · 线稿/速写 · 设定/图解,https://danbooru.donmai.us/artists/392472
1596893,cougar_(cougar1404),1530,200,轻度色气,0.0,原创角色设计师,原创为主,男性主体,军事/枪械/泳装/内衣,漫画分镜,俯视/仰视,azure_striker_gunvolt|azure_striker_gunvolt_1|gunvolt_chronicles_luminous_avenger_ix,tsurugi_(cougar1404) azure_striker_gunvolt azure_striker_gunvolt_1 gunvolt_chronicles_luminous_avenger_ix joule_(gunvolt) ass_focus shiny_skin lumen_(gunvolt),原创角色设计师 · 军事/枪械 · 泳装/内衣 · 漫画分镜 · 俯视/仰视,https://danbooru.donmai.us/artists/1596893
717895,fumio_(rsqkr),1527,200,全年龄向,0.0,综合向插画师,同人为主,女性主体,体型特征/手足/局部,线稿/速写/素描/炭笔,俯视/仰视,monster_hunter_(series)|pokemon|boku_no_hero_academia,narrow_waist wide_hips thick_thighs curvy covered_nipples hip_focus hip_dips monster_hunter_(series),综合向插画师 · 体型特征 · 手足/局部 · 线稿/速写 · 俯视/仰视,https://danbooru.donmai.us/artists/717895
1079489,aldehyde,1522,200,全年龄向,0.06,原创角色设计师,原创为主,群像/多人,校园/日常/治愈,单色/灰度/漫画分镜,漫画/多格,granblue_fantasy|hololive|princess_connect!,hiiragi_tsukino_(aldehyde) furigana enomoto_taiyou murayama_sakura itou_akane amamiya_yuri hiiragi_seina short_eyebrows,原创角色设计师 · 校园 · 日常/治愈 · 单色/灰度 · 漫画/多格,https://danbooru.donmai.us/artists/1079489
584376,riyo_(lyomsnpmp),1519,200,全年龄向,0.0,同人角色专精,同人为主,男性主体,军事/枪械/BL/腐向,漫画分镜,漫画/多格,fate/grand_order|fate_(series)|learning_with_manga!_fgo,no_sclera chibi_only fate/grand_order fate_(series) learning_with_manga!_fgo chibi dot_nose wall-eyed,同人角色专精 · 军事/枪械 · BL/腐向 · 漫画分镜 · 漫画/多格,https://danbooru.donmai.us/artists/584376
1612759,kame_(kamepan44231),1515,200,全年龄向,0.0,同人角色专精,同人为主,群像/多人,日常/治愈/兽耳/亚人,线稿/速写/单色/灰度,肖像/半身,touhou|comedian_(artwork)|blue_archive,fumo_(doll) touhou cirno ice_wings ice pinafore_dress blush_stickers blue_shoes,同人角色专精 · 日常/治愈 · 兽耳/亚人 · 线稿/速写 · 肖像/半身,https://danbooru.donmai.us/artists/1612759
1407453,cutesexyrobutts,1511,200,情色向,0.035,综合向插画师,同人为主,群像/多人,体型特征/裸体/暴露,光影/氛围,姿势/动态,azur_lane|pokemon|blue_archive,patreon_logo patreon_username web_address artist_name thick_thighs areola_slip covered_nipples hair_spread_out,情色向 · 综合向插画师 · 体型特征 · 裸体/暴露 · 光影/氛围 · 姿势/动态,https://danbooru.donmai.us/artists/1407453
2655757,kahasina_(moment_silicon),1510,200,全年龄向,0.0,单色线稿派,同人为主,群像/多人,校园/体育/运动,单色/灰度/漫画分镜,漫画/多格,umamusume|kantai_collection|touhou,umamusume horse_girl horse_ears fine_motion_(umamusume) dated fine_motion_(casual)_(umamusume) clover_hair_ornament horse_tail,单色线稿派 · 校园 · 体育/运动 · 单色/灰度 · 漫画/多格,https://danbooru.donmai.us/artists/2655757
463192,kuromiya,1506,200,全年龄向,0.0,原创角色设计师,原创为主,群像/多人,自然/风景/日常/治愈,漫画分镜,姿势/动态,pokemon|pokemon_legends:_z-a|pokemon_x_and_y,kuromiya_raika_(kuromiya) shiromiya_asuka_(kuromiya) kuzakura_mika_(kuromiya) souma_ren_(kuromiya) green_collar bit_gag human_furniture sheep_horns,原创角色设计师 · 自然/风景 · 日常/治愈 · 漫画分镜 · 姿势/动态,https://danbooru.donmai.us/artists/463192
628476,nori_tamago,1508,200,轻度色气,0.01,日常/治愈系,同人为主,女性主体,和风/体型特征,漫画分镜/单色/灰度,差分/变体,touhou|the_king_of_fighters|fatal_fury,saigyouji_yuyuko touhou missing_headwear konpaku_youmu shiranui_mai_(cosplay) konpaku_youmu_(ghost) massage_chair white_tank_top,日常/治愈系 · 和风 · 体型特征 · 漫画分镜 · 差分/变体,https://danbooru.donmai.us/artists/628476
1759442,izawa_(bhive003),1506,200,全年龄向,0.0,漫画/剧情向,同人为主,群像/多人,日常/治愈/恋爱/情感,漫画分镜/光影/氛围,漫画/多格,kono_subarashii_sekai_ni_shukufuku_wo!|pokemon|majo_no_takkyuubin,satou_kazuma kono_subarashii_sekai_ni_shukufuku_wo! aqua_(konosuba) darkness_(konosuba) vanir if_they_mated megumin yunyun_(konosuba),漫画/剧情向 · 日常/治愈 · 恋爱/情感 · 漫画分镜 · 漫画/多格,https://danbooru.donmai.us/artists/1759442
1763879,mikozin,1503,200,情色向,0.295,R18情色向画师,同人为主,女性主体,神话/宗教/裸体/暴露,漫画分镜,单人立绘,blue_archive|arknights|vocaloid,blue_archive halo blue_halo shigure_(hot_spring)_(blue_archive) yellow_halo shigure_(blue_archive) areola_slip arknights,情色向 · R18情色向画师 · 神话/宗教 · 裸体/暴露 · 漫画分镜 · 单人立绘,https://danbooru.donmai.us/artists/1763879
1763705,furaggu_(frag_0416),1502,200,情色向,0.32,同人角色专精,同人为主,群像/多人,裸体/暴露/泳装/内衣,单色/灰度/漫画分镜,差分/变体,kantai_collection|pokemon|pokemon_legends:_z-a,kantai_collection full-face_blush myoukou_(kancolle) female_pubic_hair nachi_(kancolle) pubic_hair ashigara_(kancolle) haguro_(kancolle),情色向 · 同人角色专精 · 裸体/暴露 · 泳装/内衣 · 单色/灰度 · 差分/变体,https://danbooru.donmai.us/artists/1763705
1393230,sakura_oriko,1503,200,全年龄向,0.0,日常/治愈系,同人为主,群像/多人,兽耳/亚人/日常/治愈,单色/灰度/漫画分镜,漫画/多格,fushigi_na_neko_no_machi_meltier|yotsugo_gurashi|emil_chronicle_online,fushigi_na_neko_no_machi_meltier moco_(fushigi_na_neko_no_machi_meltier) rucora_(fushigi_na_neko_no_machi_meltier) nagi_(fushigi_na_neko_no_machi_meltier) makia_(fushigi_na_neko_no_machi_meltier) suzu_(fushigi_na_neko_no_machi_meltier) naa_(fushigi_na_neko_no_machi_meltier) haru_(fushigi_na_neko_no_machi_meltier),日常/治愈系 · 兽耳/亚人 · 日常/治愈 · 单色/灰度 · 漫画/多格,https://danbooru.donmai.us/artists/1393230
1418803,hori_(hori_no_su),1500,200,全年龄向,0.0,单色线稿派,同人为主,群像/多人,体型特征/兽耳/亚人,单色/灰度/漫画分镜,漫画/多格,azur_lane|azur_lane:_slow_ahead|batman_(series),azur_lane:_slow_ahead azur_lane z23_(azur_lane) laffey_(azur_lane) ayanami_(azur_lane) javelin_(azur_lane) greyscale dmitri_donskoi_(azur_lane),单色线稿派 · 体型特征 · 兽耳/亚人 · 单色/灰度 · 漫画/多格,https://danbooru.donmai.us/artists/1418803
1695888,mitya,1498,200,全年龄向,0.0,综合向插画师,同人为主,群像/多人,制服/职场/兽耳/亚人,线稿/速写/漫画分镜,肖像/半身,gochuumon_wa_usagi_desu_ka?|genshin_impact|idolmaster,gochuumon_wa_usagi_desu_ka? kirima_syaro fleur_de_lapin_uniform twitter_username watermark waitress employee_uniform noel_(sora_no_method),综合向插画师 · 制服/职场 · 兽耳/亚人 · 线稿/速写 · 肖像/半身,https://danbooru.donmai.us/artists/1695888
565621,jjune,1497,200,情色向,0.455,原创角色设计师,原创为主,男性主体,裸体/暴露/体型特征,漫画分镜/单色/灰度,姿势/动态,genshin_impact|idolmaster|idolmaster_cinderella_girls,fanbox_username patreon_username bar_censor nipples censored birth's_character inverted_nipples naganohara_ryuunosuke,情色向 · 原创角色设计师 · 裸体/暴露 · 体型特征 · 漫画分镜 · 姿势/动态,https://danbooru.donmai.us/artists/565621
1414309,ouchi_kaeru,1496,200,全年龄向,0.0,原创角色设计师,原创为主,男性主体,校园/都市/街景,漫画分镜,漫画/多格,nijisanji,greyscale_with_colored_background colored_speech_bubble pink_theme comic eyelashes talking speech_bubble sweater_vest,原创角色设计师 · 校园 · 都市/街景 · 漫画分镜 · 漫画/多格,https://danbooru.donmai.us/artists/1414309
465167,ito_noizi,1492,200,全年龄向,0.005,综合向插画师,同人为主,群像/多人,校园/和风,线稿/速写/素描/炭笔,单人立绘,suzumiya_haruhi_no_yuuutsu|love_live!|love_live!_school_idol_project,suzumiya_haruhi_no_yuuutsu suzumiya_haruhi kita_high_school_uniform asahina_mikuru nagato_yuki koizumi_itsuki kyon sos_brigade,综合向插画师 · 校园 · 和风 · 线稿/速写 · 单人立绘,https://danbooru.donmai.us/artists/465167
407181,mizuhara_aki,1490,200,全年龄向,0.005,BL/腐向专精,同人为主,男性主体,BL/腐向/军事/枪械,单色/灰度/漫画分镜,肖像/半身,saint_seiya|touken_ranbu|blue_lock,saint_seiya pisces_aphrodite gold_cloth_(saint_seiya) gold_saint blue_lock touken_ranbu aries_muu capricorn_shura,BL/腐向专精 · BL/腐向 · 军事/枪械 · 单色/灰度 · 肖像/半身,https://danbooru.donmai.us/artists/407181
600475,otokuyou,1489,200,情色向,0.385,原创角色设计师,原创为主,女性主体,裸体/暴露/泳装/内衣,单色/灰度/漫画分镜,姿势/动态,blue_archive,ringo-chan_(otokuyou) parallel_hairclips petite kinukawa_chinatsu dairi-chan_(otokuyou) mosaic_censoring censored pov_crotch,情色向 · 原创角色设计师 · 裸体/暴露 · 泳装/内衣 · 单色/灰度 · 姿势/动态,https://danbooru.donmai.us/artists/600475
710633,moisture_(chichi),1485,200,情色向,0.355,R18情色向画师,同人为主,女性主体,裸体/暴露/体型特征,,姿势/动态,hololive|hololive_english|pokemon,plump large_areolae hololive huge_breasts shirogane_noel hololive_english virtual_youtuber curvy,情色向 · R18情色向画师 · 裸体/暴露 · 体型特征 · 姿势/动态 · 同人为主,https://danbooru.donmai.us/artists/710633
460465,tonda,1489,200,全年龄向,0.085,单色线稿派,同人为主,群像/多人,军事/枪械/制服/职场,单色/灰度/漫画分镜,漫画/多格,kantai_collection|idolmaster|idolmaster_cinderella_girls,katori_(kancolle) kantai_collection matsuda_chiyohiko tenryuu_(kancolle) folded_ponytail greyscale tatsuta_(kancolle) shiranui_(kancolle),单色线稿派 · 军事/枪械 · 制服/职场 · 单色/灰度 · 漫画/多格,https://danbooru.donmai.us/artists/460465
1879959,horn/wood,1483,200,硬核R18,0.82,BL/腐向专精,同人为主,男性主体,BL/腐向/裸体/暴露,漫画分镜/单色/灰度,姿势/动态,blue_archive|zenless_zone_zero|arknights,onee-shota shota shotadom ethereal_(zenless_zone_zero) green_penis large_areolae age_difference horse_penis,硬核R18 · BL/腐向专精 · BL/腐向 · 裸体/暴露 · 漫画分镜 · 姿势/动态,https://danbooru.donmai.us/artists/1879959
545395,mishima_kurone,1483,200,全年龄向,0.0,综合向插画师,同人为主,群像/多人,奇幻/魔法/日常/治愈,单色/灰度/漫画分镜,俯视/仰视,kono_subarashii_sekai_ni_shukufuku_wo!|rokudenashi_majutsu_koushi_to_akashic_record|hololive,rokudenashi_majutsu_koushi_to_akashic_record kono_subarashii_sekai_ni_shukufuku_wo! iris_(konosuba) sistine_fibel megumin rumia_tingel alzano_school_uniform grape_hair_ornament,综合向插画师 · 奇幻/魔法 · 日常/治愈 · 单色/灰度 · 俯视/仰视,https://danbooru.donmai.us/artists/545395
387501,rororo,1477,200,情色向,0.435,R18情色向画师,同人为主,女性主体,裸体/暴露/体型特征,特效/后期,单人立绘,zenless_zone_zero|goddess_of_victory:_nikke|hololive,grace_howard helen_(girls'_frontline_2) dp-12_(girls'_frontline) wise_(zenless_zone_zero) zhu_yuan zenless_zone_zero sturm_(granblue_fantasy) pubic_hair,情色向 · R18情色向画师 · 裸体/暴露 · 体型特征 · 特效/后期 · 单人立绘,https://danbooru.donmai.us/artists/387501
10206,suzuhira_hiro,1476,200,轻度色气,0.145,日常/治愈系,同人为主,男性主体,角色扮演/异装/裸体/暴露,特效/后期,俯视/仰视,tsuki_ni_yorisou_otome_no_sahou|senkou_no_clarias|tsuki_ni_yorisou_otome_no_sahou_2,tsuki_ni_yorisou_otome_no_sahou double_bowtie senkou_no_clarias tsuki_ni_yorisou_otome_no_sahou_2 sakurakouji_luna phantom_breaker grey_bowtie kokura_asahi,日常/治愈系 · 角色扮演/异装 · 裸体/暴露 · 特效/后期 · 俯视/仰视,https://danbooru.donmai.us/artists/10206
537775,tonee,1478,200,轻度色气,0.005,日常/治愈系,同人为主,群像/多人,泳装/内衣/日常/治愈,,差分/变体,fate_(series)|fate/apocrypha|fate/grand_order,mordred_(fate) fate/apocrypha fate_(series) red_scrunchie fate/grand_order half_up_braid mordred_(swimsuit_rider)_(first_ascension)_(fate) saber_(fate),日常/治愈系 · 泳装/内衣 · 日常/治愈 · 差分/变体 · 同人为主,https://danbooru.donmai.us/artists/537775
1314831,kanzakietc,1469,200,全年龄向,0.0,综合向插画师,同人为主,群像/多人,校园/兽耳/亚人,漫画分镜,差分/变体,umamusume|touhou|yu-gi-oh!,umamusume ear_covers horse_girl horse_tail horse_ears seiun_sky_(umamusume) duel_monster one-hour_drawing_challenge,综合向插画师 · 校园 · 兽耳/亚人 · 漫画分镜 · 差分/变体,https://danbooru.donmai.us/artists/1314831
2508476,yukitake_(bullfalk),1465,200,全年龄向,0.0,综合向插画师,同人为主,群像/多人,校园/音乐/偶像,漫画分镜/线稿/速写,漫画/多格,bang_dream!|bang_dream!_it's_mygo!!!!!|idolmaster,bang_dream! bang_dream!_it's_mygo!!!!! kaname_raana shiina_taki chihaya_anon bang_dream!_our_notes gakuen_idolmaster takamatsu_tomori,综合向插画师 · 校园 · 音乐/偶像 · 漫画分镜 · 漫画/多格,https://danbooru.donmai.us/artists/2508476
382437,happoubi_jin,1459,200,硬核R18,0.515,R18情色向画师,同人为主,男性主体,裸体/暴露/和风,,俯视/仰视,bishoujo_mangekyou_(series)|bishoujo_mangekyou_ibun:_yuki_onna|bishoujo_mangekyou:_norowareshi_densetsu_no_shoujo,bishoujo_mangekyou_(series) bishoujo_mangekyou_ibun:_yuki_onna shirayuki_hime_(bishoujo_mangekyou) renfutsu_yukinoshin snowflake_hair_ornament hair_spread_out mosaic_censoring male_pubic_hair,硬核R18 · R18情色向画师 · 裸体/暴露 · 和风 · 俯视/仰视 · 同人为主,https://danbooru.donmai.us/artists/382437
1118116,yopparai_oni,1454,200,情色向,0.315,同人角色专精,同人为主,男性主体,手足/局部/裸体/暴露,特效/后期/漫画分镜,肖像/半身,love_live!|love_live!_nijigasaki_high_school_idol_club|love_live!_sunshine!!,love_live! love_live!_nijigasaki_high_school_idol_club love_live!_sunshine!! love_live!_superstar!! satin_panties love_live!_hasu_no_sora_jogakuin_school_idol_club satin giving_wedgie,情色向 · 同人角色专精 · 手足/局部 · 裸体/暴露 · 特效/后期 · 肖像/半身,https://danbooru.donmai.us/artists/1118116
382537,mikage_takashi,1471,200,全年龄向,0.0,综合向插画师,同人为主,群像/多人,制服/职场/和风,漫画分镜,漫画/多格,kantai_collection|umamusume|kobeya,kantai_collection ooyodo_(kancolle) naganami_(kancolle) twitter_username umamusume horse_girl kobeya_uniform horse_ears,综合向插画师 · 制服/职场 · 和风 · 漫画分镜 · 漫画/多格,https://danbooru.donmai.us/artists/382537
691538,mizumoto_tadashi,1454,200,全年龄向,0.0,单色线稿派,同人为主,群像/多人,校园/和风,单色/灰度/漫画分镜,漫画/多格,touhou|kantai_collection|lotus_eaters,non-human_admiral_(kancolle) admiral_(kancolle) fubuki_(kancolle) touhou kantai_collection musashi_kai_ni_(kancolle) houraisan_kaguya jinbaori,单色线稿派 · 校园 · 和风 · 单色/灰度 · 漫画/多格,https://danbooru.donmai.us/artists/691538
616918,meito_(maze),1459,200,全年龄向,0.035,综合向插画师,原创/同人混合,男性主体,校园/泳装/内衣,,单人立绘,indie_virtual_youtuber|ts_loli_oji-san_no_boukan|red_corruption,mitsuki_shio tachikawa_nobuo ts_loli_oji-san_no_boukan leoria_(red_corruption) red_corruption indie_virtual_youtuber loli puffy_long_sleeves,综合向插画师 · 校园 · 泳装/内衣 · 单人立绘 · 原创/同人混合,https://danbooru.donmai.us/artists/616918
414554,yoshi_tama,1451,200,情色向,0.395,R18情色向画师,同人为主,男性主体,裸体/暴露/体型特征,漫画分镜,姿势/动态,kantai_collection|senki_zesshou_symphogear|touhou,naganami_(kancolle) kantai_collection senki_zesshou_symphogear yukine_chris lactation undersuit taimanin_suit naganami_kai_ni_(kancolle),情色向 · R18情色向画师 · 裸体/暴露 · 体型特征 · 漫画分镜 · 姿势/动态,https://danbooru.donmai.us/artists/414554
1289639,kuavera,1449,200,轻度色气,0.0,综合向插画师,同人为主,女性主体,体型特征/神话/宗教,,差分/变体,blue_archive|azur_lane|goddess_of_victory:_nikke,blue_archive huge_breasts asuna_(blue_archive) halo rio_(blue_archive) thick_thighs azur_lane taihou_(azur_lane),综合向插画师 · 体型特征 · 神话/宗教 · 差分/变体 · 同人为主,https://danbooru.donmai.us/artists/1289639
1260068,gibagiba,1454,200,全年龄向,0.04,漫画/剧情向,同人为主,男性主体,体型特征/角色扮演/异装,漫画分镜/单色/灰度,漫画/多格,ochame_na_okusan_to_no_nichijou_chabangoto|monster_strike|kantai_collection,ochame_na_okusan_to_no_nichijou_chabangoto sayama_saho sayama_youtarou monster_strike mole_under_mouth fujiwara_yamato_(gibagiba) comic greyscale,漫画/剧情向 · 体型特征 · 角色扮演/异装 · 漫画分镜 · 漫画/多格,https://danbooru.donmai.us/artists/1260068
1361643,jmg,1448,200,情色向,0.32,R18情色向画师,同人为主,女性主体,体型特征/裸体/暴露,,姿势/动态,zenless_zone_zero|pokemon|boku_no_hero_academia,large_areolae thick_thighs huge_breasts curvy huge_nipples lactation alternate_breast_size_(larger) gigantic_breasts,情色向 · R18情色向画师 · 体型特征 · 裸体/暴露 · 姿势/动态 · 同人为主,https://danbooru.donmai.us/artists/1361643
1566617,juukyuu,1446,200,全年龄向,0.005,漫画/剧情向,原创为主,群像/多人,校园/日常/治愈,漫画分镜/线稿/速写,漫画/多格,,solid_circle_eyes mutsumi_(juukyuu) yui_(juukyuu) aki_(juukyuu) tomo_(juukyuu) azusa_(juukyuu) 4koma chihiro_(juukyuu),漫画/剧情向 · 校园 · 日常/治愈 · 漫画分镜 · 漫画/多格,https://danbooru.donmai.us/artists/1566617
1361662,moyazou_(kitaguni_moyashi_seizoujo),1445,200,全年龄向,0.0,奇幻/魔法题材,同人为主,群像/多人,奇幻/魔法/日常/治愈,漫画分镜,漫画/多格,touhou|ouchi_no_mahou_shoujo|mouko_tanmen_nakamoto,ouchi_no_mahou_shoujo musashiseki_momoka kouenji_kuromi okazaki_shiro flower_wand cirno heart_on_chest ice_wings,奇幻/魔法题材 · 奇幻/魔法 · 日常/治愈 · 漫画分镜 · 漫画/多格,https://danbooru.donmai.us/artists/1361662
1671741,beer_hsk,1447,200,全年龄向,0.0,同人角色专精,同人为主,群像/多人,校园/兽耳/亚人,单色/灰度/漫画分镜,漫画/多格,umamusume|umanari_ichi_furlong_theater|twitter,t.m._opera_o_(umamusume) umamusume horse_ears tracen_school_uniform fuji_kiseki_(umamusume) nakayama_festa_(umamusume) mini_crown horse_girl,同人角色专精 · 校园 · 兽耳/亚人 · 单色/灰度 · 漫画/多格,https://danbooru.donmai.us/artists/1671741
650303,sky-freedom,1442,200,轻度色气,0.14,综合向插画师,同人为主,群像/多人,体型特征/裸体/暴露,单色/灰度/漫画分镜,漫画/多格,joshi_kousei_rich_thots|sousou_no_frieren|goddess_of_victory:_nikke,joshi_kousei_rich_thots return_of_the_condor_heroes condor_trilogy rena_(joshi_kousei_rich_thots) li_mochou yang_guo aimi_(joshi_kousei_rich_thots) xiao_long_nu,综合向插画师 · 体型特征 · 裸体/暴露 · 单色/灰度 · 漫画/多格,https://danbooru.donmai.us/artists/650303
658066,sekina,1440,200,全年龄向,0.0,BL/腐向专精,同人为主,男性主体,BL/腐向/军事/枪械,线稿/速写/素描/炭笔,肖像/半身,helios_rising_heroes|on_air!|project_sekai,helios_rising_heroes on_air! otori_akira gray_reverse billy_wise will_sprout kisaragi_ren_(helios_rising_heroes) happy_birthday,BL/腐向专精 · BL/腐向 · 军事/枪械 · 线稿/速写 · 肖像/半身,https://danbooru.donmai.us/artists/658066
424419,dr_rex,1439,200,情色向,0.005,综合向插画师,同人为主,女性主体,裸体/暴露/泳装/内衣,,俯视/仰视,vocaloid|sono_bisque_doll_wa_koi_wo_suru|kantai_collection,fake_magazine_cover fake_cover magazine_cover eyes_out_of_frame head_out_of_frame cover cover_page striped_panties,情色向 · 综合向插画师 · 裸体/暴露 · 泳装/内衣 · 俯视/仰视 · 同人为主,https://danbooru.donmai.us/artists/424419
1678472,kilye_kairi,1439,200,轻度色气,0.2,原创角色设计师,原创为主,男性主体,BL/腐向/兽耳/亚人,,俯视/仰视,idolmaster|kantai_collection|idolmaster_cinderella_girls,latex_bodysuit latex skin_tight gimp_mask bodysuit covered_penis black_bodysuit nose_hook,原创角色设计师 · BL/腐向 · 兽耳/亚人 · 俯视/仰视 · 原创为主,https://danbooru.donmai.us/artists/1678472
699913,cato_(monocatienus),1438,200,全年龄向,0.0,同人角色专精,同人为主,群像/多人,自然/风景/校园,赛璐璐/平涂/漫画分镜,肖像/半身,touhou|mcdonald's|foul_detective_satori,touhou rumia wriggle_nightbug antennae bird_ears mystia_lorelei letty_whiterock anime_coloring,同人角色专精 · 自然/风景 · 校园 · 赛璐璐/平涂 · 肖像/半身,https://danbooru.donmai.us/artists/699913
1300290,isshiki_(ffmania7),1437,200,全年龄向,0.0,传统手绘媒介,同人为主,男性主体,音乐/偶像/军事/枪械,线稿/速写/素描/炭笔,差分/变体,kamitsubaki_studio|nijisanji|nijisanji_koshien,kamitsubaki_studio rim_(kamitsubaki_studio) kaf_(kamitsubaki_studio) harusaruhi isekaijoucho virtual_youtuber nijisanji koko_(kamitsubaki_studio),传统手绘媒介 · 音乐/偶像 · 军事/枪械 · 线稿/速写 · 差分/变体,https://danbooru.donmai.us/artists/1300290
529765,homare_(fool's_art),1434,200,全年龄向,0.075,奇幻/魔法题材,原创/同人混合,群像/多人,奇幻/魔法/科幻/机甲,,俯视/仰视,dc_comics|marvel|fire_emblem,okusama_no_kaifuku-jutsu rui_(okusama_no_kaifuku-jutsu) dc_comics shion_(okusama_no_kaifuku-jutsu) lipstick nuibaba fantasy lips,奇幻/魔法题材 · 奇幻/魔法 · 科幻/机甲 · 俯视/仰视 · 原创/同人混合,https://danbooru.donmai.us/artists/529765
1402749,re_ghotion,1425,200,全年龄向,0.0,百合专精,同人为主,群像/多人,百合/GL/恋爱/情感,线稿/速写/素描/炭笔,姿势/动态,"touhou|dateless_bar_""old_adam""|wixoss",usami_renko maribel_hearn touhou contrast_collar missing_headwear nippaku_zanmu yomotsu_hisami purple_dress,百合专精 · 百合/GL · 恋爱/情感 · 线稿/速写 · 姿势/动态,https://danbooru.donmai.us/artists/1402749
680802,swd3e2,1431,200,轻度色气,0.295,综合向插画师,同人为主,群像/多人,恐怖/猎奇/裸体/暴露,特效/后期,场景插画,wuthering_waves|closers|azur_lane,closers levia_(closers) wuthering_waves post-apocalypse mirae_(closers) tacet_mark_(wuthering_waves) flame's_daughter huge_moon,综合向插画师 · 恐怖/猎奇 · 裸体/暴露 · 特效/后期 · 场景插画,https://danbooru.donmai.us/artists/680802
387208,himura_kiseki,1423,200,全年龄向,0.0,同人角色专精,同人为主,群像/多人,校园/制服/职场,单色/灰度/漫画分镜,漫画/多格,getsuyoubi_no_tawawa|sousou_no_frieren|chiikawa,getsuyoubi_no_tawawa ai-chan_(tawawa) blue_theme silent_comic volley-bu-chan_(tawawa) kouhai-chan_(tawawa) tonari-chan_(tawawa) joushi-chan_(tawawa),同人角色专精 · 校园 · 制服/职场 · 单色/灰度 · 漫画/多格,https://danbooru.donmai.us/artists/387208
377572,watanabe_akio,1419,200,轻度色气,0.21,日常/治愈系,同人为主,群像/多人,裸体/暴露/校园,赛璐璐/平涂/线稿/速写,俯视/仰视,grisaia_(series)|grisaia_battlefield_barcarolle|zutto_issho,grisaia_(series) kazami_yuuji grisaia_battlefield_barcarolle sakaki_yumiko matsushima_michiru zutto_issho grisaia_no_rakuen grisaia_phantom_trigger,日常/治愈系 · 裸体/暴露 · 校园 · 赛璐璐/平涂 · 俯视/仰视,https://danbooru.donmai.us/artists/377572
504623,ootsuki_wataru,1413,200,情色向,0.315,同人角色专精,同人为主,群像/多人,裸体/暴露/手足/局部,单色/灰度/线稿/速写,姿势/动态,touhou|taimanin_(series)|poptepipic,mizuhashi_parsee touhou shibari red_rope crotch_rope bondage frilled_hair_tubes bdsm,情色向 · 同人角色专精 · 裸体/暴露 · 手足/局部 · 单色/灰度 · 姿势/动态,https://danbooru.donmai.us/artists/504623
1572338,rino_cnc,1412,200,全年龄向,0.0,像素/复古画师,原创/同人混合,群像/多人,校园/女仆/侍女,像素画/单色/灰度,漫画/多格,vspo!|idolmaster|idolmaster_cinderella_girls,vspo! tosaki_mimi harapeko_shoujo_to_tantei_to ichihara_nina haruno_ritsuka twitter_username virtual_youtuber futaba_anzu,像素/复古画师 · 校园 · 女仆/侍女 · 像素画 · 漫画/多格,https://danbooru.donmai.us/artists/1572338
571478,tk8d32,1421,200,全年龄向,0.015,同人角色专精,同人为主,男性主体,女仆/侍女/制服/职场,漫画分镜,差分/变体,kantai_collection|gundam|kamen_rider,kantai_collection dominatrix dated enmaided whip holding_whip latex signature,同人角色专精 · 女仆/侍女 · 制服/职场 · 漫画分镜 · 差分/变体,https://danbooru.donmai.us/artists/571478
539639,kase_daiki,1407,200,硬核R18,0.55,原创角色设计师,原创为主,群像/多人,校园/泳装/内衣,漫画分镜,漫画/多格,lawson|touhou,colored_speech_bubble itou_(elder_sister) ashihara_seiji_(kase_daiki) 2koma cousins nagiha_(kase_daiki) kurita_rise_(kase_daiki) itou_(younger_sister),硬核R18 · 原创角色设计师 · 校园 · 泳装/内衣 · 漫画分镜 · 漫画/多格,https://danbooru.donmai.us/artists/539639
1601013,cait_aron,1405,200,轻度色气,0.06,综合向插画师,同人为主,群像/多人,裸体/暴露/泳装/内衣,,俯视/仰视,boku_wa_tomodachi_ga_sukunai|hololive|genshin_impact,boku_wa_tomodachi_ga_sukunai kashiwazaki_sena yomi_(senran_kagura) butterfly_hair_ornament senran_kagura hololive alisa_mikhailovna_kujou tokidoki_bosotto_roshia-go_de_dereru_tonari_no_alya-san,综合向插画师 · 裸体/暴露 · 泳装/内衣 · 俯视/仰视 · 同人为主,https://danbooru.donmai.us/artists/1601013
1534441,optionaltypo,1401,200,情色向,0.445,R18情色向画师,同人为主,群像/多人,裸体/暴露/军事/枪械,单色/灰度,姿势/动态,neon_genesis_evangelion|indie_virtual_youtuber|degrees_of_lewdity,degrees_of_lewdity player_character_(degrees_of_lewdity) player_character_(female)_(degrees_of_lewdity) neon_genesis_evangelion souryuu_asuka_langley saruei_(vtuber) uncensored mass_production_eva,情色向 · R18情色向画师 · 裸体/暴露 · 军事/枪械 · 单色/灰度 · 姿势/动态,https://danbooru.donmai.us/artists/1534441
1761030,tf_cafe,1401,200,轻度色气,0.06,同人角色专精,同人为主,女性主体,泳装/内衣/体型特征,,差分/变体,kantai_collection|touhou|blue_archive,one-hour_drawing_challenge kantai_collection twitter_username cropped_legs striped_blush plus_sign long_sidelocks alternate_breast_size_(larger),同人角色专精 · 泳装/内衣 · 体型特征 · 差分/变体 · 同人为主,https://danbooru.donmai.us/artists/1761030
1353551,jokanhiyou,1397,200,全年龄向,0.0,同人角色专精,同人为主,群像/多人,手足/局部/日常/治愈,漫画分镜,表情/表演,touhou|dota_(series)|dota_2,bilingual_text chinese_text fujiwara_no_mokou mixed-language_text no_nose touhou engrish_text ranguage,同人角色专精 · 手足/局部 · 日常/治愈 · 漫画分镜 · 表情/表演,https://danbooru.donmai.us/artists/1353551
1349654,yomu_(sgt_epper),1396,200,全年龄向,0.005,漫画/剧情向,同人为主,群像/多人,手足/局部/制服/职场,漫画分镜/单色/灰度,漫画/多格,ganbare_douki-chan|imasara_desu_ga_osananajimi_wo_suki_ni_natte_shimaimashita|dead_or_alive,ganbare_douki-chan douki-chan_(douki-chan) douki-kun_(douki-chan) imasara_desu_ga_osananajimi_wo_suki_ni_natte_shimaimashita kouhai-chan_(douki-chan) shirasaka_hikari shinjin-chan_(douki-chan) matsushita_ayami,漫画/剧情向 · 手足/局部 · 制服/职场 · 漫画分镜 · 漫画/多格,https://danbooru.donmai.us/artists/1349654
1465681,himajin_noizu,1392,200,情色向,0.055,单色线稿派,同人为主,群像/多人,体型特征/泳装/内衣,单色/灰度/漫画分镜,俯视/仰视,touhou|seitokai_ni_mo_ana_wa_aru!,touhou monochrome pubic_hair_peek greyscale female_pubic_hair areola_slip speech_bubble pubic_hair,情色向 · 单色线稿派 · 体型特征 · 泳装/内衣 · 单色/灰度 · 俯视/仰视,https://danbooru.donmai.us/artists/1465681
1403273,kukie-nyan,1397,200,全年龄向,0.0,同人角色专精,同人为主,群像/多人,兽耳/亚人/音乐/偶像,线稿/速写,肖像/半身,hololive|hololive_english|hololive_dev_is,hololive hololive_english virtual_youtuber koseki_bijou fuwawa_abyssgard mococo_abyssgard blush_stickers sakura_miko,同人角色专精 · 兽耳/亚人 · 音乐/偶像 · 线稿/速写 · 肖像/半身,https://danbooru.donmai.us/artists/1403273
1551655,kairunoburogu,1395,200,硬核R18,0.615,日常/治愈系,原创为主,男性主体,手足/局部/裸体/暴露,,俯视/仰视,tales_of_(series)|tales_of_the_rays|indie_virtual_youtuber,foot_focus presenting_own_foot uncensored tales_of_the_rays clitoral_hood greek_toe soles tales_of_(series),硬核R18 · 日常/治愈系 · 手足/局部 · 裸体/暴露 · 俯视/仰视 · 原创为主,https://danbooru.donmai.us/artists/1551655
1287561,akairiot,1391,200,情色向,0.275,综合向插画师,原创/同人混合,女性主体,裸体/暴露/兽人/furry,赛璐璐/平涂/单色/灰度,差分/变体,zenless_zone_zero|granblue_fantasy|pokemon,iru_may_(akairiot) zenless_zone_zero uncensored granblue_fantasy paz_ruiz_(akairiot) burnice_white pubic_hair nipples,情色向 · 综合向插画师 · 裸体/暴露 · 兽人/furry · 赛璐璐/平涂 · 差分/变体,https://danbooru.donmai.us/artists/1287561
578825,asamura_hiori,1392,200,全年龄向,0.045,综合向插画师,同人为主,女性主体,体型特征/泳装/内衣,,肖像/半身,blue_archive|zenless_zone_zero|azur_lane,phantasy_star_online_2 phantasy_star gene_(pso2) huge_breasts azur_lane zenless_zone_zero idola_phantasy_star_saga blue_archive,综合向插画师 · 体型特征 · 泳装/内衣 · 肖像/半身 · 同人为主,https://danbooru.donmai.us/artists/578825
1245515,jcm2,1388,200,硬核R18,0.875,R18情色向画师,同人为主,群像/多人,裸体/暴露/科幻/机甲,线稿/速写/素描/炭笔,姿势/动态,marvel|pokemon|the_loud_house,loli pomf_(jcm2) mosaic_censoring age_difference raccoon_boy sex penis toon_(style),硬核R18 · R18情色向画师 · 裸体/暴露 · 科幻/机甲 · 线稿/速写 · 姿势/动态,https://danbooru.donmai.us/artists/1245515
1103547,akitsuki_karasu,1387,200,情色向,0.24,综合向插画师,同人为主,女性主体,体型特征/泳装/内衣,漫画分镜,俯视/仰视,fate/grand_order|fate_(series)|azur_lane,kurochijo_(akitsuki_karasu) fate/grand_order fate_(series) scathach_(fate) artoria_pendragon_(fate) artoria_pendragon_(lancer)_(fate) twitter_username azur_lane,情色向 · 综合向插画师 · 体型特征 · 泳装/内衣 · 漫画分镜 · 俯视/仰视,https://danbooru.donmai.us/artists/1103547
1704646,yanyo_(ogino_atsuki),1391,200,情色向,0.26,综合向插画师,同人为主,群像/多人,神话/宗教/裸体/暴露,单色/灰度/线稿/速写,姿势/动态,blue_archive|umamusume|precure,renge_(blue_archive) blue_archive natsuki_(blue_archive) halo dragon_tail single_horn red_halo red_tail,情色向 · 综合向插画师 · 神话/宗教 · 裸体/暴露 · 单色/灰度 · 姿势/动态,https://danbooru.donmai.us/artists/1704646
865578,dandon_fuga,1380,200,轻度色气,0.1,综合向插画师,同人为主,双人/CP,体型特征/军事/枪械,漫画分镜,姿势/动态,marvel|marvel_rivals|dc_comics,toned_female toned abs bubble_(dandon_fuga) marvel marvel_rivals muscular_female gumroad_username,综合向插画师 · 体型特征 · 军事/枪械 · 漫画分镜 · 姿势/动态,https://danbooru.donmai.us/artists/865578
499566,niwatazumi,1385,200,全年龄向,0.005,传统手绘媒介,同人为主,群像/多人,军事/枪械/制服/职场,单色/灰度/线稿/速写,漫画/多格,kantai_collection|fate_(series)|fate/grand_order,tatebayashi_sakurako female_admiral_(kancolle) kantai_collection military military_uniform greyscale military_hat monochrome,传统手绘媒介 · 军事/枪械 · 制服/职场 · 单色/灰度 · 漫画/多格,https://danbooru.donmai.us/artists/499566
382174,odawara_hakone,1378,200,全年龄向,0.0,同人角色专精,同人为主,群像/多人,日常/治愈/校园,漫画分镜/特效/后期,漫画/多格,umamusume|nyaaaanvy|pakatube,narita_taishin_(umamusume) narita_taishin's_daughter_(odawara_hakone) umamusume horse_ears trainer_(umamusume) if_they_mated horse_girl horse_tail,同人角色专精 · 日常/治愈 · 校园 · 漫画分镜 · 漫画/多格,https://danbooru.donmai.us/artists/382174
2085370,fujigaya_arctia,1377,200,硬核R18,1.0,R18情色向画师,同人为主,女性主体,裸体/暴露/都市/街景,,单人立绘,mahjong_soul,shinomiya_fuyumi mahjong_soul hanging_plant yellow_socks frilled_socks no_eyepatch pom_pom_hair_ornament panties_around_one_leg,硬核R18 · R18情色向画师 · 裸体/暴露 · 都市/街景 · 单人立绘 · 同人为主,https://danbooru.donmai.us/artists/2085370
1226879,satou_kibi,1378,200,全年龄向,0.0,综合向插画师,同人为主,群像/多人,神话/宗教/兽耳/亚人,单色/灰度/漫画分镜,漫画/多格,blue_archive|touhou|arknights,blue_archive halo haruna_(blue_archive) eimi_(blue_archive) himari_(blue_archive) akari_(blue_archive) izumi_(blue_archive) junko_(blue_archive),综合向插画师 · 神话/宗教 · 兽耳/亚人 · 单色/灰度 · 漫画/多格,https://danbooru.donmai.us/artists/1226879
1226893,elf_(stroll_in_the_woods),1376,200,轻度色气,0.045,综合向插画师,同人为主,女性主体,泳装/内衣/裸体/暴露,漫画分镜/单色/灰度,表情/表演,girls_und_panzer|lyrical_nanoha|ranma_1/2,girls_und_panzer anchovy_(girls_und_panzer) mika_(girls_und_panzer) darjeeling_(girls_und_panzer) white_pupils lyrical_nanoha speech_bubble itsumi_erika,综合向插画师 · 泳装/内衣 · 裸体/暴露 · 漫画分镜 · 表情/表演,https://danbooru.donmai.us/artists/1226893
1262306,youko-shima,1375,200,全年龄向,0.0,同人角色专精,同人为主,男性主体,BL/腐向/恐怖/猎奇,单色/灰度/漫画分镜,漫画/多格,danganronpa_(series)|danganronpa_2:_goodbye_despair|danganronpa_v3:_killing_harmony,danganronpa_(series) danganronpa_2:_goodbye_despair danganronpa_v3:_killing_harmony hinata_hajime komaeda_nagito nanami_chiaki monomi_(danganronpa) yu-gi-oh!_5d's,同人角色专精 · BL/腐向 · 恐怖/猎奇 · 单色/灰度 · 漫画/多格,https://danbooru.donmai.us/artists/1262306
1263268,ririko_(zhuoyandesailaer),1372,200,全年龄向,0.0,综合向插画师,同人为主,女性主体,校园/中式,,俯视/仰视,boku_no_kokoro_no_yabai_yatsu|xenoblade_chronicles_(series)|xenoblade_chronicles_2,yamada_anna boku_no_kokoro_no_yabai_yatsu xenoblade_chronicles_2 saegusa_futaba xenoblade_chronicles_(series) eiyuu_densetsu emily_stock kuro_no_kiseki_(series),综合向插画师 · 校园 · 中式 · 俯视/仰视 · 同人为主,https://danbooru.donmai.us/artists/1263268
1875854,cedar_(cedar_japonica),1366,200,硬核R18,0.685,R18情色向画师,原创/同人混合,群像/多人,裸体/暴露/手足/局部,特效/后期,俯视/仰视,gochuumon_wa_usagi_desu_ka?|voiceroid|idolmaster,gochuumon_wa_usagi_desu_ka? touhoku_kiritan voiceroid loli mosaic_censoring folded kafuu_chino bukkake,硬核R18 · R18情色向画师 · 裸体/暴露 · 手足/局部 · 特效/后期 · 俯视/仰视,https://danbooru.donmai.us/artists/1875854
1250239,engiyoshi,1364,200,全年龄向,0.0,单色线稿派,同人为主,群像/多人,科幻/机甲/神话/宗教,单色/灰度/漫画分镜,漫画/多格,blue_archive|umamusume|idolmaster,tracen_school_uniform hanami_saki umamusume gakuen_idolmaster comiket_104 horse_girl horse_ears blue_archive,单色线稿派 · 科幻/机甲 · 神话/宗教 · 单色/灰度 · 漫画/多格,https://danbooru.donmai.us/artists/1250239
1534458,mossacannibalis,1368,200,轻度色气,0.14,机甲/军事题材,原创/同人混合,非人物/静物,军事/枪械/恐怖/猎奇,,表情/表演,warhammer_40k|the_summoning|chainsaw_man,warhammer_40k claire_d'lune the_summoning t'au coomer_(meme) coomer_(mossacannibalis) warhammer_fantasy cultist-chan,机甲/军事题材 · 军事/枪械 · 恐怖/猎奇 · 表情/表演 · 原创/同人混合,https://danbooru.donmai.us/artists/1534458
544574,nishi_koutarou,1360,200,全年龄向,0.015,机甲/军事题材,同人为主,群像/多人,科幻/机甲/兽人/furry,漫画分镜/单色/灰度,肖像/半身,kantai_collection|umamusume|gundam,kantai_collection ryuujou_(kancolle) gundam_gquuuuuux umamusume ikazuchi_(kancolle) amate_yuzuriha horse_girl inazuma_(kancolle),机甲/军事题材 · 科幻/机甲 · 兽人/furry · 漫画分镜 · 肖像/半身,https://danbooru.donmai.us/artists/544574
559510,meow_(nekodenki),1357,200,情色向,0.45,原创角色设计师,原创为主,女性主体,裸体/暴露/体型特征,漫画分镜,姿势/动态,ore_no_imouto_ga_konna_ni_kawaii_wake_ga_nai|choujin_koukousei-tachi_wa_isekai_demo_yoyuu_de_ikinuku_you_desu!|atelier_(series),loli mosaic_censoring black_pubic_hair sex nipples male_pubic_hair pubic_hair censored,情色向 · 原创角色设计师 · 裸体/暴露 · 体型特征 · 漫画分镜 · 姿势/动态,https://danbooru.donmai.us/artists/559510
537669,imizu_(nitro_unknown),1360,200,全年龄向,0.02,单色线稿派,同人为主,非人物/静物,军事/枪械/战斗/动作,单色/灰度/漫画分镜,漫画/多格,touhou|fate_(series)|fate/grand_order,touhou hong_meiling vrchat izayoi_sakuya greyscale ar-15 monochrome hinanawi_tenshi,单色线稿派 · 军事/枪械 · 战斗/动作 · 单色/灰度 · 漫画/多格,https://danbooru.donmai.us/artists/537669
1427989,ru_zhai,1355,200,情色向,0.43,R18情色向画师,同人为主,男性主体,裸体/暴露/手足/局部,特效/后期,俯视/仰视,wuthering_waves|arknights|arknights:_endfield,wuthering_waves tacet_mark_(wuthering_waves) aemeath_(wuthering_waves) mornye_(wuthering_waves) denia_(wuthering_waves) glitch rover_(wuthering_waves) see-through_body,情色向 · R18情色向画师 · 裸体/暴露 · 手足/局部 · 特效/后期 · 俯视/仰视,https://danbooru.donmai.us/artists/1427989
1324482,bigrbear,1351,200,硬核R18,0.835,R18情色向画师,原创为主,群像/多人,裸体/暴露/自然/风景,,姿势/动态,spice_and_wolf|kaguya-sama_wa_kokurasetai_~tensai-tachi_no_renai_zunousen~|arknights,ophelia_(bigrbear) ophelia's_maid_(bigrbear) uncensored ostia_(bigrbear) antica_(bigrbear) clitoral_hood cleft_of_venus pussy,硬核R18 · R18情色向画师 · 裸体/暴露 · 自然/风景 · 姿势/动态 · 原创为主,https://danbooru.donmai.us/artists/1324482
454436,ama_mitsuki,1351,200,全年龄向,0.0,原创角色设计师,原创为主,男性主体,校园/泳装/内衣,漫画分镜,漫画/多格,uchi_no_hime-sama_ga_ichiban_kawaii|vocaloid,uchi_no_hime-sama_ga_ichiban_kawaii miki_(ama_mitsuki) hikari_(ama_mitsuki) hina_(ama_mitsuki) sara_heartlock uriela_(uchihime) platform_sandals gabriella_(uchihime),原创角色设计师 · 校园 · 泳装/内衣 · 漫画分镜 · 漫画/多格,https://danbooru.donmai.us/artists/454436
1281280,pentagon_(railgun_ky1206),1349,200,全年龄向,0.0,原创角色设计师,原创为主,群像/多人,校园/自然/风景,,姿势/动态,vocaloid|magical_mirai_(vocaloid)|utau,osana_naruka futaba_akane_(pentagon) tsurugi_saya futaba_kohane_(pentagon) hatsune_miku parted_hair osana_manaka vocaloid,原创角色设计师 · 校园 · 自然/风景 · 姿势/动态 · 原创为主,https://danbooru.donmai.us/artists/1281280
624772,makuwauri,1352,200,全年龄向,0.0,单色线稿派,同人为主,群像/多人,奇幻/魔法/和风,单色/灰度/漫画分镜,漫画/多格,touhou|touhou_cannonball|dragon_ball,toyosatomimi_no_miko pointy_hair touhou earmuffs ritual_baton mononobe_no_futo soga_no_tojiko cirno,单色线稿派 · 奇幻/魔法 · 和风 · 单色/灰度 · 漫画/多格,https://danbooru.donmai.us/artists/624772
1240101,niiko_(gonnzou),1346,200,全年龄向,0.0,单色线稿派,同人为主,群像/多人,兽耳/亚人/战斗/动作,单色/灰度/漫画分镜,漫画/多格,touhou|kemono_friends|jojo_no_kimyou_na_bouken,touhou zun kaenbyou_rin reiuji_utsuho comic chen greyscale komeiji_satori,单色线稿派 · 兽耳/亚人 · 战斗/动作 · 单色/灰度 · 漫画/多格,https://danbooru.donmai.us/artists/1240101
1334035,abmayo,1338,200,硬核R18,0.67,R18情色向画师,同人为主,男性主体,裸体/暴露/手足/局部,,姿势/动态,vocaloid,hatsune_miku vocaloid black_sleeves grey_necktie number_tattoo mosaic_censoring grey_shirt striped_panties,硬核R18 · R18情色向画师 · 裸体/暴露 · 手足/局部 · 姿势/动态 · 同人为主,https://danbooru.donmai.us/artists/1334035
462217,nanase_nao,1343,200,全年龄向,0.0,百合专精,同人为主,双人/CP,奇幻/魔法/兽耳/亚人,单色/灰度/漫画分镜,表情/表演,xenoblade_chronicles_(series)|touhou|xenoblade_chronicles_3,eunie_(xenoblade) xenoblade_chronicles_3 xenoblade_chronicles_(series) alice_margatroid touhou kirisame_marisa xenoblade_chronicles_2 cure_arcana_shadow,百合专精 · 奇幻/魔法 · 兽耳/亚人 · 单色/灰度 · 表情/表演,https://danbooru.donmai.us/artists/462217
410354,lack,1346,200,全年龄向,0.0,像素/复古画师,同人为主,男性主体,和风/战斗/动作,拼贴/混合,姿势/动态,fate_(series)|fate/grand_order|gigo,toudou_heisuke_(fate) gigo fate/grand_order fate_(series) andromeda_(fate) vspo! copyright_notice company_name,像素/复古画师 · 和风 · 战斗/动作 · 拼贴/混合 · 姿势/动态,https://danbooru.donmai.us/artists/410354
645649,negom,1336,200,轻度色气,0.255,百合专精,同人为主,群像/多人,百合/GL/恋爱/情感,漫画分镜/单色/灰度,姿势/动态,genshin_impact|fire_emblem|fire_emblem_engage,keqing_(genshin_impact) ganyu_(genshin_impact) genshin_impact goat_horns cone_hair_bun keqing_(opulent_splendor)_(genshin_impact) shenhe_(genshin_impact) yuri,百合专精 · 百合/GL · 恋爱/情感 · 漫画分镜 · 姿势/动态,https://danbooru.donmai.us/artists/645649
1067992,uccow,1344,200,全年龄向,0.0,同人角色专精,同人为主,群像/多人,角色扮演/异装/制服/职场,单色/灰度/漫画分镜,肖像/半身,idolmaster|idolmaster_cinderella_girls|idolmaster_million_live!,morikubo_nono idolmaster idolmaster_cinderella_girls idolmaster_million_live! idolmaster_million_live!_theater_days ringlets p-head_producer producer_(idolmaster),同人角色专精 · 角色扮演/异装 · 制服/职场 · 单色/灰度 · 肖像/半身,https://danbooru.donmai.us/artists/1067992
695951,mozukuzu_(manukedori),1339,200,全年龄向,0.0,同人角色专精,同人为主,群像/多人,兽耳/亚人/日常/治愈,单色/灰度/漫画分镜,漫画/多格,touhou|taboo_japan_disentanglement|embodiment_of_scarlet_devil,touhou mob_cap shikishi kagiyama_hina maribel_hearn kawashiro_nitori frilled_shirt_collar usami_renko,同人角色专精 · 兽耳/亚人 · 日常/治愈 · 单色/灰度 · 漫画/多格,https://danbooru.donmai.us/artists/695951
522398,yabuki_kentarou,1336,200,全年龄向,0.02,传统手绘媒介,同人为主,群像/多人,历史/复古/体型特征,单色/灰度/线稿/速写,漫画/多格,ayakashi_triangle|to_love-ru|to_love-ru_darkness,ayakashi_triangle kazamaki_matsuri kazamaki_matsuri_(female) kanade_suzu pinwheel_hair_ornament shirogane_(ayatora) to_love-ru pinwheel,传统手绘媒介 · 历史/复古 · 体型特征 · 单色/灰度 · 漫画/多格,https://danbooru.donmai.us/artists/522398
2275920,comodox,1331,200,轻度色气,0.1,日常/治愈系,原创为主,群像/多人,手足/局部/日常/治愈,光影/氛围/线稿/速写,姿势/动态,blue_archive|zenless_zone_zero|genshin_impact,lulla_(comodox) la_aong_(comodox) loli miyu_(blue_archive) nono_(comodox) miu_(comodox) ibuki_(blue_archive) sheryn_(comodox),日常/治愈系 · 手足/局部 · 日常/治愈 · 光影/氛围 · 姿势/动态,https://danbooru.donmai.us/artists/2275920
1517924,aestheticc-meme,1323,200,硬核R18,0.555,R18情色向画师,同人为主,男性主体,体型特征/裸体/暴露,特效/后期/漫画分镜,姿势/动态,indie_virtual_youtuber|rwby|socks_agency,socks_agency rwby zentreya zentreya_(dragon)_(cowboy_bikini) daniela_(aestheticc-meme) sabrina_(aestheticc-meme) zentreya_(dragon) willow_schnee,硬核R18 · R18情色向画师 · 体型特征 · 裸体/暴露 · 特效/后期 · 姿势/动态,https://danbooru.donmai.us/artists/1517924
1439817,bee_(deadflow),1321,200,硬核R18,0.935,R18情色向画师,原创为主,男性主体,裸体/暴露/校园,漫画分镜/单色/灰度,姿势/动态,blue_archive|comiket_102|black_rock_shooter,tomo-chan_(deadflow) mizusawa_ayumi bar_censor kokona_(blue_archive) penis breastless_leotard blue_archive pink_bowtie,硬核R18 · R18情色向画师 · 裸体/暴露 · 校园 · 漫画分镜 · 姿势/动态,https://danbooru.donmai.us/artists/1439817
425804,misaki_kurehito,1316,200,情色向,0.15,综合向插画师,原创/同人混合,双人/CP,裸体/暴露/泳装/内衣,,俯视/仰视,comic_aun|smile_cubic!|suiheisen_made_nan_mile?,comic_aun smile_cubic! tougetsu_matsuri magazine_cover suiheisen_made_nan_mile? textless_cover_page hanami_mariya miyamae_tomoka,情色向 · 综合向插画师 · 裸体/暴露 · 泳装/内衣 · 俯视/仰视 · 原创/同人混合,https://danbooru.donmai.us/artists/425804
2221047,sakiecho,1329,200,轻度色气,0.135,传统手绘媒介,同人为主,女性主体,手足/局部/泳装/内衣,线稿/速写/素描/炭笔,肖像/半身,kantai_collection|idolmaster|flower_knight_girl,kantai_collection rounded_corners fubuki_(kancolle) yellow_background sample_watermark peanut_mouth hatsuyuki_(kancolle) outside_border,传统手绘媒介 · 手足/局部 · 泳装/内衣 · 线稿/速写 · 肖像/半身,https://danbooru.donmai.us/artists/2221047
1348170,maturiuta_sorato,1329,200,轻度色气,0.325,单色线稿派,原创/同人混合,群像/多人,裸体/暴露/神话/宗教,单色/灰度/漫画分镜,漫画/多格,touhou|blue_archive|kanojo_okarishimasu,koakuma touhou patchouli_knowledge amelia_(maturiuta_sorato) greyscale monochrome stats tonica_(maturiuta_sorato),单色线稿派 · 裸体/暴露 · 神话/宗教 · 单色/灰度 · 漫画/多格,https://danbooru.donmai.us/artists/1348170
1510027,merryweather,1311,200,全年龄向,0.03,漫画/剧情向,原创为主,男性主体,BL/腐向/体型特征,漫画分镜,漫画/多格,indie_virtual_youtuber|conspiracy_research_club|minecraft,segmented_comic sally_sinclair talking single_hair_streak black_streaks silas_sinclair jaime_taylor luna_gardner,漫画/剧情向 · BL/腐向 · 体型特征 · 漫画分镜 · 漫画/多格,https://danbooru.donmai.us/artists/1510027
1346870,oekakizuki,1312,200,情色向,0.2,原创角色设计师,原创为主,群像/多人,体型特征/裸体/暴露,,姿势/动态,date_a_live|riichi_city|japanese_urban_legends,gigantic_breasts large_areolae huge_breasts take_your_pick curvy thick_thighs areola_slip covered_nipples,情色向 · 原创角色设计师 · 体型特征 · 裸体/暴露 · 姿势/动态 · 原创为主,https://danbooru.donmai.us/artists/1346870
585929,masukuza_j,1310,200,全年龄向,0.0,单色线稿派,同人为主,群像/多人,军事/枪械/手足/局部,单色/灰度/漫画分镜,漫画/多格,kantai_collection|comiket_95|comiket_99,kantai_collection kaga_(kancolle) t-head_admiral comiket_95 shigure_(kancolle) admiral_(kancolle) hiryuu_(kancolle) zuikaku_(kancolle),单色线稿派 · 军事/枪械 · 手足/局部 · 单色/灰度 · 漫画/多格,https://danbooru.donmai.us/artists/585929
377733,frapowa,1304,200,情色向,0.06,同人角色专精,同人为主,女性主体,泳装/内衣/裸体/暴露,线稿/速写/素描/炭笔,俯视/仰视,love_live!|love_live!_sunshine!!|love_live!_school_idol_project,love_live! love_live!_sunshine!! love_live!_school_idol_project matsuura_kanan ayase_eli otonokizaka_school_uniform takami_chika tojo_nozomi,情色向 · 同人角色专精 · 泳装/内衣 · 裸体/暴露 · 线稿/速写 · 俯视/仰视,https://danbooru.donmai.us/artists/377733
592133,dei_shirou,1310,200,全年龄向,0.0,漫画/剧情向,同人为主,群像/多人,兽耳/亚人/战斗/动作,漫画分镜,漫画/多格,touhou|touhou_tag_dream|touhou_(pc-98),touhou_tag_dream wrestling_outfit wrestling_ring 4koma touhou hinanawi_tenshi crowd peach,漫画/剧情向 · 兽耳/亚人 · 战斗/动作 · 漫画分镜 · 漫画/多格,https://danbooru.donmai.us/artists/592133
1361462,saku_usako_(rabbit),1307,200,全年龄向,0.0,漫画/剧情向,同人为主,群像/多人,日常/治愈/音乐/偶像,漫画分镜,漫画/多格,love_live!|love_live!_school_idol_project|nijisanji,love_live!_school_idol_project love_live! hoshizora_rin koizumi_hanayo |_| 4koma ayase_eli nishikino_maki,漫画/剧情向 · 日常/治愈 · 音乐/偶像 · 漫画分镜 · 漫画/多格,https://danbooru.donmai.us/artists/1361462
2069300,milkshakework,1309,200,情色向,0.4,日常/治愈系,同人为主,群像/多人,裸体/暴露/神话/宗教,漫画分镜,俯视/仰视,blue_archive|comiket_108|na_tian_wo_bangjia_le_yi_zhi_luoli,blue_archive hina_(blue_archive) hoshino_(blue_archive) halo multiple_horns purple_halo mari_(blue_archive) pink_halo,情色向 · 日常/治愈系 · 裸体/暴露 · 神话/宗教 · 漫画分镜 · 俯视/仰视,https://danbooru.donmai.us/artists/2069300
468654,karaagetarou,1321,200,全年龄向,0.0,单色线稿派,原创为主,群像/多人,战斗/动作/科幻/机甲,单色/灰度/漫画分镜,漫画/多格,touhou|mizuho_chuugakusei_sekai_houkai_wa_totsuzen_ni|love_live!,hooded_cloak mizuho_chuugakusei_sekai_houkai_wa_totsuzen_ni comic greyscale taue_mizuho cloak desert monochrome,单色线稿派 · 战斗/动作 · 科幻/机甲 · 单色/灰度 · 漫画/多格,https://danbooru.donmai.us/artists/468654
1446156,gmkj,1303,200,硬核R18,0.77,R18情色向画师,同人为主,女性主体,裸体/暴露/手足/局部,特效/后期/光影/氛围,姿势/动态,blue_archive|wuthering_waves|genshin_impact,wuthering_waves tacet_mark_(wuthering_waves) uncensored kurageu_roa pussy penis blue_archive nipples,硬核R18 · R18情色向画师 · 裸体/暴露 · 手足/局部 · 特效/后期 · 姿势/动态,https://danbooru.donmai.us/artists/1446156
1417906,kanpa_(campagne_9),1309,200,全年龄向,0.02,综合向插画师,同人为主,群像/多人,音乐/偶像/日常/治愈,漫画分镜/单色/灰度,漫画/多格,touhou|blue_archive|vocaloid,touhou disembodied_linked_eye komeiji_koishi twitter_username komeiji_satori heart_of_string eyeball natsuki_karin,综合向插画师 · 音乐/偶像 · 日常/治愈 · 漫画分镜 · 漫画/多格,https://danbooru.donmai.us/artists/1417906
1484482,kopaka_(karda_nui),1302,200,全年龄向,0.03,百合专精,原创为主,双人/CP,校园/百合/GL,漫画分镜,姿势/动态,fate/grand_order|fate_(series)|genshin_impact,hoshikado_sena amagasa_konoka no_socks uwabaki yuri ribbed_socks blush_stickers white_shoes,百合专精 · 校园 · 百合/GL · 漫画分镜 · 姿势/动态,https://danbooru.donmai.us/artists/1484482
1227233,wakabayashi_toshiya,1300,200,全年龄向,0.0,原创角色设计师,原创为主,群像/多人,校园/中式,漫画分镜/单色/灰度,漫画/多格,umi_monogatari|indie_virtual_youtuber|mario_(series),pachinko =_= comic jacket_on_shoulders brown_jacket green_hoodie brown_sweater single_hair_bun,原创角色设计师 · 校园 · 中式 · 漫画分镜 · 漫画/多格,https://danbooru.donmai.us/artists/1227233
625486,sakazaki_freddy,1301,200,全年龄向,0.0,漫画/剧情向,同人为主,群像/多人,体育/运动/日常/治愈,漫画分镜/单色/灰度,漫画/多格,umamusume|umamusume:_cinderella_gray|umamusume:_star_blossom,umamusume horse_girl horse_ears tracen_school_uniform horse_tail stay_gold_(umamusume) tracen_training_uniform 4koma,漫画/剧情向 · 体育/运动 · 日常/治愈 · 漫画分镜 · 漫画/多格,https://danbooru.donmai.us/artists/625486
1557175,harris_hero,1295,200,情色向,0.285,原创角色设计师,原创为主,群像/多人,奇幻/魔法/裸体/暴露,单色/灰度/线稿/速写,表情/表演,jujutsu_kaisen|idolmaster|genshin_impact,yuri_crimson shibari eimi_(harris_hero) gag ish_the_tyrant gagged sayaka_(harris_hero) box_tie,情色向 · 原创角色设计师 · 奇幻/魔法 · 裸体/暴露 · 单色/灰度 · 表情/表演,https://danbooru.donmai.us/artists/1557175
2367558,serizawa_serizane,1294,200,全年龄向,0.0,奇幻/魔法题材,同人为主,男性主体,兽人/furry/奇幻/魔法,线稿/速写/素描/炭笔,肖像/半身,pokemon|precure|pokemon_(anime),cilan_(pokemon) pokemon_the_series:_black_&_white wonderful_precure! iris_(pokemon) precure yume_kawaii pokemon_(anime) pokemon,奇幻/魔法题材 · 兽人/furry · 奇幻/魔法 · 线稿/速写 · 肖像/半身,https://danbooru.donmai.us/artists/2367558
410908,kashiwamochi_yomogi,1291,200,情色向,0.385,R18情色向画师,原创/同人混合,群像/多人,裸体/暴露/体型特征,漫画分镜,姿势/动态,fire_emblem|fire_emblem_fates|fire_emblem_heroes,arima_senne fire_emblem fire_emblem_fates camilla_(fire_emblem) arima_senka palla_(fire_emblem) elise_(fire_emblem) camilla_(light_of_nohr)_(resplendent)_(fire_emblem),情色向 · R18情色向画师 · 裸体/暴露 · 体型特征 · 漫画分镜 · 姿势/动态,https://danbooru.donmai.us/artists/410908
1359790,ikuchan_kaoru,1300,200,情色向,0.12,综合向插画师,原创/同人混合,男性主体,裸体/暴露/体型特征,单色/灰度/漫画分镜,俯视/仰视,indie_virtual_youtuber|blue_archive|pokemon,ikuchan_kaoru_(character) star_tattoo large_areolae indie_virtual_youtuber cynthia_(pokemon) plump pokemon_diamond/pearl/platinum stomach_tattoo,情色向 · 综合向插画师 · 裸体/暴露 · 体型特征 · 单色/灰度 · 俯视/仰视,https://danbooru.donmai.us/artists/1359790
377690,harada_takehito,1289,200,全年龄向,0.0,综合向插画师,同人为主,群像/多人,和风/体型特征,拼贴/混合/线稿/速写,单人立绘,disgaea|disgaea_rpg|fate/grand_order,disgaea_rpg disgaea turnaround transparent_background text_focus beni-enma pleinair seraphina_(disgaea),综合向插画师 · 和风 · 体型特征 · 拼贴/混合 · 单人立绘,https://danbooru.donmai.us/artists/377690
426546,yokochou,1283,200,全年龄向,0.0,单色线稿派,同人为主,群像/多人,校园/兽耳/亚人,单色/灰度/漫画分镜,漫画/多格,touhou|watashi_ga_motenai_no_wa_dou_kangaetemo_omaera_ga_warui!|kantai_collection,kazami_youka_(yokochou) watashi_ga_motenai_no_wa_dou_kangaetemo_omaera_ga_warui! kuroki_tomoko tamura_yuri touhou kazami_yuuka greyscale comic,单色线稿派 · 校园 · 兽耳/亚人 · 单色/灰度 · 漫画/多格,https://danbooru.donmai.us/artists/426546
470161,obiwan,1283,200,轻度色气,0.15,综合向插画师,同人为主,群像/多人,体型特征/裸体/暴露,漫画分镜,设定/图解,honkai:_star_rail|honkai_(series)|genshin_impact,artist_logo honkai:_star_rail honkai_(series) genshin_impact logo z/x tenryuu_yutaka evanescia_(honkai:_star_rail),综合向插画师 · 体型特征 · 裸体/暴露 · 漫画分镜 · 设定/图解,https://danbooru.donmai.us/artists/470161
1477837,meyoco,1282,200,全年龄向,0.0,场景/背景插画师,原创为主,非人物/静物,自然/风景/神话/宗教,特效/后期/单色/灰度,肖像/半身,howl_no_ugoku_shiro|pokemon|dungeon_meshi,colorful_clouds crescent_moon pastel_colors no_humans cloud_print animal_focus white_rabbit_(animal) sky_print,场景/背景插画师 · 自然/风景 · 神话/宗教 · 特效/后期 · 肖像/半身,https://danbooru.donmai.us/artists/1477837
1298694,suzuki_toto,1292,200,情色向,0.35,日常/治愈系,同人为主,男性主体,裸体/暴露/日常/治愈,漫画分镜/单色/灰度,漫画/多格,kantai_collection|yu-gi-oh!|umamusume,yamakaze_(kancolle) kantai_collection admiral_(kancolle) yamakaze_kai_ni_(kancolle) duel_monster yu-gi-oh! laundry_dragonmaid hair_flaps,情色向 · 日常/治愈系 · 裸体/暴露 · 日常/治愈 · 漫画分镜 · 漫画/多格,https://danbooru.donmai.us/artists/1298694
1592536,jazz_jack,1279,200,全年龄向,0.0,机甲/军事题材,同人为主,非人物/静物,科幻/机甲/神话/宗教,线稿/速写/漫画分镜,表情/表演,umamusume|blue_archive|hololive,umamusume chibi_only horse_girl horse_ears wide_face chibi ear_covers tracen_school_uniform,机甲/军事题材 · 科幻/机甲 · 神话/宗教 · 线稿/速写 · 表情/表演,https://danbooru.donmai.us/artists/1592536
1656801,foxyreine,1278,200,全年龄向,0.025,综合向插画师,同人为主,男性主体,配饰/首饰/制服/职场,特效/后期/漫画分镜,差分/变体,wuthering_waves|gamer_supps|indie_virtual_youtuber,wuthering_waves tacet_mark_(wuthering_waves) lynae_(wuthering_waves) iuno_(wuthering_waves) rover_(wuthering_waves) aemeath_(wuthering_waves) denia_(breakdown)_(wuthering_waves) denia_(wuthering_waves),综合向插画师 · 配饰/首饰 · 制服/职场 · 特效/后期 · 差分/变体,https://danbooru.donmai.us/artists/1656801
1300910,lee_(dragon_garou),1274,200,全年龄向,0.0,单色线稿派,原创为主,男性主体,体型特征/BL/腐向,单色/灰度,肖像/半身,dragon_ball|dragon_ball_z|dragon_quest,boxing_gloves boxing mouth_guard boxing_shorts hatching_(texture) boxing_ring punching sports_bra,单色线稿派 · 体型特征 · BL/腐向 · 单色/灰度 · 肖像/半身,https://danbooru.donmai.us/artists/1300910
1236329,yano_toshinori,1274,200,全年龄向,0.0,单色线稿派,同人为主,群像/多人,制服/职场/泳装/内衣,单色/灰度/漫画分镜,漫画/多格,bougyoryoku_zero_no_yome|kantai_collection|korekara_dandan_shiawase_ni_natte_iku_kowai_onna_joushi,bougyoryoku_zero_no_yome takasaka_juri takasaka_kouki shimoakatsuka_akemi shimoakatsuka_ayumu amano_rino hair_up tsuruse_masaki,单色线稿派 · 制服/职场 · 泳装/内衣 · 单色/灰度 · 漫画/多格,https://danbooru.donmai.us/artists/1236329
585354,yamashita_shun'ya,1274,200,全年龄向,0.0,综合向插画师,同人为主,男性主体,军事/枪械/音乐/偶像,赛璐璐/平涂,设定/图解,girls_und_panzer|sono_bisque_doll_wa_koi_wo_suru|bocchi_the_rock!,girls_und_panzer plastic_angels sono_bisque_doll_wa_koi_wo_suru kitagawa_marin copyright_name kotobukiya_bishoujo ange_(plastic_angels) tekken_tag_tournament_2,综合向插画师 · 军事/枪械 · 音乐/偶像 · 赛璐璐/平涂 · 设定/图解,https://danbooru.donmai.us/artists/585354
390506,gomennasai,1272,200,全年龄向,0.015,综合向插画师,同人为主,男性主体,神话/宗教/日常/治愈,漫画分镜/特效/后期,漫画/多格,ano_ko_wa_toshi_densetsu|blue_archive|fate_(series),zangyaku-san ano_ko_wa_toshi_densetsu artist_self-insert fake_halo blue_archive natsu_(band)_(blue_archive) fake_wings mini_wings,综合向插画师 · 神话/宗教 · 日常/治愈 · 漫画分镜 · 漫画/多格,https://danbooru.donmai.us/artists/390506
1388689,jack_dempa,1271,200,情色向,0.375,原创角色设计师,原创为主,群像/多人,裸体/暴露/制服/职场,,姿势/动态,genshin_impact|kono_subarashii_sekai_ni_shukufuku_wo!|vocaloid,miyamae_shiho_(jack_dempa) mole_on_arm multiple_moles female_pubic_hair pubic_hair body_jewelry watanabe_ayasa_(jack_dempa) pubic_hair_peek,情色向 · 原创角色设计师 · 裸体/暴露 · 制服/职场 · 姿势/动态 · 原创为主,https://danbooru.donmai.us/artists/1388689
566303,hidefu_kitayan,1288,200,全年龄向,0.0,日常/治愈系,同人为主,群像/多人,兽耳/亚人/日常/治愈,漫画分镜/单色/灰度,漫画/多格,touhou|gag_manga_biyori|little_red_riding_hood_(fairy_tale),morichika_rinnosuke imaizumi_kagerou touhou wide_oval_eyes 0_0 ._. triangle_mouth chibi,日常/治愈系 · 兽耳/亚人 · 日常/治愈 · 漫画分镜 · 漫画/多格,https://danbooru.donmai.us/artists/566303
377701,kishida_mel,1278,200,全年龄向,0.0,日常/治愈系,同人为主,群像/多人,日常/治愈/校园,特效/后期,俯视/仰视,blue_reflection_(series)|blue_reflection_sun|blue_reflection_maboroshi_ni_mau_shoujo_no_ken,blue_reflection_(series) blue_reflection_sun shirai_hinako blue_reflection_maboroshi_ni_mau_shoujo_no_ken kasuga_shiho xiao_meiqi azumi_nanaka hoshiya_kanna,日常/治愈系 · 日常/治愈 · 校园 · 特效/后期 · 俯视/仰视,https://danbooru.donmai.us/artists/377701
430427,unya,1275,200,全年龄向,0.0,百合专精,同人为主,群像/多人,兽人/furry/百合/GL,单色/灰度/漫画分镜,漫画/多格,love_live!|love_live!_superstar!!|touhou,love_live!_superstar!! onitsuka_natsumi love_live! team_skull_grunt aether_foundation_employee team_skull yuigaoka_school_uniform houraisan_kaguya,百合专精 · 兽人/furry · 百合/GL · 单色/灰度 · 漫画/多格,https://danbooru.donmai.us/artists/430427
808943,ayamy,1269,200,轻度色气,0.17,综合向插画师,同人为主,群像/多人,裸体/暴露/兽耳/亚人,漫画分镜,单人立绘,blue_archive|re:zero_kara_hajimeru_isekai_seikatsu|indie_virtual_youtuber,shimiko_(blue_archive) mint_fantome aiboo_(mint_fantome) rem_(re:zero) shimiko_(magical)_(blue_archive) comiket_99 re:zero_kara_hajimeru_isekai_seikatsu miyawaki_sana,综合向插画师 · 裸体/暴露 · 兽耳/亚人 · 漫画分镜 · 单人立绘,https://danbooru.donmai.us/artists/808943
1571242,yoshio_(55level),1269,200,全年龄向,0.0,综合向插画师,同人为主,群像/多人,体型特征/军事/枪械,,俯视/仰视,fire_emblem|fire_emblem_heroes|street_fighter,muscular_female mato_seihei_no_slave bastard!! shiranui_mai petra_macneary_(summer) fire_emblem_heroes porno_dianno azuma_fubuki,综合向插画师 · 体型特征 · 军事/枪械 · 俯视/仰视 · 同人为主,https://danbooru.donmai.us/artists/1571242
635533,gaoo_(frpjx283),1258,200,全年龄向,0.06,综合向插画师,原创/同人混合,群像/多人,恐怖/猎奇/裸体/暴露,漫画分镜,表情/表演,touhou|kantai_collection|rozen_maiden,tablet-tan touhou bad_hands bad_anatomy artist_self-insert minigirl cable mini_person,综合向插画师 · 恐怖/猎奇 · 裸体/暴露 · 漫画分镜 · 表情/表演,https://danbooru.donmai.us/artists/635533
374432,mikeou,1267,200,全年龄向,0.06,兽耳/亚人专精,原创/同人混合,群像/多人,兽耳/亚人/自然/风景,特效/后期/漫画分镜,设定/图解,hololive|nanairo_kouro|himegoto_masquerade,nanairo_kouro nanami_haruka_(nanairo_kouro) asuka_mirai himegoto_masquerade hololive mitsurugi_maya back_ribbon hirasaka_eri,兽耳/亚人专精 · 兽耳/亚人 · 自然/风景 · 特效/后期 · 设定/图解,https://danbooru.donmai.us/artists/374432
1521986,syhan,1300,200,全年龄向,0.02,综合向插画师,同人为主,男性主体,泳装/内衣/日常/治愈,光影/氛围,俯视/仰视,zenless_zone_zero|blue_archive|idolmaster,zenless_zone_zero gakuen_idolmaster qingyi_(zenless_zone_zero) honkai_(series) wuthering_waves honkai:_star_rail idolmaster dolphin_shorts,综合向插画师 · 泳装/内衣 · 日常/治愈 · 光影/氛围 · 俯视/仰视,https://danbooru.donmai.us/artists/1521986
382470,kazuma_muramasa,1257,200,轻度色气,0.225,奇幻/魔法题材,同人为主,群像/多人,裸体/暴露/奇幻/魔法,单色/灰度/漫画分镜,姿势/动态,precure|meitantei_precure!|kimi_to_idol_precure,precure kimi_to_idol_precure meitantei_precure! ragnarok_online delicious_party_precure 2000s_(style) mahou_girls_precure!!_~mirai_days~ mahou_girls_precure!,奇幻/魔法题材 · 裸体/暴露 · 奇幻/魔法 · 单色/灰度 · 姿势/动态,https://danbooru.donmai.us/artists/382470
1706316,scottie_(phantom2),1264,200,全年龄向,0.0,综合向插画师,同人为主,男性主体,军事/枪械/自然/风景,特效/后期,单人立绘,honkai:_star_rail|honkai_(series)|genshin_impact,honkai:_star_rail honkai_(series) zozotown genshin_impact zenless_zone_zero sanrio k_(nikke) wuthering_waves,综合向插画师 · 军事/枪械 · 自然/风景 · 特效/后期 · 单人立绘,https://danbooru.donmai.us/artists/1706316
700367,ryuuichi_(f_dragon),1257,200,全年龄向,0.135,单色线稿派,同人为主,群像/多人,体型特征/兽耳/亚人,单色/灰度/漫画分镜,肖像/半身,touhou|fossilized_wonders|manatsu_no_yo_no_inmu,touhou kurokoma_saki spiked_shell kicchou_yachie shoulder_tattoo bullet_scar reins beak_mask,单色线稿派 · 体型特征 · 兽耳/亚人 · 单色/灰度 · 肖像/半身,https://danbooru.donmai.us/artists/700367
1361459,jinguu_(4839ms),1255,200,轻度色气,0.045,同人角色专精,同人为主,群像/多人,泳装/内衣/军事/枪械,光影/氛围/漫画分镜,表情/表演,girls_und_panzer|girls_und_panzer_ribbon_no_musha|gulliver's_travels,girls_und_panzer darjeeling_(girls_und_panzer) ogin_(girls_und_panzer) st._gloriana's_school_uniform orange_pekoe_(girls_und_panzer) rosehip_(girls_und_panzer) ooarai_school_uniform itsumi_erika,同人角色专精 · 泳装/内衣 · 军事/枪械 · 光影/氛围 · 表情/表演,https://danbooru.donmai.us/artists/1361459
1662987,zyugoya,1257,200,全年龄向,0.07,综合向插画师,同人为主,群像/多人,体型特征/制服/职场,漫画分镜/单色/灰度,漫画/多格,ss_kabushikigaisha|haiena_chan_ni_nerawarete|kinjo_no_hito_no_nakimushi,ss_kabushikigaisha shiba_natsuki kanzaki_akane_(ss_kabushikigaisha) haiena_chan_ni_nerawarete ochiai_(kinjo_no_hito_no_nakimushi) kinjo_no_hito_no_nakimushi haibara_tatsumi skirt_suit,综合向插画师 · 体型特征 · 制服/职场 · 漫画分镜 · 漫画/多格,https://danbooru.donmai.us/artists/1662987
430079,tima,1264,200,全年龄向,0.01,百合专精,同人为主,群像/多人,百合/GL/恋爱/情感,漫画分镜/线稿/速写,漫画/多格,love_curse:_find_your_soulmate|bang_dream!|bang_dream!_it's_mygo!!!!!,love_curse:_find_your_soulmate selene_yan iris_wen bang_dream!_it's_mygo!!!!! bang_dream! misumi_uika victoria_qi togawa_sakiko,百合专精 · 百合/GL · 恋爱/情感 · 漫画分镜 · 漫画/多格,https://danbooru.donmai.us/artists/430079
569981,noai_nioshi,1255,200,全年龄向,0.0,场景/背景插画师,同人为主,非人物/静物,兽耳/亚人/日常/治愈,漫画分镜/单色/灰度,漫画/多格,touhou|towelket_wo_mou_ichido|darius_(series),kaenbyou_rin_(cat) kaenbyou_rin black_cat two_tails touhou multiple_tails komeiji_satori animal_focus,场景/背景插画师 · 兽耳/亚人 · 日常/治愈 · 漫画分镜 · 漫画/多格,https://danbooru.donmai.us/artists/569981
657452,nii_manabu,1254,200,全年龄向,0.0,综合向插画师,原创/同人混合,群像/多人,泳装/内衣/手足/局部,赛璐璐/平涂,俯视/仰视,lycoris_recoil|hibike!_euphonium|gimai_seikatsu,monai-chan_(nii_manabu) lycoris_recoil hibike!_euphonium nishikigi_chisato dated inoue_takina signature oumae_kumiko,综合向插画师 · 泳装/内衣 · 手足/局部 · 赛璐璐/平涂 · 俯视/仰视,https://danbooru.donmai.us/artists/657452
577457,ootomo_takuji,1251,200,全年龄向,0.005,同人角色专精,同人为主,群像/多人,自然/风景/泳装/内衣,,姿势/动态,dolphin_wave|senran_kagura|senran_kagura_new_link,dolphin_wave transparent_background suminoe_shion sakimiya_iruka ayato_utae dolphin_hair_ornament yamaba_yume kukuri_tomo,同人角色专精 · 自然/风景 · 泳装/内衣 · 姿势/动态 · 同人为主,https://danbooru.donmai.us/artists/577457
1480050,tanabe_(fueisei),1254,200,全年龄向,0.005,同人角色专精,同人为主,女性主体,兽耳/亚人/手足/局部,,姿势/动态,kemono_friends|kemono_friends_3|hololive,kemono_friends kemono_friends_3 extra_ears serval_(kemono_friends) bird_tail print_gloves ezo_red_fox_(kemono_friends) print_thighhighs,同人角色专精 · 兽耳/亚人 · 手足/局部 · 姿势/动态 · 同人为主,https://danbooru.donmai.us/artists/1480050
1275081,hotathino,1251,200,全年龄向,0.0,奇幻/魔法题材,原创为主,非人物/静物,奇幻/魔法/BL/腐向,单色/灰度/漫画分镜,漫画/多格,pokemon|pokemon_tcg|made_in_abyss,touyouryuu-san seiyouryuu-san eastern_dragon western_dragon dragon no_humans dragon_boy eastern_dragon_horns,奇幻/魔法题材 · 奇幻/魔法 · BL/腐向 · 单色/灰度 · 漫画/多格,https://danbooru.donmai.us/artists/1275081
1576599,takato_kurosuke,1247,200,硬核R18,0.525,综合向插画师,同人为主,男性主体,裸体/暴露/体型特征,漫画分镜/单色/灰度,漫画/多格,idolmaster|idolmaster_cinderella_girls|kobayashi-san_chi_no_maidragon,idolmaster_cinderella_girls yumemi_riamu idolmaster shirasaka_koume fish_skeleton_print pill_earrings pink_collar loli,硬核R18 · 综合向插画师 · 裸体/暴露 · 体型特征 · 漫画分镜 · 漫画/多格,https://danbooru.donmai.us/artists/1576599
400344,unasaka_ryou,1246,200,全年龄向,0.0,原创角色设计师,原创为主,群像/多人,校园/泳装/内衣,单色/灰度/漫画分镜,单人立绘,osanajimi_wa_sasoeba_itudemo_dekiru_kankei|comiket_108|comitia_157,black_cardigan pink_cardigan pink_ribbon cardigan brown_shoes osanajimi_wa_sasoeba_itudemo_dekiru_kankei white_sailor_collar watase_maria,原创角色设计师 · 校园 · 泳装/内衣 · 单色/灰度 · 单人立绘,https://danbooru.donmai.us/artists/400344
646780,satou_yuuki,1244,200,全年龄向,0.005,单色线稿派,同人为主,群像/多人,和风/制服/职场,单色/灰度/漫画分镜,漫画/多格,touhou|comiket_105|reitaisai,maribel_hearn usami_renko touhou mob_cap yakumo_yukari sleeve_garter fedora comic,单色线稿派 · 和风 · 制服/职场 · 单色/灰度 · 漫画/多格,https://danbooru.donmai.us/artists/646780
2220833,gunjyou_(gunjyou_00),1245,200,全年龄向,0.0,综合向插画师,同人为主,群像/多人,音乐/偶像/战斗/动作,单色/灰度/漫画分镜,肖像/半身,ado_(utaite)|atashi_wa_mondaisaku|gira_gira,chando_(ado) ado_(utaite) utaite ha-chan_(ado) atashi_wa_mondaisaku tanaka_keiko_(ado) nervous_sweating colored_inner_hair,综合向插画师 · 音乐/偶像 · 战斗/动作 · 单色/灰度 · 肖像/半身,https://danbooru.donmai.us/artists/2220833
1569427,momo_no_sukebe,1250,200,硬核R18,0.95,R18情色向画师,同人为主,男性主体,裸体/暴露/体型特征,漫画分镜,姿势/动态,zenless_zone_zero|azur_lane|goddess_of_victory:_nikke,momose_natsuki_(momo_no_sukebe) paizuri wise_(zenless_zone_zero) penis paizuri_under_clothes hetero bar_censor mogador_(olfactory_nursery_call)_(azur_lane),硬核R18 · R18情色向画师 · 裸体/暴露 · 体型特征 · 漫画分镜 · 姿势/动态,https://danbooru.donmai.us/artists/1569427
699228,eudetenis,1245,200,全年龄向,0.135,日常/治愈系,原创为主,群像/多人,奇幻/魔法/日常/治愈,漫画分镜/特效/后期,漫画/多格,star_wars|blue_archive|unicorn_overlord,aeria_(eudetenis) irisha_(eudetenis) clip_studio_paint 1koma laura_(eudetenis) chiss star_wars baruba_(eudetenis),日常/治愈系 · 奇幻/魔法 · 日常/治愈 · 漫画分镜 · 漫画/多格,https://danbooru.donmai.us/artists/699228
669819,rtil,1247,200,情色向,0.385,R18情色向画师,同人为主,群像/多人,裸体/暴露/体型特征,漫画分镜/线稿/速写,姿势/动态,katawa_shoujo|zenless_zone_zero|genshin_impact,katawa_shoujo web_address patreon_username lisa_(genshin_impact) ikezawa_hanako zenless_zone_zero satou_lilly aether_(genshin_impact),情色向 · R18情色向画师 · 裸体/暴露 · 体型特征 · 漫画分镜 · 姿势/动态,https://danbooru.donmai.us/artists/669819
1839468,nanakusa_suzuna,1244,200,全年龄向,0.0,漫画/剧情向,同人为主,群像/多人,校园/军事/枪械,漫画分镜,漫画/多格,kantai_collection|blue_archive|idolmaster,t-head_admiral 4koma admiral_(kancolle) kantai_collection comic 0_0 verniy_(kancolle) katori_(kancolle),漫画/剧情向 · 校园 · 军事/枪械 · 漫画分镜 · 漫画/多格,https://danbooru.donmai.us/artists/1839468
605887,miyagoe_yoshitsuki,1243,200,情色向,0.41,R18情色向画师,同人为主,群像/多人,裸体/暴露/体型特征,单色/灰度/线稿/速写,俯视/仰视,precure|kimi_to_idol_precure|meitantei_precure!,precure sakura_uta_(precure) kimi_to_idol_precure aokaze_nana shigure_kokoro delicious_party_precure tie_tab meitantei_precure!,情色向 · R18情色向画师 · 裸体/暴露 · 体型特征 · 单色/灰度 · 俯视/仰视,https://danbooru.donmai.us/artists/605887
1342388,kaisen_chuui,1243,200,全年龄向,0.005,原创角色设计师,原创为主,群像/多人,体型特征/校园,漫画分镜,姿势/动态,kantai_collection,button_gap side-tie_peek huge_breasts bra_visible_through_clothes teacher_(kaisen_chuui) red_bowtie school_nurse skirt_rolled_up,原创角色设计师 · 体型特征 · 校园 · 漫画分镜 · 姿势/动态,https://danbooru.donmai.us/artists/1342388
484828,hizuki_yayoi,1243,200,全年龄向,0.0,日常/治愈系,原创为主,群像/多人,校园/日常/治愈,漫画分镜/单色/灰度,漫画/多格,comiket_108|umamusume|comiket_105,amamiya_shizuku_(hizuki_yayoi) haruyama_sora_(hizuki_yayoi) chinchilla_(animal) yamasaki_hana asami_yume butler hair_over_eyes comic,日常/治愈系 · 校园 · 日常/治愈 · 漫画分镜 · 漫画/多格,https://danbooru.donmai.us/artists/484828
508581,92m,1241,200,轻度色气,0.135,日常/治愈系,原创为主,群像/多人,日常/治愈/裸体/暴露,漫画分镜/单色/灰度,漫画/多格,zenless_zone_zero|atelier_(series)|atelier_resleriana,kakita_(92m) kinshi_no_ane_(92m) otouto_(92m) dateko_(92m) atelier_resleriana alvina_zimlock atelier_(series) sanako_(92m),日常/治愈系 · 日常/治愈 · 裸体/暴露 · 漫画分镜 · 漫画/多格,https://danbooru.donmai.us/artists/508581
461219,colonel_aki,1243,200,全年龄向,0.0,漫画/剧情向,同人为主,群像/多人,自然/风景/女仆/侍女,漫画分镜/单色/灰度,漫画/多格,touhou|touhou_(pc-98)|hololive,touhou izayoi_sakuya hong_meiling 4koma mob_cap flandre_scarlet patchouli_knowledge hat_ornament,漫画/剧情向 · 自然/风景 · 女仆/侍女 · 漫画分镜 · 漫画/多格,https://danbooru.donmai.us/artists/461219
1551463,suhamaya,1239,200,硬核R18,0.635,奇幻/魔法题材,同人为主,女性主体,奇幻/魔法/裸体/暴露,,姿势/动态,shinsou_kenki_arch_saver|kourin_tenshi_en_ciel_rena,sephilia_grandeel shinsou_kenki_arch_saver arch_clover kourin_tenshi_en_ciel_rena tomoe_rena magical_girl en_ciel_rena erika_la_etienne,硬核R18 · 奇幻/魔法题材 · 奇幻/魔法 · 裸体/暴露 · 姿势/动态 · 同人为主,https://danbooru.donmai.us/artists/1551463
490789,eu03,1238,200,轻度色气,0.005,传统手绘媒介,同人为主,群像/多人,体型特征/泳装/内衣,线稿/速写/素描/炭笔,单人立绘,fate_(series)|fate/grand_order|goddess_of_victory:_nikke,veiny_breasts veins tsunoko_(eu03) huge_breasts mahou_shoujo_(raita) goddess_of_victory:_nikke eyes_out_of_frame senjou_no_valkyria_(series),传统手绘媒介 · 体型特征 · 泳装/内衣 · 线稿/速写 · 单人立绘,https://danbooru.donmai.us/artists/490789
1654906,massakasama,1235,200,轻度色气,0.085,综合向插画师,同人为主,群像/多人,体型特征/兽耳/亚人,线稿/速写/素描/炭笔,俯视/仰视,touhou|indie_virtual_youtuber|fossilized_wonders,touhou tokin_hat fossilized_wonders lily_white himekaidou_hatate kawashiro_nitori watari_nina white_pupils,综合向插画师 · 体型特征 · 兽耳/亚人 · 线稿/速写 · 俯视/仰视,https://danbooru.donmai.us/artists/1654906
1856274,takeuchi_ryousuke,1238,200,全年龄向,0.0,日常/治愈系,同人为主,群像/多人,都市/街景/奇幻/魔法,,姿势/动态,chainsaw_man|sousou_no_frieren|monster_strike,hayakawa_aki real_world_location monster_strike denji_(chainsaw_man) tokyo angel_devil_(chainsaw_man) beam_(chainsaw_man) violence_fiend_(chainsaw_man),日常/治愈系 · 都市/街景 · 奇幻/魔法 · 姿势/动态 · 同人为主,https://danbooru.donmai.us/artists/1856274
377706,seo_tatsuya,1230,200,轻度色气,0.095,机甲/军事题材,原创/同人混合,非人物/静物,军事/枪械/都市/街景,单色/灰度/线稿/速写,场景插画,hololive|kantai_collection|hololive_english,giantess giant hololive destruction ookami_mio twitter_username dated ookami_mio_(1st_costume),机甲/军事题材 · 军事/枪械 · 都市/街景 · 单色/灰度 · 场景插画,https://danbooru.donmai.us/artists/377706
1440707,zanntetu,1247,200,轻度色气,0.03,综合向插画师,同人为主,群像/多人,泳装/内衣/校园,特效/后期/漫画分镜,差分/变体,kantai_collection|super_sentai|one_room_hiatari_futsuu_tenshi-tsuki,haruna_(kancolle) kantai_collection satin_panties satin fitting_room satin_bra crotch_seam kashima_(kancolle),综合向插画师 · 泳装/内衣 · 校园 · 特效/后期 · 差分/变体,https://danbooru.donmai.us/artists/1440707
1492911,kawayabug,1227,200,全年龄向,0.0,单色线稿派,同人为主,群像/多人,日常/治愈/军事/枪械,单色/灰度/漫画分镜,漫画/多格,touhou|touhou_lostword|weiss_schwarz,page_number touhou toyosatomimi_no_miko pointy_hair flandre_scarlet crystal_wings comic patchouli_knowledge,单色线稿派 · 日常/治愈 · 军事/枪械 · 单色/灰度 · 漫画/多格,https://danbooru.donmai.us/artists/1492911
1596313,ban!_(bansankan),1227,200,情色向,0.375,传统手绘媒介,原创/同人混合,男性主体,裸体/暴露/科幻/机甲,赛璐璐/平涂/线稿/速写,单人立绘,taimanin_(series)|taimanin_rpgx|yondome_wa_iya_na_shizokusei_majutsushi,futanari yondome_wa_iya_na_shizokusei_majutsushi homare_nao flat_color nipple_bar taimanin_rpgx nipple_piercing barbell_piercing,情色向 · 传统手绘媒介 · 裸体/暴露 · 科幻/机甲 · 赛璐璐/平涂 · 单人立绘,https://danbooru.donmai.us/artists/1596313
638219,pote_(ptkan),1225,200,全年龄向,0.0,传统手绘媒介,同人为主,群像/多人,自然/风景/兽耳/亚人,单色/灰度/漫画分镜,漫画/多格,touhou|unconnected_marketeers|100th_black_market,tenkyuu_chimata rainbow_gradient multicolored_hairband patchwork_clothes sky_print touhou multicolored_dress iizunamaru_megumu,传统手绘媒介 · 自然/风景 · 兽耳/亚人 · 单色/灰度 · 漫画/多格,https://danbooru.donmai.us/artists/638219
1288262,kagami_hirotaka,1224,200,情色向,0.25,同人角色专精,同人为主,群像/多人,裸体/暴露/体型特征,,单人立绘,taimanin_(series)|taimanin_rpgx|taimanin_asagi,taimanin_(series) taimanin_rpgx taimanin_asagi igawa_asagi igawa_sakura taimanin_asagi_kessen_arena ingrid_(taimanin_murasaki) cara_the_blood_lord,情色向 · 同人角色专精 · 裸体/暴露 · 体型特征 · 单人立绘 · 同人为主,https://danbooru.donmai.us/artists/1288262
460272,serebi_ryousangata,1229,200,轻度色气,0.3,综合向插画师,同人为主,男性主体,裸体/暴露/泳装/内衣,漫画分镜/单色/灰度,漫画/多格,idolmaster|idolmaster_cinderella_girls|gakuen_idolmaster,idolmaster idolmaster_cinderella_girls sunazuka_akira gakuen_idolmaster shibuya_rin bocchi_the_rock! chloe_(princess_connect!) saegusa-san_wa_megane-senpai_to_koi_wo_egaku,综合向插画师 · 裸体/暴露 · 泳装/内衣 · 漫画分镜 · 漫画/多格,https://danbooru.donmai.us/artists/460272
2217777,taromarun,1221,200,全年龄向,0.0,漫画/剧情向,同人为主,男性主体,自然/风景/日常/治愈,漫画分镜,漫画/多格,umamusume|comiket_108|umamusume:_cinderella_gray,mr._c.b._(umamusume) trainer_(umamusume) umamusume horse_girl horse_ears horse_tail ear_bow mini_top_hat,漫画/剧情向 · 自然/风景 · 日常/治愈 · 漫画分镜 · 漫画/多格,https://danbooru.donmai.us/artists/2217777
704761,kazenokaze,1228,200,全年龄向,0.0,日常/治愈系,同人为主,双人/CP,自然/风景/泳装/内衣,特效/后期,姿势/动态,hololive|genshin_impact|hololive_english,hololive may_(pokemon) virtual_youtuber gekota pokemon_omega_ruby_and_alpha_sapphire sunset plusle minun,日常/治愈系 · 自然/风景 · 泳装/内衣 · 特效/后期 · 姿势/动态,https://danbooru.donmai.us/artists/704761
1307934,lpip,1217,200,全年龄向,0.0,原创角色设计师,原创为主,双人/CP,军事/枪械/奇幻/魔法,单色/灰度,肖像/半身,vocaloid|ark_order|fate/stay_night,ark_order k5_(girls'_frontline) daewoo_k5 hae_mo-su_of_buyeo_(ark_order) dongmyeong_of_goguryeo_(ark_order) newcastle_(azur_lane) yamato_takeru_(uchihime) k5_(mod3)_(girls'_frontline),原创角色设计师 · 军事/枪械 · 奇幻/魔法 · 单色/灰度 · 肖像/半身,https://danbooru.donmai.us/artists/1307934
2090098,kotatsu-mazoku,1219,200,全年龄向,0.0,原创角色设计师,原创为主,女性主体,兽耳/亚人/校园,,肖像/半身,blue_archive|machikado_mazoku|stella_sora,dot_nose lilith_(homunculus)_(machikado_mazoku) lilith_(machikado_mazoku) machikado_mazoku striped_necktie grey-haired_cat_girl_(kotatsu-mazoku) arms_at_sides lab_coat_girl_(kotatsu-mazoku),原创角色设计师 · 兽耳/亚人 · 校园 · 肖像/半身 · 原创为主,https://danbooru.donmai.us/artists/2090098
1267702,tanaka_kusao,1229,200,轻度色气,0.225,兽耳/亚人专精,同人为主,群像/多人,兽耳/亚人/裸体/暴露,漫画分镜/拼贴/混合,漫画/多格,kemono_friends|kemono_friends_3|kemono_friends_v_project,kemono_friends kemono_friends_3 kemono_friends_v_project captain_(kemono_friends) plaid_trim extra_ears island_fox_(kemono_friends) silver_fox_(kemono_friends),兽耳/亚人专精 · 兽耳/亚人 · 裸体/暴露 · 漫画分镜 · 漫画/多格,https://danbooru.donmai.us/artists/1267702
698180,aoki_(fumomo),1216,200,全年龄向,0.0,BL/腐向专精,同人为主,男性主体,BL/腐向/恐怖/猎奇,单色/灰度/漫画分镜,漫画/多格,mob_psycho_100|osomatsu-san|osomatsu_(series),mob_psycho_100 kageyama_shigeo ekubo_(mob_psycho_100) reigen_arataka kageyama_ritsu collared_jacket gakuran brothers,BL/腐向专精 · BL/腐向 · 恐怖/猎奇 · 单色/灰度 · 漫画/多格,https://danbooru.donmai.us/artists/698180
2000924,nise_dorothia,1213,200,全年龄向,0.0,原创角色设计师,原创为主,群像/多人,神话/宗教/兽耳/亚人,线稿/速写/单色/灰度,漫画/多格,urusei_yatsura|vocaloid,white_outline double-parted_bangs outline chibi_only transparent_background angel star_hair_ornament angel_wings,原创角色设计师 · 神话/宗教 · 兽耳/亚人 · 线稿/速写 · 漫画/多格,https://danbooru.donmai.us/artists/2000924
1293630,tsubobot,1213,200,全年龄向,0.0,日常/治愈系,同人为主,群像/多人,音乐/偶像/日常/治愈,漫画分镜/线稿/速写,漫画/多格,idolmaster|idolmaster_million_live!|idolmaster_(classic),mogami_shizuka idolmaster_million_live! kasuga_mirai strawberry_pop_moon_(idolmaster) ibuki_tsubasa idolmaster kisaragi_chihaya idolmaster_(classic),日常/治愈系 · 音乐/偶像 · 日常/治愈 · 漫画分镜 · 漫画/多格,https://danbooru.donmai.us/artists/1293630
385130,gofu,1211,200,全年龄向,0.0,传统手绘媒介,同人为主,群像/多人,军事/枪械/制服/职场,单色/灰度/线稿/速写,肖像/半身,girls_und_panzer|kamen_rider|hataraku_maou-sama!,girls_und_panzer ooarai_school_uniform spot_color web_address greyscale rosehip_(girls_und_panzer) monochrome st._gloriana's_military_uniform,传统手绘媒介 · 军事/枪械 · 制服/职场 · 单色/灰度 · 肖像/半身,https://danbooru.donmai.us/artists/385130
1320879,koto_inari,1211,200,全年龄向,0.0,传统手绘媒介,同人为主,非人物/静物,恐怖/猎奇/自然/风景,单色/灰度/漫画分镜,姿势/动态,touhou|3rd_eye_(game)|pokemon,touhou letterboxed 3rd_eye_(game) horror_(theme) one-hour_drawing_challenge komeiji_koishi disembodied_linked_eye eyeball,传统手绘媒介 · 恐怖/猎奇 · 自然/风景 · 单色/灰度 · 姿势/动态,https://danbooru.donmai.us/artists/1320879
1661475,niwarhythm,1210,200,轻度色气,0.005,单色线稿派,原创/同人混合,群像/多人,体型特征/战斗/动作,单色/灰度/特效/后期,姿势/动态,umamusume|zenless_zone_zero|monster_hunter_(series),niwamaru_(niwarhythm) pink_trim spot_color bandaged_hand goggles_on_head action_shot monochrome greyscale,单色线稿派 · 体型特征 · 战斗/动作 · 单色/灰度 · 姿势/动态,https://danbooru.donmai.us/artists/1661475
1433087,peso_(cheese_company),1202,200,硬核R18,0.745,R18情色向画师,同人为主,女性主体,裸体/暴露/体型特征,特效/后期/漫画分镜,单人立绘,touhou|touhou_lostword,touhou houjuu_nue asymmetrical_wings cum_inflation arm_garter inflation blue_wings red_wings,硬核R18 · R18情色向画师 · 裸体/暴露 · 体型特征 · 特效/后期 · 单人立绘,https://danbooru.donmai.us/artists/1433087
2106816,ninahachi,1202,200,全年龄向,0.0,传统手绘媒介,同人为主,男性主体,BL/腐向/校园,线稿/速写/单色/灰度,肖像/半身,nijisanji|pokemon|pokemon_legends:_z-a,nijisanji kenmochi_touya fushimi_gaku watarai_hibari virtual_youtuber twitter_username fushimi_gaku_(1st_costume) kenmochi_touya_(1st_costume),传统手绘媒介 · BL/腐向 · 校园 · 线稿/速写 · 肖像/半身,https://danbooru.donmai.us/artists/2106816
12878,oyari_ashito,1209,200,轻度色气,0.145,传统手绘媒介,原创/同人混合,群像/多人,体型特征/裸体/暴露,线稿/速写/素描/炭笔,姿势/动态,eiyuu_senki|machine_child|shirotsume_souwa,eiyuu_senki machine_child shirotsume_souwa kita_e haruno_kotori eiyuu_senki_ww charlotte_francia quartett!,传统手绘媒介 · 体型特征 · 裸体/暴露 · 线稿/速写 · 姿势/动态,https://danbooru.donmai.us/artists/12878
1454986,masuyama_ryou,1210,200,硬核R18,0.855,百合专精,同人为主,双人/CP,裸体/暴露/兽耳/亚人,单色/灰度/线稿/速写,姿势/动态,kemono_friends|kemurikusa|kemono_friends_3,kemono_friends kemurikusa cellien_(kemono_friends) wakaba_(kemurikusa) kemono_friends_3 captain_(kemono_friends) torogao rin_(kemurikusa),硬核R18 · 百合专精 · 裸体/暴露 · 兽耳/亚人 · 单色/灰度 · 姿势/动态,https://danbooru.donmai.us/artists/1454986
691584,mitsumoto_jouji,1214,200,全年龄向,0.01,单色线稿派,原创/同人混合,群像/多人,兽耳/亚人/军事/枪械,单色/灰度/漫画分镜,漫画/多格,kemono_friends|touhou|night_sparrow_love,kemono_friends serval_(kemono_friends) kaban_(kemono_friends) night_sparrow_love one_erika common_raccoon_(kemono_friends) norwegian_forest_cat_(kemono_friends)_(mitsumoto_jouji) eurasian_eagle_owl_(kemono_friends),单色线稿派 · 兽耳/亚人 · 军事/枪械 · 单色/灰度 · 漫画/多格,https://danbooru.donmai.us/artists/691584
481809,engo_(aquawatery),1200,200,全年龄向,0.055,综合向插画师,同人为主,双人/CP,泳装/内衣/校园,漫画分镜,肖像/半身,kantai_collection|lyrical_nanoha|mahou_shoujo_lyrical_nanoha_strikers,one-hour_drawing_challenge kantai_collection lyrical_nanoha mahou_shoujo_lyrical_nanoha_strikers dated fate_testarossa signature takamachi_nanoha,综合向插画师 · 泳装/内衣 · 校园 · 漫画分镜 · 肖像/半身,https://danbooru.donmai.us/artists/481809
490044,riichu,1196,200,全年龄向,0.0,综合向插画师,同人为主,群像/多人,兽耳/亚人/和风,,单人立绘,hololive|nanashi_inc.|vspo!,honami_azusa virtual_youtuber nanashi_inc. specialite_(company) vspo! hololive hikikomari_kyuuketsuki_no_monmon terakomari_gandezblood,综合向插画师 · 兽耳/亚人 · 和风 · 单人立绘 · 同人为主,https://danbooru.donmai.us/artists/490044
1560769,em_(totsuzen_no_hakike),1193,200,情色向,0.35,综合向插画师,同人为主,女性主体,裸体/暴露/泳装/内衣,单色/灰度/线稿/速写,设定/图解,world_witches_series|girls_und_panzer|brave_witches,world_witches_series girls_und_panzer akiyama_yoshiko brave_witches nipple_piercing strike_witches:_aurora_no_majo hanna_wind female_pubic_hair,情色向 · 综合向插画师 · 裸体/暴露 · 泳装/内衣 · 单色/灰度 · 设定/图解,https://danbooru.donmai.us/artists/1560769
724692,utano,1191,200,全年龄向,0.0,漫画/剧情向,同人为主,群像/多人,军事/枪械/配饰/首饰,漫画分镜/单色/灰度,漫画/多格,jojo_no_kimyou_na_bouken|vento_aureo|stardust_crusaders,vento_aureo jojo_no_kimyou_na_bouken giorno_giovanna guido_mista trish_una bruno_bucciarati diavolo argyle_sweater,漫画/剧情向 · 军事/枪械 · 配饰/首饰 · 漫画分镜 · 漫画/多格,https://danbooru.donmai.us/artists/724692
679649,fu-ta,1193,200,全年龄向,0.03,综合向插画师,原创/同人混合,男性主体,泳装/内衣/手足/局部,单色/灰度,俯视/仰视,blue_archive|pokemon|to_love-ru,usami_taiga ta-cchan_(fu-ta) crotch_seam pantyshot striped_panties blue_archive white_panties roxy_migurdia,综合向插画师 · 泳装/内衣 · 手足/局部 · 单色/灰度 · 俯视/仰视,https://danbooru.donmai.us/artists/679649
710226,ulrich_(tagaragakuin),1196,200,情色向,0.395,综合向插画师,原创/同人混合,男性主体,泳装/内衣/裸体/暴露,单色/灰度/漫画分镜,姿势/动态,fate_(series)|blue_archive|fate/grand_order,kino_(kino_no_tabi) kino_no_tabi umise_aoba_(ulrich) two-tone_swimsuit competition_swimsuit zeta_(granblue_fantasy) shiroko_(blue_archive) vibrator_in_thighhighs,情色向 · 综合向插画师 · 泳装/内衣 · 裸体/暴露 · 单色/灰度 · 姿势/动态,https://danbooru.donmai.us/artists/710226
377555,urushihara_satoshi,1197,200,情色向,0.245,综合向插画师,同人为主,群像/多人,裸体/暴露/军事/枪械,,姿势/动态,langrisser|growlanser|growlanser_i,langrisser growlanser retro_artstyle growlanser_i langrisser_ii 1990s_(style) female_pubic_hair langrisser_i,情色向 · 综合向插画师 · 裸体/暴露 · 军事/枪械 · 姿势/动态 · 同人为主,https://danbooru.donmai.us/artists/377555
396199,chan_co,1199,200,全年龄向,0.0,综合向插画师,同人为主,群像/多人,神话/宗教/兽耳/亚人,漫画分镜,表情/表演,blue_archive|zenless_zone_zero|houseki_no_kuni,blue_archive gem_uniform_(houseki_no_kuni) houseki_no_kuni katamari_damacy chibi namco chibi_only halo,综合向插画师 · 神话/宗教 · 兽耳/亚人 · 漫画分镜 · 表情/表演,https://danbooru.donmai.us/artists/396199
1365565,kichihachi,1190,200,全年龄向,0.015,原创角色设计师,原创为主,男性主体,体型特征/泳装/内衣,单色/灰度/线稿/速写,漫画/多格,indie_virtual_youtuber|nanashi_inc.|xenosaga,short_eyebrow_blonde_girl_(kichihachi) dated two-tone_background artist_name greyscale monochrome rosalyn_rock grey_background,原创角色设计师 · 体型特征 · 泳装/内衣 · 单色/灰度 · 漫画/多格,https://danbooru.donmai.us/artists/1365565
1362875,yukimoto_shuuji_(gurigura),1189,200,全年龄向,0.0,原创角色设计师,原创为主,非人物/静物,日常/治愈/校园,漫画分镜/单色/灰度,漫画/多格,kagetora-kun_wa_modorenai|gundam|gundam_gquuuuuux,fujiwara_kagetora kagetora-kun_wa_modorenai fukada_ichika oversized_animal father_and_daughter father_and_child umitsuki_natsuzou opaque_glasses,原创角色设计师 · 日常/治愈 · 校园 · 漫画分镜 · 漫画/多格,https://danbooru.donmai.us/artists/1362875
2287006,pipi_(m1x_mix),1188,200,全年龄向,0.005,百合专精,同人为主,非人物/静物,兽耳/亚人/百合/GL,漫画分镜/单色/灰度,漫画/多格,love_live!|love_live!_hasu_no_sora_jogakuin_school_idol_club|cho_toutoi_love,love_live!_hasu_no_sora_jogakuin_school_idol_club momose_ginko kachimachi_kosuzu love_live! hasu_no_sora_school_uniform colored_speech_bubble anyoji_hime thai_text,百合专精 · 兽耳/亚人 · 百合/GL · 漫画分镜 · 漫画/多格,https://danbooru.donmai.us/artists/2287006
1587630,moke_ro,1180,200,全年龄向,0.0,机甲/军事题材,同人为主,群像/多人,科幻/机甲/军事/枪械,单色/灰度,设定/图解,kantai_collection|gundam|gundam_gquuuuuux,kantai_collection rigging shiiko_sugai gundam gundam_gquuuuuux twitter_username dated adapted_turret,机甲/军事题材 · 科幻/机甲 · 军事/枪械 · 单色/灰度 · 设定/图解,https://danbooru.donmai.us/artists/1587630
377661,mota,1180,200,全年龄向,0.0,综合向插画师,同人为主,群像/多人,奇幻/魔法/兽耳/亚人,单色/灰度/线稿/速写,单人立绘,love_live!|love_live!_school_idol_project|blue_archive,minami_kotori love_live!_school_idol_project genkai_tokki_seven_pirates chibi love_live! otonokizaka_school_uniform goddess_of_victory:_nikke single_hair_ring,综合向插画师 · 奇幻/魔法 · 兽耳/亚人 · 单色/灰度 · 单人立绘,https://danbooru.donmai.us/artists/377661
459898,umanosuke,1179,200,硬核R18,0.585,R18情色向画师,同人为主,双人/CP,裸体/暴露/泳装/内衣,漫画分镜/赛璐璐/平涂,姿势/动态,idolmaster|idolmaster_million_live!|idolmaster_million_live!_theater_days,idolmaster_million_live! idolmaster idolmaster_million_live!_theater_days concept_gyarus_(idolmaster) tate_no_yuusha_no_nariagari iwatani_naofumi raphtalia sex,硬核R18 · R18情色向画师 · 裸体/暴露 · 泳装/内衣 · 漫画分镜 · 姿势/动态,https://danbooru.donmai.us/artists/459898
471893,kloah,1177,200,轻度色气,0.29,综合向插画师,原创/同人混合,群像/多人,体型特征/BL/腐向,漫画分镜/单色/灰度,漫画/多格,kantai_collection|fate_(series)|fate/grand_order,shinokami_xatiii yuudachi_(kancolle) yuudachi_kai_ni_(kancolle) onee-shota kantai_collection huge_breasts age_difference little_boy_admiral_(kancolle),综合向插画师 · 体型特征 · BL/腐向 · 漫画分镜 · 漫画/多格,https://danbooru.donmai.us/artists/471893
483857,nironiro,1176,200,硬核R18,0.84,R18情色向画师,同人为主,男性主体,裸体/暴露/神话/宗教,漫画分镜,姿势/动态,touhou|blue_archive|granblue_fantasy,bar_censor touhou boxing_ring shiranui_mai_(cosplay) blonde_student_council_president_(blue_archive) saigyouji_yuyuko's_fan_design censored blue_archive,硬核R18 · R18情色向画师 · 裸体/暴露 · 神话/宗教 · 漫画分镜 · 姿势/动态,https://danbooru.donmai.us/artists/483857
701790,kutan,1175,200,轻度色气,0.4,奇幻/魔法题材,同人为主,女性主体,体型特征/奇幻/魔法,漫画分镜,姿势/动态,seimetsu_reiki_etherea|lusterise|duel_masters,seimetsu_reiki_etherea hinase_sheffield_kamishirouzu etheria_(seimetsu_reiki_etherea) lusterise tachi-e sugu_emiri chest_jewel exterminer_hinase,奇幻/魔法题材 · 体型特征 · 奇幻/魔法 · 漫画分镜 · 姿势/动态,https://danbooru.donmai.us/artists/701790
1625279,reia_76,1175,200,轻度色气,0.1,综合向插画师,同人为主,男性主体,神话/宗教/体型特征,漫画分镜/单色/灰度,肖像/半身,blue_archive|hololive|wuthering_waves,noa_(blue_archive) noa_(pajamas)_(blue_archive) mechanical_halo white_halo blue_archive white_pajamas halo pajamas,综合向插画师 · 神话/宗教 · 体型特征 · 漫画分镜 · 肖像/半身,https://danbooru.donmai.us/artists/1625279
1269669,minakami_(flyingman555),1173,200,硬核R18,0.75,R18情色向画师,同人为主,双人/CP,裸体/暴露/体型特征,线稿/速写/素描/炭笔,俯视/仰视,boku_no_hero_academia|panty_&_stocking_with_garterbelt|darkstalkers,dark_anus anus female_pubic_hair long_labia ass_focus huge_ass bar_censor stocking_(psg),硬核R18 · R18情色向画师 · 裸体/暴露 · 体型特征 · 线稿/速写 · 俯视/仰视,https://danbooru.donmai.us/artists/1269669
381704,kurikara,1174,200,硬核R18,0.945,R18情色向画师,同人为主,女性主体,裸体/暴露/体型特征,特效/后期/单色/灰度,单人立绘,touhou|fate/grand_order|fate_(series),paizuri breasts_squeezed_together straddling_paizuri hetero perpendicular_paizuri venus_eleven_vivid! huge_breasts motion_blur,硬核R18 · R18情色向画师 · 裸体/暴露 · 体型特征 · 特效/后期 · 单人立绘,https://danbooru.donmai.us/artists/381704
2336851,rinka_(qqqrinkappp),1171,200,全年龄向,0.0,同人角色专精,同人为主,女性主体,兽耳/亚人/配饰/首饰,,肖像/半身,touhou|perfect_cherry_blossom,touhou mob_cap frilled_shirt_collar saigyouji_yuyuko yellow_ascot hat_ribbon triangular_headpiece tokin_hat,同人角色专精 · 兽耳/亚人 · 配饰/首饰 · 肖像/半身 · 同人为主,https://danbooru.donmai.us/artists/2336851
494405,ikari_manatsu,1172,200,全年龄向,0.0,原创角色设计师,原创为主,男性主体,校园/体型特征,单色/灰度/漫画分镜,漫画/多格,kurai_ano_ko_to_shitai_koto|idolmaster|idolmaster_cinderella_girls,kurai_ano_ko_to_shitai_koto sasaki_touko kamihira_mao sasaki_yuuto satsuki_fumi bags_under_eyes sakashita_ichika white_neckerchief,原创角色设计师 · 校园 · 体型特征 · 单色/灰度 · 漫画/多格,https://danbooru.donmai.us/artists/494405
525397,aoshima,1168,200,轻度色气,0.085,同人角色专精,同人为主,群像/多人,裸体/暴露/体型特征,漫画分镜/单色/灰度,漫画/多格,touhou|gakuen_idolmaster|idolmaster,touhou houjuu_nue pink_lips missing_headwear adapted_costume kijin_seija yorigami_jo'on asymmetrical_wings,同人角色专精 · 裸体/暴露 · 体型特征 · 漫画分镜 · 漫画/多格,https://danbooru.donmai.us/artists/525397
1517185,6_(yuchae),1168,200,全年龄向,0.0,百合专精,同人为主,双人/CP,日常/治愈/百合/GL,线稿/速写/素描/炭笔,表情/表演,honkai_(series)|honkai_impact_3rd|honkai:_star_rail,seele_vollerei honkai_impact_3rd bronya_zaychik honkai_(series) seele_(alter_ego) seele_(honkai:_star_rail) seele_vollerei_(swallowtail_phantasm) bronya_rand,百合专精 · 日常/治愈 · 百合/GL · 线稿/速写 · 表情/表演,https://danbooru.donmai.us/artists/1517185
1538619,mamerakkkkko,1169,200,硬核R18,0.93,R18情色向画师,原创为主,群像/多人,裸体/暴露/校园,漫画分镜/单色/灰度,姿势/动态,indie_virtual_youtuber|hololive|meitantei_precure!,heart_censor dashed_eyes bar_censor mamerakkkkko_(mamerakkkkko) shigure_ui_(1st_costume)_(vtuber) shigure_ui_(vtuber) censored pussy,硬核R18 · R18情色向画师 · 裸体/暴露 · 校园 · 漫画分镜 · 姿势/动态,https://danbooru.donmai.us/artists/1538619
395320,mudou_eichi,1184,200,轻度色气,0.065,原创角色设计师,原创为主,群像/多人,体型特征/泳装/内衣,线稿/速写/单色/灰度,设定/图解,comic_lo|sousou_no_frieren|gundam,loli artist_logo comic_lo flat_chest micro_bikini crotch_seam logo mary_janes,原创角色设计师 · 体型特征 · 泳装/内衣 · 线稿/速写 · 设定/图解,https://danbooru.donmai.us/artists/395320
1384542,kiritto,1162,200,轻度色气,0.02,同人角色专精,同人为主,群像/多人,泳装/内衣/和风,漫画分镜/单色/灰度,差分/变体,kantai_collection|blue_archive|comiket_108,kantai_collection akizuki_(kancolle) fuyutsuki_(kancolle) teruzuki_(kancolle) hatsuzuki_(kancolle) suzutsuki_(kancolle) propeller_hair_ornament hatsuzuki_kai_ni_(kancolle),同人角色专精 · 泳装/内衣 · 和风 · 漫画分镜 · 差分/变体,https://danbooru.donmai.us/artists/1384542
1465742,misumi_(macaroni),1166,200,全年龄向,0.0,综合向插画师,同人为主,群像/多人,校园/配饰/首饰,,单人立绘,vspo!|nijisanji|vocaloid,vspo! kaga_nazuna kaga_sumire virtual_youtuber nijisanji makaino_ririmu_(5th_costume) tachibana_hinano kisaragi_ren_(vspo!),综合向插画师 · 校园 · 配饰/首饰 · 单人立绘 · 同人为主,https://danbooru.donmai.us/artists/1465742
1582600,minato_ojitan,1162,200,轻度色气,0.155,原创角色设计师,原创为主,群像/多人,裸体/暴露/泳装/内衣,漫画分镜,俯视/仰视,gochuumon_wa_usagi_desu_ka?|kin-iro_mosaic,tanlines raised_inner_eyebrows tan holding_menu menu dutch_angle floral_print_dress one-piece_tan,原创角色设计师 · 裸体/暴露 · 泳装/内衣 · 漫画分镜 · 俯视/仰视,https://danbooru.donmai.us/artists/1582600
759914,fuzichoco,1164,200,全年龄向,0.0,日常/治愈系,同人为主,群像/多人,自然/风景/日常/治愈,线稿/速写/赛璐璐/平涂,场景插画,yumeutsutsu_re:master|nijisanji|vspo!,yumeutsutsu_re:master otori_ai mugendo_saki yanagiya_kokoro marie_mahler tachibana_nana daigo_honoka majo_(yumeutsutsu),日常/治愈系 · 自然/风景 · 日常/治愈 · 线稿/速写 · 场景插画,https://danbooru.donmai.us/artists/759914
557777,sousouman,1161,200,全年龄向,0.02,综合向插画师,原创/同人混合,群像/多人,校园/和风,单色/灰度/漫画分镜,漫画/多格,twinbox_school|cho_kaguya-hime!|mint_mango_kakigoori,twinbox_school maeda_shiori nanami_yuuno hiiragi_asuka_(twinbox) mint_mango_kakigoori sakurai_misaki kono_share_house_ha_renai_kinshi_nanoni_dou_mite_mo_kokuhaku_mochi_no_kao_wo_sareteimasu inagaki_minami,综合向插画师 · 校园 · 和风 · 单色/灰度 · 漫画/多格,https://danbooru.donmai.us/artists/557777
1972464,tokkakyou,1161,200,全年龄向,0.0,同人角色专精,同人为主,非人物/静物,日常/治愈/BL/腐向,漫画分镜/线稿/速写,漫画/多格,kirby_(series)|real_life|kirby_64,sakurai_masahiro kirby kirby_(series) real_life waddle_dee 3koma blush_stickers waddle_doo,同人角色专精 · 日常/治愈 · BL/腐向 · 漫画分镜 · 漫画/多格,https://danbooru.donmai.us/artists/1972464
1255349,magukappu,1160,200,硬核R18,0.93,R18情色向画师,同人为主,群像/多人,裸体/暴露/体型特征,赛璐璐/平涂/漫画分镜,姿势/动态,fate/grand_order|fate_(series)|zenless_zone_zero,bar_censor penis sex vaginal nipples ahegao cum censored,硬核R18 · R18情色向画师 · 裸体/暴露 · 体型特征 · 赛璐璐/平涂 · 姿势/动态,https://danbooru.donmai.us/artists/1255349
616269,spacezin,1159,200,全年龄向,0.05,传统手绘媒介,原创/同人混合,群像/多人,体型特征/兽人/furry,单色/灰度/线稿/速写,肖像/半身,touhou|pokemon|fate_(series),touhou gigantic_breasts cbt zoe_(spacezin) ball_busting wriggle_nightbug rumia thick_thighs,传统手绘媒介 · 体型特征 · 兽人/furry · 单色/灰度 · 肖像/半身,https://danbooru.donmai.us/artists/616269
1681381,papa_(shimeguru),1158,200,全年龄向,0.0,奇幻/魔法题材,同人为主,群像/多人,奇幻/魔法/日常/治愈,漫画分镜/线稿/速写,漫画/多格,mahou_shoujo_madoka_magica|magia_record:_mahou_shoujo_madoka_magica_gaiden|mahou_shoujo_madoka_magica_magia_exedra,mahou_shoujo_madoka_magica_magia_exedra magia_record:_mahou_shoujo_madoka_magica_gaiden tamaki_iroha mahou_shoujo_madoka_magica namae_(magia_exedra) kaname_madoka a-q_(madoka_magica) soul_gem_(madoka_magica),奇幻/魔法题材 · 奇幻/魔法 · 日常/治愈 · 漫画分镜 · 漫画/多格,https://danbooru.donmai.us/artists/1681381
381974,sakuraba_yuuki,1158,200,全年龄向,0.0,单色线稿派,同人为主,群像/多人,和风/自然/风景,单色/灰度/漫画分镜,漫画/多格,touhou|blue_archive|gundam,usami_renko maribel_hearn page_number touhou mob_cap trench_coat missing_headwear contrast_collar,单色线稿派 · 和风 · 自然/风景 · 单色/灰度 · 漫画/多格,https://danbooru.donmai.us/artists/381974
1431956,tandohark,1155,200,轻度色气,0.01,像素/复古画师,原创/同人混合,非人物/静物,泳装/内衣/兽耳/亚人,像素画/漫画分镜,差分/变体,umamusume|blue_archive|trickcal,korean_text umamusume horse_girl horse_tail horse_ears white_cat still_in_love_(umamusume) curren_bouquetd'or_(umamusume),像素/复古画师 · 泳装/内衣 · 兽耳/亚人 · 像素画 · 差分/变体,https://danbooru.donmai.us/artists/1431956
719946,sakiyamama,1155,200,全年龄向,0.0,原创角色设计师,原创为主,群像/多人,角色扮演/异装/配饰/首饰,单色/灰度,肖像/半身,musket_girls_~tensei_sanbou_to_senretsu_otome_tachi~|fate/grand_order|fate_(series),playboy_bunny arm_strap signature musket_girls_~tensei_sanbou_to_senretsu_otome_tachi~ highleg_leotard bridal_gauntlets fake_animal_ears nail_polish,原创角色设计师 · 角色扮演/异装 · 配饰/首饰 · 单色/灰度 · 肖像/半身,https://danbooru.donmai.us/artists/719946
1585278,shengtian,1154,200,硬核R18,0.84,R18情色向画师,同人为主,男性主体,裸体/暴露/神话/宗教,,姿势/动态,blue_archive|miside|zenless_zone_zero,menstrual_pad cappie_(miside) mita_(miside) miside blue_archive mosaic_censoring hoshino_(blue_archive) penis,硬核R18 · R18情色向画师 · 裸体/暴露 · 神话/宗教 · 姿势/动态 · 同人为主,https://danbooru.donmai.us/artists/1585278
385420,haimura_kiyotaka,1153,200,全年龄向,0.015,奇幻/魔法题材,同人为主,群像/多人,奇幻/魔法/科幻/机甲,单色/灰度/3D/渲染,单人立绘,toaru_majutsu_no_index|toaru_majutsu_no_index:_genesis_testament|dungeon_ni_deai_wo_motomeru_no_wa_machigatteiru_darou_ka,toaru_majutsu_no_index:_genesis_testament sword_oratoria toaru_majutsu_no_index halftone_dot_(medium) alice_anotherbible dungeon_ni_deai_wo_motomeru_no_wa_machigatteiru_darou_ka toaru_majutsu_no_index:_new_testament lefiya_viridis,奇幻/魔法题材 · 奇幻/魔法 · 科幻/机甲 · 单色/灰度 · 单人立绘,https://danbooru.donmai.us/artists/385420
1606392,pochimaru_(marumaru_wanwan),1151,200,全年龄向,0.0,综合向插画师,同人为主,男性主体,BL/腐向/配饰/首饰,线稿/速写,肖像/半身,honkai:_star_rail|honkai_(series)|zenless_zone_zero,honkai:_star_rail honkai_(series) cyrene_(honkai:_star_rail) cyrene_(demiurge)_(honkai:_star_rail) ashveil_(honkai:_star_rail) hoyolab_username diamond-shaped_pupils phainon_(honkai:_star_rail),综合向插画师 · BL/腐向 · 配饰/首饰 · 线稿/速写 · 肖像/半身,https://danbooru.donmai.us/artists/1606392
1244585,goma_(yoku_yatta_hou_jane),1153,200,全年龄向,0.0,同人角色专精,同人为主,女性主体,校园/和风,漫画分镜,单人立绘,kantai_collection|dragon_quest|dragon_quest_i,kantai_collection twitter_username 1koma chibi head_only wavy_mouth black_sailor_collar fubuki_kai_ni_(kancolle),同人角色专精 · 校园 · 和风 · 漫画分镜 · 单人立绘,https://danbooru.donmai.us/artists/1244585
1242935,kemachiku,1147,200,全年龄向,0.0,同人角色专精,同人为主,男性主体,BL/腐向/体型特征,,差分/变体,dragon_ball|dragon_ball_z|dragon_ball_super,dragon_ball dragon_ball_super android_21 dragon_ball_fighterz super_saiyan dragon_ball_z checkered_dress majin_android_21,同人角色专精 · BL/腐向 · 体型特征 · 差分/变体 · 同人为主,https://danbooru.donmai.us/artists/1242935
426299,morino_hon,1148,200,全年龄向,0.0,综合向插画师,同人为主,群像/多人,自然/风景/和风,单色/灰度/漫画分镜,俯视/仰视,touhou|ragnarok_online|ragnarok:_guild_masters,touhou ragnarok:_guild_masters mage_(ragnarok_online) brave_sword_x_blaze_soul ragnarok_online midriff_tattoo copyright_name remilia_scarlet,综合向插画师 · 自然/风景 · 和风 · 单色/灰度 · 俯视/仰视,https://danbooru.donmai.us/artists/426299
1866585,peach88,1151,200,全年龄向,0.0,单色线稿派,原创为主,群像/多人,配饰/首饰/日常/治愈,单色/灰度/漫画分镜,漫画/多格,,ranni_(peach88) david_liu_(peach88) prosthetic_leg prosthesis studded_choker studs spot_color talking,单色线稿派 · 配饰/首饰 · 日常/治愈 · 单色/灰度 · 漫画/多格,https://danbooru.donmai.us/artists/1866585
387322,rokuwata_tomoe,1141,200,全年龄向,0.015,综合向插画师,同人为主,双人/CP,军事/枪械/制服/职场,,差分/变体,kantai_collection|blue_archive|comiket_102,kantai_collection suzutsuki_(kancolle) kobeya_uniform ash_arms comiket_100 comiket_102 gingham_apron blue_archive,综合向插画师 · 军事/枪械 · 制服/职场 · 差分/变体 · 同人为主,https://danbooru.donmai.us/artists/387322
383882,kamogawa_tanuki,1145,200,硬核R18,0.52,R18情色向画师,原创/同人混合,女性主体,裸体/暴露/体型特征,单色/灰度/特效/后期,姿势/动态,girls_und_panzer|saki_(manga)|lyrical_nanoha,wispy_bangs blank_censor girls_und_panzer very_sweaty sweaty_breasts nishizumi_maho raised_inner_eyebrows groin_tendon,硬核R18 · R18情色向画师 · 裸体/暴露 · 体型特征 · 单色/灰度 · 姿势/动态,https://danbooru.donmai.us/artists/383882
1702026,meremero,1139,200,全年龄向,0.055,BL/腐向专精,同人为主,男性主体,BL/腐向/战斗/动作,漫画分镜/线稿/速写,差分/变体,versailles_no_bara|dramatical_murder|pretty_series,versailles_no_bara oscar_francois_de_jarjayes dramatical_murder seragaki_aoba andre_grandier self-harm wrist_cutting sei_(dramatical_murder),BL/腐向专精 · BL/腐向 · 战斗/动作 · 漫画分镜 · 差分/变体,https://danbooru.donmai.us/artists/1702026
1606339,akara_kai,1136,200,全年龄向,0.005,同人角色专精,同人为主,女性主体,校园/泳装/内衣,单色/灰度,肖像/半身,kantai_collection|gochuumon_wa_usagi_desu_ka?|blue_archive,kantai_collection fubuki_kai_ni_(kancolle) fubuki_(kancolle) bow_panties one-hour_drawing_challenge shigure_(kancolle) skirt_lift shigure_kai_ni_(kancolle),同人角色专精 · 校园 · 泳装/内衣 · 单色/灰度 · 肖像/半身,https://danbooru.donmai.us/artists/1606339
1441922,greem_bang,1137,200,硬核R18,0.99,R18情色向画师,同人为主,女性主体,裸体/暴露/体型特征,特效/后期,姿势/动态,blue_archive|azur_lane|honkai:_star_rail,mosaic_censoring vaginal sex penis formidable_(azur_lane) female_pubic_hair hetero censored,硬核R18 · R18情色向画师 · 裸体/暴露 · 体型特征 · 特效/后期 · 姿势/动态,https://danbooru.donmai.us/artists/1441922
1428365,nt00,1135,200,硬核R18,0.83,R18情色向画师,原创/同人混合,女性主体,裸体/暴露/手足/局部,漫画分镜,俯视/仰视,hololive|pokemon|gundam,yumi_(nt00) pubic_hair penis mosaic_censoring female_pubic_hair nipples hetero censored,硬核R18 · R18情色向画师 · 裸体/暴露 · 手足/局部 · 漫画分镜 · 俯视/仰视,https://danbooru.donmai.us/artists/1428365
638377,fkey,1135,200,全年龄向,0.0,原创角色设计师,原创为主,群像/多人,军事/枪械/中式,单色/灰度/线稿/速写,俯视/仰视,touhou|vocaloid|honkai_(series),feiqizi_(fkey) eyeball_bracelet_girl_(fkey) yin_yang_earrings feifei_(fkey) yin_yang victorian_maid eyeball_bracelet extra_ears,原创角色设计师 · 军事/枪械 · 中式 · 单色/灰度 · 俯视/仰视,https://danbooru.donmai.us/artists/638377
1556449,kitahama_(siroimakeinu831),1131,200,全年龄向,0.04,同人角色专精,同人为主,女性主体,校园/泳装/内衣,漫画分镜,肖像/半身,kantai_collection|bishoujo_senshi_sailor_moon|yani_neko,one-hour_drawing_challenge kantai_collection tally twitter_username body_writing character_name next_time_you're_getting_this_(meme) even_though_you_lost_your_virginity_to_me_(meme),同人角色专精 · 校园 · 泳装/内衣 · 漫画分镜 · 肖像/半身,https://danbooru.donmai.us/artists/1556449
1602414,mashiro_yukiya,1129,200,全年龄向,0.005,同人角色专精,同人为主,双人/CP,制服/职场/体型特征,漫画分镜/单色/灰度,差分/变体,kantai_collection|higurashi_no_naku_koro_ni|rilakkuma_(series),musashi_(kancolle) musashi_kai_ni_(kancolle) kantai_collection rectangular_eyewear grey-framed_eyewear wedding_ring admiral_(kancolle) dated,同人角色专精 · 制服/职场 · 体型特征 · 漫画分镜 · 差分/变体,https://danbooru.donmai.us/artists/1602414
536954,jeno,1127,200,硬核R18,0.51,单色线稿派,同人为主,群像/多人,裸体/暴露/兽耳/亚人,单色/灰度/漫画分镜,漫画/多格,touhou|whispered_oracle_of_hakurei_shrine|touhou_tag_dream,touhou whispered_oracle_of_hakurei_shrine usami_renko maribel_hearn omikuji armpit_hair mob_cap greyscale,硬核R18 · 单色线稿派 · 裸体/暴露 · 兽耳/亚人 · 单色/灰度 · 漫画/多格,https://danbooru.donmai.us/artists/536954
1581498,samip,1128,200,全年龄向,0.0,兽耳/亚人专精,同人为主,群像/多人,兽耳/亚人/和风,漫画分镜,漫画/多格,arknights|azur_lane|the_legend_of_luo_xiaohei,amagi-chan_(azur_lane) vulpisfoglia_(arknights) kaga_(azur_lane) kitsune amagi_(azur_lane) suzuran_(arknights) akagi-chan_(azur_lane) arknights,兽耳/亚人专精 · 兽耳/亚人 · 和风 · 漫画分镜 · 漫画/多格,https://danbooru.donmai.us/artists/1581498
594111,hong_(white_spider),1125,200,全年龄向,0.0,综合向插画师,同人为主,男性主体,手足/局部/泳装/内衣,,姿势/动态,zenless_zone_zero|blue_archive|hololive,patreon_username zenless_zone_zero dualsense ye_shunguang aqua_shorts hoshimi_miyabi maomao_(kusuriya_no_hitorigoto) kusuriya_no_hitorigoto,综合向插画师 · 手足/局部 · 泳装/内衣 · 姿势/动态 · 同人为主,https://danbooru.donmai.us/artists/594111
1366008,omachi_(slabco),1121,200,全年龄向,0.0,机甲/军事题材,同人为主,群像/多人,军事/枪械/科幻/机甲,赛璐璐/平涂/漫画分镜,设定/图解,girls_und_panzer|gundam|gundam_gquuuuuux,girls_und_panzer ooarai_school_uniform darjeeling_(girls_und_panzer) nishizumi_shiho nishizumi_miho nishizumi_maho itsumi_erika st._gloriana's_school_uniform,机甲/军事题材 · 军事/枪械 · 科幻/机甲 · 赛璐璐/平涂 · 设定/图解,https://danbooru.donmai.us/artists/1366008
1427514,deyui,1123,200,轻度色气,0.06,综合向插画师,同人为主,女性主体,泳装/内衣/手足/局部,漫画分镜,姿势/动态,stella_sora|blue_archive|meccha_chameleon,stella_sora tyrant_(stella_sora) female_tyrant_(stella_sora) amber_(stella_sora) chitose_(stella_sora) male_tyrant_(stella_sora) monolith_(stella_sora) implied_after_sex,综合向插画师 · 泳装/内衣 · 手足/局部 · 漫画分镜 · 姿势/动态,https://danbooru.donmai.us/artists/1427514
1344456,aster_crowley,1121,200,硬核R18,0.74,R18情色向画师,同人为主,群像/多人,体型特征/裸体/暴露,漫画分镜/单色/灰度,姿势/动态,fate/grand_order|fate_(series)|goddess_of_victory:_nikke,thick_thighs huge_breasts large_areolae scathach_(fate) fate/grand_order curvy interracial wide_hips,硬核R18 · R18情色向画师 · 体型特征 · 裸体/暴露 · 漫画分镜 · 姿势/动态,https://danbooru.donmai.us/artists/1344456
572534,daiaru,1120,200,硬核R18,0.935,奇幻/魔法题材,同人为主,群像/多人,裸体/暴露/奇幻/魔法,,姿势/动态,youkoso_jitsuryoku_shijou_shugi_no_kyoushitsu_e|fire_emblem|fire_emblem_fates,youkoso_jitsuryoku_shijou_shugi_no_kyoushitsu_e horikita_suzune advanced_nurturing_high_school_uniform kushida_kikyou defeat change_in_common_sense sex_slave ibuki_mio,硬核R18 · 奇幻/魔法题材 · 裸体/暴露 · 奇幻/魔法 · 姿势/动态 · 同人为主,https://danbooru.donmai.us/artists/572534
1411005,mika_pikazo,1119,200,全年龄向,0.0,综合向插画师,原创/同人混合,群像/多人,音乐/偶像/和风,特效/后期/拼贴/混合,肖像/半身,hololive|mickey_mouse_&_friends|monogatari_(series),mickey_mouse_&_friends x_vorder_runway monogatari_(series) copyright_notice denonbu colorful mickey_mouse hoshimachi_suisei,综合向插画师 · 音乐/偶像 · 和风 · 特效/后期 · 肖像/半身,https://danbooru.donmai.us/artists/1411005
1695119,harada_(sansei_rain),1119,200,全年龄向,0.02,综合向插画师,同人为主,群像/多人,神话/宗教/兽耳/亚人,单色/灰度/漫画分镜,漫画/多格,blue_archive|comiket_108|indie_virtual_youtuber,blue_archive maia_(blue_archive) halo mika_(blue_archive) natsu_(blue_archive) wing_ornament airi_(blue_archive) shizuko_(blue_archive),综合向插画师 · 神话/宗教 · 兽耳/亚人 · 单色/灰度 · 漫画/多格,https://danbooru.donmai.us/artists/1695119
1313570,annin_musou,1119,200,全年龄向,0.0,同人角色专精,同人为主,非人物/静物,军事/枪械/校园,拼贴/混合,差分/变体,kantai_collection|open_car_girls|daihatsu,kantai_collection fairy_(kancolle) subeyama_yae open_car_girls shimakaze_(kancolle) rensouhou-chan black_neckerchief wotomegi_wotome,同人角色专精 · 军事/枪械 · 校园 · 拼贴/混合 · 差分/变体,https://danbooru.donmai.us/artists/1313570
600749,ergot,1118,200,全年龄向,0.1,原创角色设计师,原创为主,男性主体,角色扮演/异装/恋爱/情感,漫画分镜,差分/变体,kantai_collection|monster_hunter_(series)|monster_hunter_wilds,tina_(ergot) bremen_(ergot) nekome_(ergot) momotora_(ergot) ermak_(ergot) tooth wedding_ring artist_name,原创角色设计师 · 角色扮演/异装 · 恋爱/情感 · 漫画分镜 · 差分/变体,https://danbooru.donmai.us/artists/600749
543757,bai_lao_shu,1116,200,全年龄向,0.005,百合专精,同人为主,非人物/静物,百合/GL/和风,单色/灰度/漫画分镜,漫画/多格,kantai_collection|strike_witches|world_witches_series,houshou_(kancolle) nagato_(kancolle) kantai_collection chinese_text mutsu_(kancolle) zuikaku_(kancolle) shoukaku_(kancolle) yamato_(kancolle),百合专精 · 百合/GL · 和风 · 单色/灰度 · 漫画/多格,https://danbooru.donmai.us/artists/543757
662787,criis-chan,1115,200,全年龄向,0.0,综合向插画师,同人为主,群像/多人,神话/宗教/角色扮演/异装,特效/后期/漫画分镜,差分/变体,panty_&_stocking_with_garterbelt|danganronpa_(series)|danganronpa_2:_goodbye_despair,panty_&_stocking_with_garterbelt stocking_(psg) honekoneko_(psg) danganronpa_(series) panty_(psg) twitter_username infinity_nikki nikki_(series),综合向插画师 · 神话/宗教 · 角色扮演/异装 · 特效/后期 · 差分/变体,https://danbooru.donmai.us/artists/662787
717894,fumio_(ura_fmo),1115,200,硬核R18,0.58,R18情色向画师,同人为主,男性主体,裸体/暴露/军事/枪械,,姿势/动态,grisaia_(series)|grisaia_battlefield_barcarolle|grisaia_no_rakuen,grisaia_(series) kazami_yuuji grisaia_battlefield_barcarolle grisaia_no_rakuen thick_eyelashes long_eyelashes irisu_makina suou_amane,硬核R18 · R18情色向画师 · 裸体/暴露 · 军事/枪械 · 姿势/动态 · 同人为主,https://danbooru.donmai.us/artists/717894
2643967,rabbithole_(qnzp113),1111,200,轻度色气,0.095,兽耳/亚人专精,原创为主,非人物/静物,兽耳/亚人/裸体/暴露,漫画分镜/特效/后期,漫画/多格,djmax|djmax_respect|genshin_impact,korean_text narration talking wolf_girl topknot wolf_ears pov_across_bed comic,兽耳/亚人专精 · 兽耳/亚人 · 裸体/暴露 · 漫画分镜 · 漫画/多格,https://danbooru.donmai.us/artists/2643967
1755134,blacknirrow,1110,200,全年龄向,0.0,兽耳/亚人专精,同人为主,非人物/静物,兽人/furry/恐怖/猎奇,线稿/速写,姿势/动态,pokemon|monster_hunter_(series)|pokemon_omega_ruby_and_alpha_sapphire,pokemon_(creature) pokemon_focus mega_pokemon pokemon white_outline no_humans outline evolutionary_line,兽耳/亚人专精 · 兽人/furry · 恐怖/猎奇 · 线稿/速写 · 姿势/动态,https://danbooru.donmai.us/artists/1755134
465434,kusaka_souji,1109,200,情色向,0.405,日常/治愈系,同人为主,群像/多人,裸体/暴露/体型特征,漫画分镜,漫画/多格,kantai_collection|uchi_no_hime-sama_ga_ichiban_kawaii|senran_kagura,kantai_collection uchi_no_hime-sama_ga_ichiban_kawaii miru_holstein bar_censor admiral_(kancolle) makinami_(kancolle) pink_bandeau hiei_kai_ni_(kancolle),情色向 · 日常/治愈系 · 裸体/暴露 · 体型特征 · 漫画分镜 · 漫画/多格,https://danbooru.donmai.us/artists/465434
375647,iizuki_tasuku,1108,200,情色向,0.35,日常/治愈系,同人为主,双人/CP,裸体/暴露/泳装/内衣,,俯视/仰视,suiren_to_shion|onee-chan_no_yuuwaku|lovely_x_cation_2,suiren_to_shion kisaragi_maaya onee-chan_no_yuuwaku lovely_x_cation_2 hoshi_ori_yume_mirai wakami_suiren wakami_shion izumi_wakoto,情色向 · 日常/治愈系 · 裸体/暴露 · 泳装/内衣 · 俯视/仰视 · 同人为主,https://danbooru.donmai.us/artists/375647
1391945,do_m_kaeru,1107,200,全年龄向,0.0,综合向插画师,同人为主,群像/多人,军事/枪械/配饰/首饰,线稿/速写/素描/炭笔,差分/变体,fire_emblem|fire_emblem:_three_houses|persona,fire_emblem:_three_houses fire_emblem garreg_mach_monastery_uniform lysithea_von_ordelia persona hilda_valentine_goneril twitter_username marianne_von_edmund,综合向插画师 · 军事/枪械 · 配饰/首饰 · 线稿/速写 · 差分/变体,https://danbooru.donmai.us/artists/1391945
1385185,haru_(nakajou-28),1107,200,全年龄向,0.0,综合向插画师,同人为主,男性主体,BL/腐向/自然/风景,,差分/变体,fire_emblem|fire_emblem_heroes|fire_emblem_fates,fire_emblem fire_emblem_heroes soren_(fire_emblem) fire_emblem_fates fire_emblem:_path_of_radiance fire_emblem_engage fire_emblem_awakening fire_emblem:_three_houses,综合向插画师 · BL/腐向 · 自然/风景 · 差分/变体 · 同人为主,https://danbooru.donmai.us/artists/1385185
3708,mogudan,1105,200,情色向,0.24,日常/治愈系,同人为主,群像/多人,体型特征/裸体/暴露,单色/灰度/线稿/速写,俯视/仰视,one-punch_man|neon_genesis_evangelion|street_fighter,one-punch_man tatsumaki fubuki_(one-punch_man) curly_hair urinal public_restroom thick_thighs toilet_paper,情色向 · 日常/治愈系 · 体型特征 · 裸体/暴露 · 单色/灰度 · 俯视/仰视,https://danbooru.donmai.us/artists/3708
1798319,kabayaki_(kabayaki_eel),1106,200,全年龄向,0.0,漫画/剧情向,同人为主,群像/多人,日常/治愈/兽耳/亚人,漫画分镜/特效/后期,漫画/多格,assault_lily|pokemon|the_scream,assault_lily square_4koma kanba_girls_high_school_uniform miyagawa_takane kon_kanaho solid_oval_eyes no_mouth yurigaoka_girls_academy_school_uniform,漫画/剧情向 · 日常/治愈 · 兽耳/亚人 · 漫画分镜 · 漫画/多格,https://danbooru.donmai.us/artists/1798319
1724849,sunnysideup,1104,200,情色向,0.485,综合向插画师,同人为主,群像/多人,裸体/暴露/神话/宗教,漫画分镜,姿势/动态,blue_archive|tales_of_(series)|tales_of_symphonia,haruna_(blue_archive) regal_bryant_(white_day) regal_bryant tales_of_asteria alice_(tales) tales_of_symphonia_knight_of_ratatosk blue_archive tales_of_symphonia,情色向 · 综合向插画师 · 裸体/暴露 · 神话/宗教 · 漫画分镜 · 姿势/动态,https://danbooru.donmai.us/artists/1724849
1770251,hagoonha,1104,200,全年龄向,0.0,综合向插画师,原创/同人混合,群像/多人,神话/宗教/奇幻/魔法,线稿/速写/单色/灰度,差分/变体,blue_archive|black_survival|eternal_return:_black_survival,ciel_(hagoonha) black_survival eternal_return:_black_survival blue_archive halo pink_halo charlotte_(black_survival) gam_gyuri,综合向插画师 · 神话/宗教 · 奇幻/魔法 · 线稿/速写 · 差分/变体,https://danbooru.donmai.us/artists/1770251
431867,mikagami_hiyori,1096,200,全年龄向,0.0,单色线稿派,同人为主,非人物/静物,科幻/机甲/战斗/动作,单色/灰度/漫画分镜,漫画/多格,touhou|jojo_no_kimyou_na_bouken|battle_tendency,maribel_hearn usami_renko touhou mob_cap ribbon-trimmed_collar contrast_collar ribbon-trimmed_sleeves greyscale,单色线稿派 · 科幻/机甲 · 战斗/动作 · 单色/灰度 · 漫画/多格,https://danbooru.donmai.us/artists/431867
2716059,awa_(abc19502),1097,200,轻度色气,0.025,综合向插画师,同人为主,群像/多人,兽人/furry/泳装/内衣,漫画分镜,俯视/仰视,pokemon|pokemon_(anime)|pokemon_the_series:_sun_&_moon,pokemon_(anime) pokemon_the_series:_sun_&_moon cocotama_(series) noihara_himari omamori_himari luna_platz_(mega_man) mega_man_star_force_(series) pokemon,综合向插画师 · 兽人/furry · 泳装/内衣 · 漫画分镜 · 俯视/仰视,https://danbooru.donmai.us/artists/2716059
1399138,kuro_kosyou,1100,200,全年龄向,0.0,原创角色设计师,原创为主,非人物/静物,兽耳/亚人/和风,3D/渲染/单色/灰度,场景插画,karakai_jouzu_no_takagi-san|indie_virtual_youtuber|fatal_frame,kono_iroha kono_tsukuha color_guide 3d kono_iona koyuki_(kuro_kosyou) takagi-san karakai_jouzu_no_takagi-san,原创角色设计师 · 兽耳/亚人 · 和风 · 3D/渲染 · 场景插画,https://danbooru.donmai.us/artists/1399138
416749,liya,1096,200,情色向,0.325,原创角色设计师,原创为主,男性主体,裸体/暴露/体型特征,漫画分镜/单色/灰度,姿势/动态,blue_archive|touhou|comiket_106,yamanashi_haruka downer-chan_(liya) kazusa_(blue_archive) curvy nipples blue_archive mosaic_censoring cat_choker,情色向 · 原创角色设计师 · 裸体/暴露 · 体型特征 · 漫画分镜 · 姿势/动态,https://danbooru.donmai.us/artists/416749
606064,yuuji_(yukimimi),1095,200,全年龄向,0.045,兽耳/亚人专精,原创为主,双人/CP,兽耳/亚人/自然/风景,单色/灰度/线稿/速写,姿势/动态,indie_virtual_youtuber|v4mirai|boku_dake_ga_inai_machi,silver_fox_girl_(yuuji_(yukimimi)) absurdly_long_hair fox_tail fox_girl fox_ears chibi chibi_only white_kimono,兽耳/亚人专精 · 兽耳/亚人 · 自然/风景 · 单色/灰度 · 姿势/动态,https://danbooru.donmai.us/artists/606064
1364285,ryoji_(nomura_ryouji),1093,200,轻度色气,0.07,综合向插画师,同人为主,群像/多人,体型特征/军事/枪械,单色/灰度/漫画分镜,设定/图解,umamusume|dairoku_ryouhei|root_eden,dairoku_ryouhei umamusume root_eden horse_girl horse_tail horse_ears psychic_hearts huge_breasts,综合向插画师 · 体型特征 · 军事/枪械 · 单色/灰度 · 设定/图解,https://danbooru.donmai.us/artists/1364285
1356497,koyorin,1093,200,全年龄向,0.0,机甲/军事题材,同人为主,群像/多人,科幻/机甲/军事/枪械,单色/灰度/特效/后期,肖像/半身,final_fantasy|final_fantasy_xiv|cyberpunk_(series),final_fantasy_xiv final_fantasy artist_name warrior_of_light_(ff14) cyborg cyberpunk_(series) miqo'te hyur,机甲/军事题材 · 科幻/机甲 · 军事/枪械 · 单色/灰度 · 肖像/半身,https://danbooru.donmai.us/artists/1356497
1483392,hellandheaven,1159,200,硬核R18,0.755,R18情色向画师,原创/同人混合,女性主体,裸体/暴露/体型特征,特效/后期,姿势/动态,high_school_dxd|goddess_of_victory:_nikke|azur_lane,patreon_username high_school_dxd rias_gremory mosaic_censoring breath sex goddess_of_victory:_nikke clothing_aside,硬核R18 · R18情色向画师 · 裸体/暴露 · 体型特征 · 特效/后期 · 姿势/动态,https://danbooru.donmai.us/artists/1483392
630855,ryouma_(galley),1091,200,轻度色气,0.24,综合向插画师,原创/同人混合,群像/多人,裸体/暴露/校园,单色/灰度/漫画分镜,俯视/仰视,mishiranu_joshikousei_ni_kankin_sareta_mangaka_no_hanashi|dokyuu_hentai_hxeros|sakigake_no_hanamiko,mishiranu_joshikousei_ni_kankin_sareta_mangaka_no_hanashi konata_(kankin_jk) sensei_(kankin_jk) editor_(kankin_jk) fake_video pornography_production dokyuu_hentai_hxeros livestream,综合向插画师 · 裸体/暴露 · 校园 · 单色/灰度 · 俯视/仰视,https://danbooru.donmai.us/artists/630855
1533090,aztodio,1092,200,情色向,0.355,R18情色向画师,同人为主,男性主体,裸体/暴露/体型特征,,姿势/动态,genshin_impact|fate_(series)|fate/grand_order,patreon_username web_address mosaic_censoring nipples genshin_impact completely_nude alternate_breast_size_(larger) artist_name,情色向 · R18情色向画师 · 裸体/暴露 · 体型特征 · 姿势/动态 · 同人为主,https://danbooru.donmai.us/artists/1533090
1266727,erere,1090,200,硬核R18,0.975,R18情色向画师,同人为主,男性主体,裸体/暴露/泳装/内衣,,姿势/动态,idolmaster|idolmaster_shiny_colors|gakuen_idolmaster,idolmaster_shiny_colors idolmaster mosaic_censoring penis cum letterboxed sonoda_chiyoko hetero,硬核R18 · R18情色向画师 · 裸体/暴露 · 泳装/内衣 · 姿势/动态 · 同人为主,https://danbooru.donmai.us/artists/1266727
1526224,cluseller,1089,200,全年龄向,0.005,原创角色设计师,原创/同人混合,群像/多人,兽耳/亚人/和风,特效/后期,姿势/动态,indie_virtual_youtuber|final_fantasy|final_fantasy_xiv,warrior_of_light_(ff14) elia_stellaria final_fantasy_xiv sapphira_nyx indie_virtual_youtuber au_ra final_fantasy virtual_youtuber,原创角色设计师 · 兽耳/亚人 · 和风 · 特效/后期 · 姿势/动态,https://danbooru.donmai.us/artists/1526224
1691121,iwbitu,1089,200,情色向,0.065,原创角色设计师,原创为主,双人/CP,体型特征/裸体/暴露,漫画分镜,漫画/多格,panty_&_stocking_with_garterbelt|cuddly_octopus|pokemon,nyopu twitter_username panty_&_stocking_with_garterbelt en_(iwbitu) cuddly_octopus dakimakura_(medium) fang_out skin_fang,情色向 · 原创角色设计师 · 体型特征 · 裸体/暴露 · 漫画分镜 · 漫画/多格,https://danbooru.donmai.us/artists/1691121
1353771,moyoron,1089,200,硬核R18,0.61,R18情色向画师,同人为主,女性主体,恐怖/猎奇/裸体/暴露,,姿势/动态,azur_lane|genshin_impact|blue_archive,tentacle_pit tentacle_sex citlali_(genshin_impact) floating_headgear triangle_facial_mark ring_hair_ornament tentacles arms_bound_apart,硬核R18 · R18情色向画师 · 恐怖/猎奇 · 裸体/暴露 · 姿势/动态 · 同人为主,https://danbooru.donmai.us/artists/1353771
1482541,distr,1089,200,轻度色气,0.19,综合向插画师,同人为主,双人/CP,裸体/暴露/兽耳/亚人,漫画分镜/线稿/速写,俯视/仰视,honkai:_star_rail|honkai_(series)|zenless_zone_zero,honkai:_star_rail honkai_(series) marshmallow_(site) silver_wolf_(honkai:_star_rail) arknights ahri_(league) request_inset zenless_zone_zero,综合向插画师 · 裸体/暴露 · 兽耳/亚人 · 漫画分镜 · 俯视/仰视,https://danbooru.donmai.us/artists/1482541
2016105,habsida_(habsida_hpy),1088,200,全年龄向,0.0,百合专精,同人为主,群像/多人,百合/GL/音乐/偶像,单色/灰度/漫画分镜,漫画/多格,girls_band_cry|umamusume|girls_band_cry_rpg,girls_band_cry kawaragi_momoka iseri_nina roots_(hair) chinese_text ebizuka_tomo rupa_(girls_band_cry) awa_subaru,百合专精 · 百合/GL · 音乐/偶像 · 单色/灰度 · 漫画/多格,https://danbooru.donmai.us/artists/2016105
1386334,lamb-oic029,1087,200,硬核R18,0.59,R18情色向画师,同人为主,群像/多人,裸体/暴露/兽人/furry,线稿/速写/漫画分镜,姿势/动态,pokemon|fire_emblem|tales_of_(series),female_pubic_hair pubic_hair heart_censor nipples tales_of_(series) pokemon fire_emblem nude,硬核R18 · R18情色向画师 · 裸体/暴露 · 兽人/furry · 线稿/速写 · 姿势/动态,https://danbooru.donmai.us/artists/1386334
1468863,apple_caramel,1087,200,全年龄向,0.01,综合向插画师,同人为主,男性主体,自然/风景/制服/职场,拼贴/混合/特效/后期,差分/变体,wuthering_waves|blue_archive|moon_rabbit_raising,wuthering_waves aemeath_(wuthering_waves) denia_(wuthering_waves) moon_rabbit_raising chisa_(wuthering_waves) starseed:_asnia_trigger rover_(wuthering_waves) zoom_layer,综合向插画师 · 自然/风景 · 制服/职场 · 拼贴/混合 · 差分/变体,https://danbooru.donmai.us/artists/1468863
2458287,meme_(sleepsheep),1086,200,全年龄向,0.0,场景/背景插画师,同人为主,非人物/静物,兽人/furry/自然/风景,漫画分镜,表情/表演,pokemon|pikmin_(series)|pikmin_bloom,pokemon_focus pokemon_(creature) no_humans pokemon pikmin_bloom animal_focus pikmin_(creature) pikmin_(series),场景/背景插画师 · 兽人/furry · 自然/风景 · 漫画分镜 · 表情/表演,https://danbooru.donmai.us/artists/2458287
1662774,myth1carts,1087,200,硬核R18,0.545,R18情色向画师,同人为主,男性主体,裸体/暴露/体型特征,特效/后期/漫画分镜,姿势/动态,indie_virtual_youtuber|phase_connect|hololive,phase_connect virtual_youtuber indie_virtual_youtuber hololive_english fujikura_uruka uncensored rinkou_ashelia hololive,硬核R18 · R18情色向画师 · 裸体/暴露 · 体型特征 · 特效/后期 · 姿势/动态,https://danbooru.donmai.us/artists/1662774
410214,mimonel,1085,200,硬核R18,0.915,R18情色向画师,同人为主,群像/多人,裸体/暴露/体型特征,漫画分镜,漫画/多格,blue_archive|zenless_zone_zero|granblue_fantasy,female_pubic_hair wise_(zenless_zone_zero) pubic_hair bar_censor penis sensei_(blue_archive) inverted_nipples nipples,硬核R18 · R18情色向画师 · 裸体/暴露 · 体型特征 · 漫画分镜 · 漫画/多格,https://danbooru.donmai.us/artists/410214
1374427,lambda_(kusowarota),1084,200,情色向,0.43,R18情色向画师,同人为主,女性主体,裸体/暴露/手足/局部,,姿势/动态,bang_dream!|bang_dream!_girls_band_party!|goddess_of_victory:_nikke,bang_dream! bang_dream!_girls_band_party! koromogawari bang_dream!_it's_mygo!!!!! maruyama_aya goddess_of_victory:_nikke tsurumaki_kokoro shirokane_rinko,情色向 · R18情色向画师 · 裸体/暴露 · 手足/局部 · 姿势/动态 · 同人为主,https://danbooru.donmai.us/artists/1374427
1424206,tsukiman,1082,200,轻度色气,0.005,原创角色设计师,原创为主,女性主体,日常/治愈/泳装/内衣,单色/灰度/线稿/速写,俯视/仰视,blue_archive|monitoring_(vocaloid)|vocaloid,kanae_(tsukiman) rabbit_hair_ornament yuna_(tsukiman) ear_piercing twitter_username hickey piercing frilled_sailor_collar,原创角色设计师 · 日常/治愈 · 泳装/内衣 · 单色/灰度 · 俯视/仰视,https://danbooru.donmai.us/artists/1424206
1560052,fukidashi_cotton,1083,200,全年龄向,0.0,兽耳/亚人专精,同人为主,非人物/静物,兽人/furry/战斗/动作,漫画分镜,漫画/多格,pokemon|pokemon_pokopia|detective_pikachu_(series),pokemon_focus pokemon_(creature) 2koma no_humans pokemon pokemon_pokopia comic ditto,兽耳/亚人专精 · 兽人/furry · 战斗/动作 · 漫画分镜 · 漫画/多格,https://danbooru.donmai.us/artists/1560052
1374469,asaya_minoru,1082,200,全年龄向,0.0,综合向插画师,同人为主,群像/多人,和风/BL/腐向,漫画分镜/单色/灰度,漫画/多格,fate_(series)|fate/grand_order|granblue_fantasy,twitter_username fate/grand_order fujimaru_ritsuka_(female) fate_(series) constantine_xi_(fate) fujimaru_ritsuka_(female)_(decisive_battle_chaldea_uniform) daybit_sem_void english_text,综合向插画师 · 和风 · BL/腐向 · 漫画分镜 · 漫画/多格,https://danbooru.donmai.us/artists/1374469
492743,arinu,1081,200,全年龄向,0.06,同人角色专精,同人为主,群像/多人,体型特征/自然/风景,漫画分镜/单色/灰度,差分/变体,touhou|embodiment_of_scarlet_devil|artificial_utopia_in_ruins,aki_minoriko grape_hat_ornament touhou fruit_hat_ornament mob_cap red_apron komano_aunn komainu_girl,同人角色专精 · 体型特征 · 自然/风景 · 漫画分镜 · 差分/变体,https://danbooru.donmai.us/artists/492743
1306128,baba_(baba_seimaijo),1078,200,全年龄向,0.0,同人角色专精,同人为主,男性主体,和风/兽耳/亚人,,单人立绘,touhou|yomiuri_land|trojan_green_asteroid,transparent_background touhou camera_phone tengu-geta geta ribbon-trimmed_skirt tokin_hat brown_sandals,同人角色专精 · 和风 · 兽耳/亚人 · 单人立绘 · 同人为主,https://danbooru.donmai.us/artists/1306128
376026,sakurazawa_izumi,1079,200,全年龄向,0.005,日常/治愈系,原创/同人混合,男性主体,日常/治愈/兽耳/亚人,单色/灰度/漫画分镜,漫画/多格,higanbana_no_saku_yoru_ni|fruits_fulcute!|made_in_abyss,kusunoki_midori higanbana_no_saku_yoru_ni koucha_shinshi fruits_fulcute! prushka avocado_(fruits_fulcute!) made_in_abyss meinya_(made_in_abyss),日常/治愈系 · 日常/治愈 · 兽耳/亚人 · 单色/灰度 · 漫画/多格,https://danbooru.donmai.us/artists/376026
611444,hoshizuki_(seigetsu),1077,200,硬核R18,0.53,R18情色向画师,同人为主,女性主体,裸体/暴露/兽耳/亚人,单色/灰度,姿势/动态,kantai_collection|touhou|granblue_fantasy,puru-see_(hoshizuki_(seigetsu)) kantai_collection mizuhashi_parsee |_| touhou nipples bar_censor purumia,硬核R18 · R18情色向画师 · 裸体/暴露 · 兽耳/亚人 · 单色/灰度 · 姿势/动态,https://danbooru.donmai.us/artists/611444
1391234,doitsuken,1076,200,全年龄向,0.0,兽耳/亚人专精,原创为主,双人/CP,兽耳/亚人/和风,漫画分镜/单色/灰度,漫画/多格,grappler_baki|made_in_abyss|kodoku_no_gourmet,kitsune_spirit_(doitsuken) black_sclera colored_sclera multiple_tails comic fox_child_(doitsuken) fox_tail fox_ears,兽耳/亚人专精 · 兽耳/亚人 · 和风 · 漫画分镜 · 漫画/多格,https://danbooru.donmai.us/artists/1391234
1715961,puddinghomhom,1071,200,情色向,0.1,综合向插画师,同人为主,男性主体,泳装/内衣/自然/风景,线稿/速写,姿势/动态,kantai_collection|fate_(series)|blue_archive,cameltoe loli covered_nipples blur_censor artist_name alice_gear_aegis kantai_collection heaven_burns_red,情色向 · 综合向插画师 · 泳装/内衣 · 自然/风景 · 线稿/速写 · 姿势/动态,https://danbooru.donmai.us/artists/1715961
1762628,modare,1070,200,全年龄向,0.0,综合向插画师,同人为主,群像/多人,神话/宗教/军事/枪械,单色/灰度,设定/图解,wuthering_waves|blue_archive|arknights,wuthering_waves complex_lighting gs25 blue_archive rover_(wuthering_waves) female_rover_(wuthering_waves) lynae_(wuthering_waves) iuno_(wuthering_waves),综合向插画师 · 神话/宗教 · 军事/枪械 · 单色/灰度 · 设定/图解,https://danbooru.donmai.us/artists/1762628
1249519,mo_(kireinamo),1070,200,硬核R18,0.76,R18情色向画师,同人为主,男性主体,裸体/暴露/BL/腐向,单色/灰度/漫画分镜,姿势/动态,fate_(series)|blue_archive|kantai_collection,medusa_(rider)_(fate) medusa_(fate) emiya_shirou fate/stay_night mogami_(kancolle) bar_censor penis fate_(series),硬核R18 · R18情色向画师 · 裸体/暴露 · BL/腐向 · 单色/灰度 · 姿势/动态,https://danbooru.donmai.us/artists/1249519
1391516,ittokyu,1073,200,全年龄向,0.0,综合向插画师,同人为主,男性主体,和风/兽耳/亚人,线稿/速写,单人立绘,indie_virtual_youtuber|umamusume|nijisanji,qr_code watermark kururu_an sample_watermark virtual_youtuber umamusume indie_virtual_youtuber horse_ears,综合向插画师 · 和风 · 兽耳/亚人 · 线稿/速写 · 单人立绘,https://danbooru.donmai.us/artists/1391516
1536208,inaba_shiki,1069,200,全年龄向,0.0,综合向插画师,同人为主,女性主体,校园/泳装/内衣,,肖像/半身,kantai_collection|blue_archive|idolmaster,watermark_grid watermark green_buruma kantai_collection character_name artist_name competition_swimsuit gym_shirt,综合向插画师 · 校园 · 泳装/内衣 · 肖像/半身 · 同人为主,https://danbooru.donmai.us/artists/1536208
1231744,tenken_(gotannda),1070,200,硬核R18,0.93,R18情色向画师,同人为主,女性主体,裸体/暴露/兽耳/亚人,单色/灰度,姿势/动态,granblue_fantasy|yu-gi-oh!|blue_archive,bar_censor granblue_fantasy duel_monster female_pubic_hair yu-gi-oh! pubic_hair pussy censored,硬核R18 · R18情色向画师 · 裸体/暴露 · 兽耳/亚人 · 单色/灰度 · 姿势/动态,https://danbooru.donmai.us/artists/1231744
2079247,atelier-moo,1068,200,全年龄向,0.0,奇幻/魔法题材,同人为主,男性主体,奇幻/魔法/BL/腐向,赛璐璐/平涂/单色/灰度,设定/图解,yuukyuu_gensoukyoku|yuukyuu_gensoukyoku_revival|wizards_symphony,yuukyuu_gensoukyoku yuukyuu_gensoukyoku_revival wizards_symphony 2000s_(style) fluffy_hands anime_coloring inset_border feline_sora,奇幻/魔法题材 · 奇幻/魔法 · BL/腐向 · 赛璐璐/平涂 · 设定/图解,https://danbooru.donmai.us/artists/2079247
713881,huyumitsu,1065,200,轻度色气,0.14,原创角色设计师,原创为主,男性主体,校园/日常/治愈,漫画分镜,姿势/动态,world_trigger|overlord_(maruyama)|hai_to_gensou_no_grimgar,kurata_megumi_(huyumitsu) kirishima_mei_(huyumitsu) balding ugly_bastard volleyball_uniform grabbing_another's_ass track_pants grey_sports_bra,原创角色设计师 · 校园 · 日常/治愈 · 漫画分镜 · 姿势/动态,https://danbooru.donmai.us/artists/713881
713166,setz,1069,200,全年龄向,0.0,日常/治愈系,同人为主,群像/多人,自然/风景/军事/枪械,漫画分镜/单色/灰度,漫画/多格,touhou|arknights|lotta_svaerd:_women_of_war,lotta_svaerd:_women_of_war finland lotta_svaerd finnish_army priscilla_the_crossbreed giantess giant dark_souls_i,日常/治愈系 · 自然/风景 · 军事/枪械 · 漫画分镜 · 漫画/多格,https://danbooru.donmai.us/artists/713166
1530166,hot_vr,1067,200,硬核R18,0.525,R18情色向画师,同人为主,男性主体,裸体/暴露/兽人/furry,,俯视/仰视,indie_virtual_youtuber|pokemon|zenless_zone_zero,subscribestar_username patreon_username pixiv_username subscribestar_logo pixiv_logo uncensored patreon_logo indie_virtual_youtuber,硬核R18 · R18情色向画师 · 裸体/暴露 · 兽人/furry · 俯视/仰视 · 同人为主,https://danbooru.donmai.us/artists/1530166
655108,ominaeshi_(takenoko),1065,200,全年龄向,0.0,原创角色设计师,原创/同人混合,群像/多人,校园/泳装/内衣,单色/灰度/漫画分镜,漫画/多格,mahoutsukai_rose_no_sado_life|nanashi_inc.|twitter,mahoutsukai_rose_no_sado_life rose_(mahoutsukai_rose_no_sado_life) sana_(mahoutsukai_rose_no_sado_life) childhood_friend_(ominaeshi) mai_(mahoutsukai_rose_no_sado_life) imouto-chan_(ominaeshi) luna_(mahoutsukai_rose_no_sado_life) sailor_dress,原创角色设计师 · 校园 · 泳装/内衣 · 单色/灰度 · 漫画/多格,https://danbooru.donmai.us/artists/655108
1259601,inkerton-kun,1063,200,全年龄向,0.04,综合向插画师,同人为主,男性主体,体型特征/兽人/furry,单色/灰度/漫画分镜,差分/变体,pokemon|mega_man_(series)|dragon_ball,mega_man_(series) sonic_(series) purple_eyeshadow eyeshadow furry_female dragon_ball pokemon_gold/silver/crystal mega_man_x_(series),综合向插画师 · 体型特征 · 兽人/furry · 单色/灰度 · 差分/变体,https://danbooru.donmai.us/artists/1259601
1352447,guin_guin,1063,200,全年龄向,0.0,漫画/剧情向,原创/同人混合,群像/多人,战斗/动作/日常/治愈,漫画分镜/特效/后期,漫画/多格,arknights|girls'_frontline|arknights:_endfield,old_man_(guin_guin) arknights warfarin_(arknights) male_doctor_(arknights) kal'tsit_(arknights) little_blue_(guin_guin) doctor_(arknights) projekt_red_(arknights),漫画/剧情向 · 战斗/动作 · 日常/治愈 · 漫画分镜 · 漫画/多格,https://danbooru.donmai.us/artists/1352447
2366933,mashutarou_(neko_no_oyashiro),1062,200,全年龄向,0.0,综合向插画师,原创/同人混合,男性主体,泳装/内衣/和风,单色/灰度,场景插画,fate_(series)|fate/grand_order|kagurai_~kagura_and_raito~,kagurai_~kagura_and_raito~ kagura_(kagurai) lecia_(hijiri_kishi_sonia-san) sonia_(hijiri_kishi_sonia-san) nagi_(hijiri_kishi_sonia-san) raito_(kagurai) lilith_(hijiri_kishi_sonia-san) fate/grand_order,综合向插画师 · 泳装/内衣 · 和风 · 单色/灰度 · 场景插画,https://danbooru.donmai.us/artists/2366933
429247,starshadowmagician,1063,200,全年龄向,0.1,BL/腐向专精,同人为主,男性主体,BL/腐向/战斗/动作,漫画分镜,姿势/动态,fate/grand_order|fate_(series)|arknights,antonio_salieri_(fate) wolfgang_amadeus_mozart_(fate) fate/grand_order fate_(series) weibo_watermark reed_(arknights) kiryu_kazuma necrass_(arknights),BL/腐向专精 · BL/腐向 · 战斗/动作 · 漫画分镜 · 姿势/动态,https://danbooru.donmai.us/artists/429247
384167,7010,1061,200,轻度色气,0.12,奇幻/魔法题材,同人为主,群像/多人,奇幻/魔法/体型特征,线稿/速写/漫画分镜,漫画/多格,idolmaster|idolmaster_cinderella_girls|princess_connect!,mimura_kanako idolmaster_cinderella_girls idolmaster princess_connect! tareme plump granblue_fantasy dot_nose,奇幻/魔法题材 · 奇幻/魔法 · 体型特征 · 线稿/速写 · 漫画/多格,https://danbooru.donmai.us/artists/384167
1354553,mel_(melty_pot),1063,200,轻度色气,0.025,综合向插画师,同人为主,群像/多人,科幻/机甲/泳装/内衣,线稿/速写/素描/炭笔,差分/变体,bocchi_the_rock!|meitantei_precure!|precure,bocchi_the_rock! gotoh_michiyo moria_luluka meitantei_precure! ijichi_nijika gotoh_hitori precure kita_ikuyo,综合向插画师 · 科幻/机甲 · 泳装/内衣 · 线稿/速写 · 差分/变体,https://danbooru.donmai.us/artists/1354553
618687,umigarasu_(kitsune1963),1061,200,轻度色气,0.075,综合向插画师,同人为主,群像/多人,体型特征/都市/街景,特效/后期/漫画分镜,场景插画,last_origin|touhou|youkoso_isekai_e_dewa_shinde_kudasai,last_origin pixiv_id pixiv_username light_particles twitter_username touhou signature linea_alba,综合向插画师 · 体型特征 · 都市/街景 · 特效/后期 · 场景插画,https://danbooru.donmai.us/artists/618687
1616605,club3,1060,200,硬核R18,0.525,R18情色向画师,同人为主,群像/多人,体型特征/裸体/暴露,单色/灰度,设定/图解,final_fantasy|final_fantasy_xiv|fate/grand_order,fanbox_username patreon_username y'shtola_rhul miqo'te final_fantasy_xiv archon_mark final_fantasy ring_light_reflection,硬核R18 · R18情色向画师 · 体型特征 · 裸体/暴露 · 单色/灰度 · 设定/图解,https://danbooru.donmai.us/artists/1616605
1667764,g_(genesis1556),1060,200,全年龄向,0.02,百合专精,原创/同人混合,群像/多人,自然/风景/百合/GL,漫画分镜,漫画/多格,umamusume|sharktopus|zenless_zone_zero,agnes_digital_(umamusume) rio_(g_(genesis1556)) umamusume annes_(g_(genesis1556)) dragon_claw scales monster_girl dragon_girl,百合专精 · 自然/风景 · 百合/GL · 漫画分镜 · 漫画/多格,https://danbooru.donmai.us/artists/1667764
275761,nanao_naru,1056,200,轻度色气,0.045,综合向插画师,同人为主,群像/多人,泳装/内衣/校园,光影/氛围,俯视/仰视,alia's_carnival!|dengeki_moeoh|kantai_collection,alia's_carnival! sakurakouji_tsukuyomi asamiya_shiina haruoto_alice_gram berry's satou_natsuki dengeki_moeoh shirahane_yuuri,综合向插画师 · 泳装/内衣 · 校园 · 光影/氛围 · 俯视/仰视,https://danbooru.donmai.us/artists/275761
1433120,wisespeak,1060,200,情色向,0.28,兽耳/亚人专精,同人为主,女性主体,兽耳/亚人/裸体/暴露,单色/灰度/漫画分镜,漫画/多格,fate_(series)|fate/extra|blue_archive,tamamo_no_mae_(fate) fate/extra wakamo_(blue_archive) fate_(series) fox_girl fox_tail shioriha_ruri fox_ears,情色向 · 兽耳/亚人专精 · 兽耳/亚人 · 裸体/暴露 · 单色/灰度 · 漫画/多格,https://danbooru.donmai.us/artists/1433120
592669,nonco,1057,200,全年龄向,0.0,综合向插画师,同人为主,群像/多人,体型特征/泳装/内衣,赛璐璐/平涂,表情/表演,kanan-sama_wa_akumade_choroi|hololive|hololive_dev_is,kanan-sama_wa_akumade_choroi kanan_(kanan-sama) shinryuji_tekka jeanne_(kanan-sama) miltie_(kanan-sama) lillum miel_(kanan-sama) halo_ahoge,综合向插画师 · 体型特征 · 泳装/内衣 · 赛璐璐/平涂 · 表情/表演,https://danbooru.donmai.us/artists/592669
1883720,syope,1057,200,全年龄向,0.0,机甲/军事题材,同人为主,群像/多人,科幻/机甲/军事/枪械,漫画分镜,漫画/多格,goddess_of_victory:_nikke|touhou|gundam,goddess_of_victory:_nikke trony_(nikke) liter_(nikke) narutomaki_hair_ornament touhou volt_(nikke) kilo_(nikke) talos_(nikke),机甲/军事题材 · 科幻/机甲 · 军事/枪械 · 漫画分镜 · 漫画/多格,https://danbooru.donmai.us/artists/1883720
2175483,hanazora_satsuki,1054,200,全年龄向,0.0,综合向插画师,原创/同人混合,群像/多人,和风/恋爱/情感,漫画分镜/单色/灰度,肖像/半身,love_live!|love_live!_hasu_no_sora_jogakuin_school_idol_club|real_life,love_live!_hasu_no_sora_jogakuin_school_idol_club momose_ginko love_live! hinoshita_kaho cerise_bouquet chiyo_(hanazora_satsuki) shiyuri_(hanazora_satsuki) ceras_yanagida_lilienfeld,综合向插画师 · 和风 · 恋爱/情感 · 漫画分镜 · 肖像/半身,https://danbooru.donmai.us/artists/2175483
712964,bbb_(friskuser),1055,200,全年龄向,0.0,漫画/剧情向,同人为主,群像/多人,制服/职场/校园,单色/灰度/漫画分镜,漫画/多格,girls_und_panzer|sousou_no_frieren|umamusume,cutlass_(girls_und_panzer) girls_und_panzer reizei_mako ooarai_school_uniform bartender blue_theme ooarai_naval_school_uniform handkerchief,漫画/剧情向 · 制服/职场 · 校园 · 单色/灰度 · 漫画/多格,https://danbooru.donmai.us/artists/712964
1800966,zunusama,1053,200,全年龄向,0.0,同人角色专精,同人为主,非人物/静物,兽耳/亚人/军事/枪械,线稿/速写/特效/后期,表情/表演,touhou|koishi_komeiji's_heart-throbbing_adventure|genshin_impact,diamond_button komeiji_koishi disembodied_linked_eye frilled_shirt_collar touhou diamond_(shape) frilled_shirt yellow_shirt,同人角色专精 · 兽耳/亚人 · 军事/枪械 · 线稿/速写 · 表情/表演,https://danbooru.donmai.us/artists/1800966
1269671,jin_(mugenjin),1056,200,全年龄向,0.005,奇幻/魔法题材,原创/同人混合,群像/多人,奇幻/魔法/战斗/动作,单色/灰度/漫画分镜,漫画/多格,ii_orc_no_hi|zannen_onna-kanbu_black_general-san|helltaker,ii_orc_no_hi zannen_onna-kanbu_black_general-san elf_(ii_orc_no_hi) orc_(ii_orc_no_hi) majo_shuukai_de_aimashou daughter_(ii_orc_no_hi) wizard_(ii_orc_no_hi) orc,奇幻/魔法题材 · 奇幻/魔法 · 战斗/动作 · 单色/灰度 · 漫画/多格,https://danbooru.donmai.us/artists/1269671
1241144,okina_ika,1053,200,硬核R18,0.835,R18情色向画师,同人为主,男性主体,裸体/暴露/体型特征,漫画分镜,姿势/动态,fate/kaleid_liner_prisma_illya|fate_(series)|blue_archive,loli fate/kaleid_liner_prisma_illya illyasviel_von_einzbern bar_censor micro_bikini sex penis hetero,硬核R18 · R18情色向画师 · 裸体/暴露 · 体型特征 · 漫画分镜 · 姿势/动态,https://danbooru.donmai.us/artists/1241144
2244086,yuune_(ayanepuna),1050,200,轻度色气,0.33,原创角色设计师,原创为主,群像/多人,兽耳/亚人/裸体/暴露,线稿/速写/漫画分镜,姿势/动态,blue_archive|indie_virtual_youtuber|vrchat,loli nia_(ayanepuna) ii_(ayanepuna) koko_(ayanepuna) shio_(ayanepuna) kotone_(ayanepuna) yune_(ayanepuna) yuki_(ayanepuna),原创角色设计师 · 兽耳/亚人 · 裸体/暴露 · 线稿/速写 · 姿势/动态,https://danbooru.donmai.us/artists/2244086
1332390,lindaroze,1048,200,轻度色气,0.005,综合向插画师,同人为主,群像/多人,体型特征/泳装/内衣,,俯视/仰视,monster_musume_no_iru_nichijou|high_school_dxd|bleach,monster_musume_no_iru_nichijou web_address monster_girl tionishia suu_(monster_musume) lala_(monster_musume) animal_legs saane_(monster_musume),综合向插画师 · 体型特征 · 泳装/内衣 · 俯视/仰视 · 同人为主,https://danbooru.donmai.us/artists/1332390
728026,catstudioinc_(punepuni),1048,200,情色向,0.135,漫画/剧情向,原创/同人混合,男性主体,兽耳/亚人/裸体/暴露,漫画分镜/单色/灰度,漫画/多格,vocaloid|team_fortress_2|mahou_shoujo_madoka_magica,puni_(miku_plus) thai_text left-to-right_manga fempyro_(paladinmaui) pyro_(tf2) team_fortress_2 latex_bodysuit kaito_(vocaloid),情色向 · 漫画/剧情向 · 兽耳/亚人 · 裸体/暴露 · 漫画分镜 · 漫画/多格,https://danbooru.donmai.us/artists/728026
699721,shirabi,1051,200,全年龄向,0.0,机甲/军事题材,同人为主,男性主体,军事/枪械/制服/职场,单色/灰度/线稿/速写,单人立绘,86_-eightysix-|ryuuou_no_oshigoto!|fate_(series),86_-eightysix- vladilena_millize ryuuou_no_oshigoto! sora_ginko shinei_nouzen kurena_kukumila anju_emma raiden_shuga,机甲/军事题材 · 军事/枪械 · 制服/职场 · 单色/灰度 · 单人立绘,https://danbooru.donmai.us/artists/699721
1309322,roke_(taikodon),1052,200,硬核R18,0.795,R18情色向画师,同人为主,男性主体,裸体/暴露/兽耳/亚人,漫画分镜,姿势/动态,hololive|hololive_dev_is|touhou,hololive virtual_youtuber sound_effects mosaic_censoring hololive_dev_is surrounded_by_hands nekomata_okayu hetero,硬核R18 · R18情色向画师 · 裸体/暴露 · 兽耳/亚人 · 漫画分镜 · 姿势/动态,https://danbooru.donmai.us/artists/1309322
1681957,shouhou-san_daisuki_teitoku,1046,200,全年龄向,0.0,同人角色专精,同人为主,群像/多人,校园/制服/职场,漫画分镜,肖像/半身,kantai_collection|jojo_no_kimyou_na_bouken|steel_ball_run,kantai_collection shouhou_(kancolle) wahoo_(kancolle) abyssal_ship shigure_kai_san_(kancolle) minneapolis_(kancolle) ra-class_destroyer shigure_(kancolle),同人角色专精 · 校园 · 制服/职场 · 漫画分镜 · 肖像/半身,https://danbooru.donmai.us/artists/1681957
377799,shichimenchou,1052,200,情色向,0.12,单色线稿派,同人为主,双人/CP,校园/泳装/内衣,单色/灰度/线稿/速写,俯视/仰视,to_heart_(series)|to_heart|girls_und_panzer,kurusugawa_ayaka to_heart to_heart_(series) greyscale monochrome st._chronica_academy_school_uniform girls_und_panzer boku_wa_tomodachi_ga_sukunai,情色向 · 单色线稿派 · 校园 · 泳装/内衣 · 单色/灰度 · 俯视/仰视,https://danbooru.donmai.us/artists/377799
1644018,aoi_masami,1045,200,轻度色气,0.085,奇幻/魔法题材,同人为主,男性主体,奇幻/魔法/泳装/内衣,,单人立绘,ts_magical_girl_nao|fate_(series)|fate/kaleid_liner_prisma_illya,ts_magical_girl_nao nina_wang_rockford amagi_nao tachi-e transparent_background slave_gear_(tsmg_nao!) doumyouji_kotetu morino_yuri,奇幻/魔法题材 · 奇幻/魔法 · 泳装/内衣 · 单人立绘 · 同人为主,https://danbooru.donmai.us/artists/1644018
1618636,jjanda,1044,200,硬核R18,0.93,R18情色向画师,同人为主,男性主体,裸体/暴露/体型特征,漫画分镜,姿势/动态,zenless_zone_zero|blue_archive|honkai_(series),zenless_zone_zero interracial mosaic_censoring penis dark-skinned_male yixuan_(zenless_zone_zero) hetero cum,硬核R18 · R18情色向画师 · 裸体/暴露 · 体型特征 · 漫画分镜 · 姿势/动态,https://danbooru.donmai.us/artists/1618636
1231195,cis_(carcharias),1045,200,全年龄向,0.035,传统手绘媒介,同人为主,群像/多人,校园/自然/风景,单色/灰度/漫画分镜,漫画/多格,kantai_collection|touhou|granblue_fantasy,hatsuzuki_(kancolle) kantai_collection teruzuki_(kancolle) touhou akizuki_(kancolle) toyosatomimi_no_miko mononobe_no_futo soga_no_tojiko,传统手绘媒介 · 校园 · 自然/风景 · 单色/灰度 · 漫画/多格,https://danbooru.donmai.us/artists/1231195
632789,rom_(20),1042,200,硬核R18,0.54,R18情色向画师,同人为主,男性主体,裸体/暴露/体型特征,特效/后期,姿势/动态,dragon_ball|dragon_ball_gt|dragon_ball_z,pan_(dragon_ball) dragon_ball dragon_ball_gt orange_bandana dragon_ball_heroes pan_(xeno)_(dragon_ball) dragon_ball_super loli,硬核R18 · R18情色向画师 · 裸体/暴露 · 体型特征 · 特效/后期 · 姿势/动态,https://danbooru.donmai.us/artists/632789
461172,nardack,1042,200,全年龄向,0.0,奇幻/魔法题材,同人为主,男性主体,奇幻/魔法/自然/风景,,俯视/仰视,ragnarok:_guild_masters|ragnarok_online|nijisanji,ragnarok:_guild_masters ragnarok_online ninja_(ragnarok_online) creator_(ragnarok_online) novel_cover torn_scarf shin_guards transparent_background,奇幻/魔法题材 · 奇幻/魔法 · 自然/风景 · 俯视/仰视 · 同人为主,https://danbooru.donmai.us/artists/461172
1339966,tofuubear,1042,200,轻度色气,0.06,综合向插画师,原创/同人混合,女性主体,兽耳/亚人/手足/局部,,俯视/仰视,indie_virtual_youtuber|zenless_zone_zero|hololive,reiko_(tofuubear) patreon_username sinder_(vtuber) colored_inner_hair wolf_girl artist_name twitter_strip_game indie_virtual_youtuber,综合向插画师 · 兽耳/亚人 · 手足/局部 · 俯视/仰视 · 原创/同人混合,https://danbooru.donmai.us/artists/1339966
1592464,kyata_ti666,1042,200,全年龄向,0.0,漫画/剧情向,同人为主,群像/多人,战斗/动作/制服/职场,漫画分镜/单色/灰度,漫画/多格,kyatapi_land|i_am_part-time_worker!!|andersen's_fairy_tales,kyatapi_land seina_(kyata_ti666) yuu_(kyata_ti666) 4koma emphasis_lines chapter_number multiple_others narita_(kyata_ti666),漫画/剧情向 · 战斗/动作 · 制服/职场 · 漫画分镜 · 漫画/多格,https://danbooru.donmai.us/artists/1592464
401548,tsurui,1040,200,轻度色气,0.145,单色线稿派,同人为主,男性主体,制服/职场/裸体/暴露,单色/灰度/漫画分镜,漫画/多格,idolmaster|idolmaster_(classic)|idolmaster_shiny_colors,idolmaster_(classic) idolmaster producer_(idolmaster) kisaragi_chihaya hagiwara_yukiho p-head_producer idolmaster_stella_stage shiika_(idolmaster),单色线稿派 · 制服/职场 · 裸体/暴露 · 单色/灰度 · 漫画/多格,https://danbooru.donmai.us/artists/401548
1774971,itini-sanshi,1040,200,轻度色气,0.135,综合向插画师,同人为主,非人物/静物,体型特征/裸体/暴露,,肖像/半身,cookie_(touhou)|touhou|rozen_maiden,cookie_(touhou) rozen_maiden dated touhou diyusi_(cookie) sukusuku_hakutaku suiseiseki huge_breasts,综合向插画师 · 体型特征 · 裸体/暴露 · 肖像/半身 · 同人为主,https://danbooru.donmai.us/artists/1774971
704133,40hara,1040,200,全年龄向,0.0,漫画/剧情向,原创为主,群像/多人,兽耳/亚人/角色扮演/异装,漫画分镜,漫画/多格,iya_na_kao_sare_nagara_opantsu_misete_moraitai|vocaloid|iya_na_kao_sare_nagara_opantsu_misete_moraitai_yo_wa_pantsu_ga_mitai_zo,kinako_(40hara) red_collar 4koma iya_na_kao_sare_nagara_opantsu_misete_moraitai itou_chitose jingle_bell 0_0 neck_bell,漫画/剧情向 · 兽耳/亚人 · 角色扮演/异装 · 漫画分镜 · 漫画/多格,https://danbooru.donmai.us/artists/704133
1433148,satou_daiji,1039,200,情色向,0.15,综合向插画师,同人为主,群像/多人,体型特征/神话/宗教,单色/灰度/漫画分镜,姿势/动态,blue_archive|azur_lane|goddess_of_victory:_nikke,towa_(towa_akqj10) tanaka_(daughter)_(satou_daiji) taihou_(azur_lane) tanaka_(mother)_(satou_daiji) blue_archive azur_lane goddess_of_victory:_nikke huge_breasts,情色向 · 综合向插画师 · 体型特征 · 神话/宗教 · 单色/灰度 · 姿势/动态,https://danbooru.donmai.us/artists/1433148
1901501,takasuma_hiro,1036,200,轻度色气,0.04,原创角色设计师,原创为主,女性主体,校园/泳装/内衣,单色/灰度/漫画分镜,姿势/动态,blue_archive|idolmaster|idolmaster_cinderella_girls,loli panties_under_shorts old_school_swimsuit gym_shirt greyscale +++ bow_panties hoshino_(blue_archive),原创角色设计师 · 校园 · 泳装/内衣 · 单色/灰度 · 姿势/动态,https://danbooru.donmai.us/artists/1901501
492872,ragho_no_erika,1039,200,全年龄向,0.005,漫画/剧情向,同人为主,群像/多人,校园/日常/治愈,漫画分镜/特效/后期,漫画/多格,sousai_shoujo_teien|kotobukiya|hexa_gear,sousai_shoujo_teien yuki_madoka saeki_ritsuka takanashi_koyomi koishikawa_emma ichijo_seira saotome_rui 4koma,漫画/剧情向 · 校园 · 日常/治愈 · 漫画分镜 · 漫画/多格,https://danbooru.donmai.us/artists/492872
1251683,kfr,1036,200,全年龄向,0.005,原创角色设计师,原创为主,群像/多人,制服/职场/军事/枪械,漫画分镜,姿势/动态,zenless_zone_zero|goddess_of_victory:_nikke|black_survival,nurse nurse_cap cigarette eternal_return:_black_survival black_survival mole_on_breast 3d_glasses heterochromatic_eyewear,原创角色设计师 · 制服/职场 · 军事/枪械 · 漫画分镜 · 姿势/动态,https://danbooru.donmai.us/artists/1251683
1455294,spam_(spamham4506),1037,200,全年龄向,0.0,同人角色专精,同人为主,女性主体,兽耳/亚人/体型特征,特效/后期/单色/灰度,差分/变体,arknights|arknights:_endfield|girls'_frontline,arknights diamond-shaped_pupils diamond_(shape) arknights:_endfield estella_(arknights) small_sweatdrop oripathy_lesion_(arknights) white_pupils,同人角色专精 · 兽耳/亚人 · 体型特征 · 特效/后期 · 差分/变体,https://danbooru.donmai.us/artists/1455294
418413,komone_ushio,1034,200,轻度色气,0.045,原创角色设计师,原创为主,女性主体,校园/泳装/内衣,光影/氛围,俯视/仰视,romancing_saga_2|saga|honkai:_star_rail,esia_mariveninne_(komone_ushio) besma_(romancing_saga_2) romancing_saga_2 saga foodie_girl_(komone_ushio) cornet_mariveninne_(komone_ushio) stardust_demon_girl_(komone_ushio) stella_(komone_ushio),原创角色设计师 · 校园 · 泳装/内衣 · 光影/氛围 · 俯视/仰视,https://danbooru.donmai.us/artists/418413
1793998,yoo_tenchi,1035,200,全年龄向,0.005,综合向插画师,同人为主,群像/多人,泳装/内衣/科幻/机甲,,差分/变体,amagami|code_geass|gundam,amagami nanasaki_ai dated competition_swimsuit two-tone_one-piece_swimsuit kouzuki_kallen highleg_one-piece_swimsuit code_geass,综合向插画师 · 泳装/内衣 · 科幻/机甲 · 差分/变体 · 同人为主,https://danbooru.donmai.us/artists/1793998
1474416,sciamano240,1032,200,全年龄向,0.025,综合向插画师,原创/同人混合,女性主体,自然/风景/体型特征,漫画分镜,姿势/动态,genshin_impact|wuthering_waves|marvel,chloe_(sciamano240) april_(sciamano240) lips valerie_(sciamano240) signature artist_name nose realistic,综合向插画师 · 自然/风景 · 体型特征 · 漫画分镜 · 姿势/动态,https://danbooru.donmai.us/artists/1474416
1366155,rangycrow,1031,200,全年龄向,0.0,同人角色专精,同人为主,群像/多人,兽耳/亚人/军事/枪械,拼贴/混合/漫画分镜,差分/变体,touhou|touhou_(pc-98)|embodiment_of_scarlet_devil,touhou |_| one-hour_drawing_challenge knees sideways_glance aki_shizuha aki_minoriko petticoat,同人角色专精 · 兽耳/亚人 · 军事/枪械 · 拼贴/混合 · 差分/变体,https://danbooru.donmai.us/artists/1366155
1401568,niichi_(komorebi-palette),1031,200,全年龄向,0.0,日常/治愈系,原创/同人混合,男性主体,角色扮演/异装/日常/治愈,漫画分镜/单色/灰度,漫画/多格,real_mo_tama_ni_wa_uso_wo_tsuku|mcdonald's|comiket_102,real_mo_tama_ni_wa_uso_wo_tsuku ousaka_nanami terazaki_kaoru nishihara_tetsuya shirase_maki ousaka_shouko crossdressing trap,日常/治愈系 · 角色扮演/异装 · 日常/治愈 · 漫画分镜 · 漫画/多格,https://danbooru.donmai.us/artists/1401568
385402,bosshi,1032,200,情色向,0.275,综合向插画师,同人为主,女性主体,裸体/暴露/泳装/内衣,漫画分镜,姿势/动态,kantai_collection|blue_archive|fate_(series),yu_(bosshi) shimakaze_(kancolle) kantai_collection futabu anus_peek cameltoe anus flexible,情色向 · 综合向插画师 · 裸体/暴露 · 泳装/内衣 · 漫画分镜 · 姿势/动态,https://danbooru.donmai.us/artists/385402
723683,eiri_(eirri),1031,200,全年龄向,0.0,漫画/剧情向,同人为主,群像/多人,军事/枪械/兽耳/亚人,漫画分镜/特效/后期,漫画/多格,fate/grand_order|fate_(series)|dead_by_daylight,king_hassan_(fate) skull_mask fujimaru_ritsuka_(female) skull black_cloak fujimaru_ritsuka_(female)_(polar_chaldea_uniform) azrael_(sword)_(fate) glowing_eyes,漫画/剧情向 · 军事/枪械 · 兽耳/亚人 · 漫画分镜 · 漫画/多格,https://danbooru.donmai.us/artists/723683
1365512,deadnooodles,1033,200,全年龄向,0.005,综合向插画师,同人为主,群像/多人,神话/宗教/兽耳/亚人,线稿/速写/特效/后期,差分/变体,blue_archive|hololive|zenless_zone_zero,mutsuki_(blue_archive) blue_archive red_halo halo nekomata_okayu aya_(black_survival) aya_(on-duty)_(black_survival) eternal_return:_black_survival,综合向插画师 · 神话/宗教 · 兽耳/亚人 · 线稿/速写 · 差分/变体,https://danbooru.donmai.us/artists/1365512
1517165,unfairr,1031,200,硬核R18,0.985,R18情色向画师,同人为主,群像/多人,裸体/暴露/体型特征,特效/后期,姿势/动态,zenless_zone_zero|honkai_(series)|honkai:_star_rail,zenless_zone_zero belle_(zenless_zone_zero) wise_(zenless_zone_zero) sex caelus_(honkai:_star_rail) kafka_(honkai:_star_rail) honkai:_star_rail astra_yao,硬核R18 · R18情色向画师 · 裸体/暴露 · 体型特征 · 特效/后期 · 姿势/动态,https://danbooru.donmai.us/artists/1517165
402837,e20,1029,200,全年龄向,0.01,综合向插画师,同人为主,双人/CP,配饰/首饰/校园,线稿/速写,差分/变体,bang_dream!|bang_dream!_it's_mygo!!!!!|bocchi_the_rock!,bang_dream! bang_dream!_it's_mygo!!!!! nagasaki_soyo chihaya_anon kita_ikuyo outside_border bocchi_the_rock! white_border,综合向插画师 · 配饰/首饰 · 校园 · 线稿/速写 · 差分/变体,https://danbooru.donmai.us/artists/402837
1592668,isshi_pyuma,1029,200,轻度色气,0.0,同人角色专精,同人为主,群像/多人,泳装/内衣/自然/风景,单色/灰度/线稿/速写,设定/图解,toaru_majutsu_no_index|toaru_kagaku_no_railgun|comiket_108,misaka_mikoto toaru_kagaku_no_railgun toaru_majutsu_no_index gekota saten_ruiko tokiwadai_school_uniform shirai_kuroko stuffed_frog,同人角色专精 · 泳装/内衣 · 自然/风景 · 单色/灰度 · 设定/图解,https://danbooru.donmai.us/artists/1592668
568998,kenkou_cross,1030,200,情色向,0.365,综合向插画师,同人为主,女性主体,裸体/暴露/兽耳/亚人,单色/灰度,单人立绘,mon-musu_quest!|monster_girl_encyclopedia|comic_gaira,alipheese_fateburn_xvi hair_tattoo mon-musu_quest! eye_tattoo monster_girl_encyclopedia luka_(mon-musu_quest!) breast_tattoo halter_shirt,情色向 · 综合向插画师 · 裸体/暴露 · 兽耳/亚人 · 单色/灰度 · 单人立绘,https://danbooru.donmai.us/artists/568998
1245268,choufu_shimin,1029,200,全年龄向,0.0,漫画/剧情向,同人为主,群像/多人,军事/枪械/战斗/动作,漫画分镜/单色/灰度,漫画/多格,kantai_collection|blue_archive|backrooms_(creepypasta),hyuuga_(kancolle) abyssal_ship kantai_collection ru-class_battleship hiryuu_(kancolle) ta-class_battleship ryuujou_(kancolle) myoukou_(kancolle),漫画/剧情向 · 军事/枪械 · 战斗/动作 · 漫画分镜 · 漫画/多格,https://danbooru.donmai.us/artists/1245268
1425509,coroha,1028,200,全年龄向,0.005,兽耳/亚人专精,同人为主,群像/多人,兽耳/亚人/音乐/偶像,,姿势/动态,kemono_friends|kemono_friends_v_project|kemono_friends_3,kemono_friends kemono_friends_v_project kemono_friends_3 island_fox_(kemono_friends) brown_long-eared_bat_(kemono_friends) penguin_girl extra_ears humboldt_penguin_(kemono_friends),兽耳/亚人专精 · 兽耳/亚人 · 音乐/偶像 · 姿势/动态 · 同人为主,https://danbooru.donmai.us/artists/1425509
385847,eroe,1028,200,情色向,0.37,综合向插画师,原创/同人混合,双人/CP,裸体/暴露/恋爱/情感,单色/灰度/漫画分镜,漫画/多格,seitenkango._shinyuu_to|persona|persona_4,seitenkango._shinyuu_to igarashi_kyou_(eroe) hasumi_souji_(eroe) gakuran unnamed_tsrpg_protagonist_(eroe) shirogane_naoto genderswap_(mtf) genderswap,情色向 · 综合向插画师 · 裸体/暴露 · 恋爱/情感 · 单色/灰度 · 漫画/多格,https://danbooru.donmai.us/artists/385847
568758,kabocha_torute,1026,200,全年龄向,0.005,百合专精,同人为主,群像/多人,百合/GL/和风,漫画分镜,差分/变体,kantai_collection|comiket_104|comiket_107,suzutsuki_(kancolle) fuyutsuki_(kancolle) kantai_collection hachimaki grey_neckerchief teruzuki_(kancolle) hatsuzuki_(kancolle) akizuki_(kancolle),百合专精 · 百合/GL · 和风 · 漫画分镜 · 差分/变体,https://danbooru.donmai.us/artists/568758
1573607,untue,1026,200,轻度色气,0.08,综合向插画师,原创/同人混合,群像/多人,泳装/内衣/体型特征,,姿势/动态,fate_(series)|fate/grand_order|azur_lane,fate/grand_order fate_(series) morgan_le_fay_(fate) kama_(swimsuit_avenger)_(third_ascension)_(fate) suzuka_gozen_(swimsuit_rider)_(fate) baobhan_sith_(fate) mash_kyrielight suzuka_gozen_(fate),综合向插画师 · 泳装/内衣 · 体型特征 · 姿势/动态 · 原创/同人混合,https://danbooru.donmai.us/artists/1573607
567736,akinbo_(hyouka_fuyou),1027,200,全年龄向,0.015,传统手绘媒介,同人为主,群像/多人,科幻/机甲/奇幻/魔法,线稿/速写/素描/炭笔,姿势/动态,precure|aikatsu!_(series)|fate_(series),precure aikatsu!_(series) another_eden aikatsu! ozora_akari thillelille_(another_eden) tropical-rouge!_precure starlight_academy_school_uniform,传统手绘媒介 · 科幻/机甲 · 奇幻/魔法 · 线稿/速写 · 姿势/动态,https://danbooru.donmai.us/artists/567736
1301649,vahn_yourdoom,1029,200,硬核R18,0.795,R18情色向画师,同人为主,群像/多人,裸体/暴露/神话/宗教,漫画分镜/单色/灰度,姿势/动态,fate/kaleid_liner_prisma_illya|fate_(series)|oshi_no_ko,mind_control hypnosis web_address exhibitionism subscribestar_username mosaic_censoring izumi_masamune navel_piercing,硬核R18 · R18情色向画师 · 裸体/暴露 · 神话/宗教 · 漫画分镜 · 姿势/动态,https://danbooru.donmai.us/artists/1301649
1389437,machismo_fuji,1026,200,情色向,0.39,R18情色向画师,同人为主,女性主体,裸体/暴露/神话/宗教,漫画分镜,姿势/动态,blue_archive|zenless_zone_zero,request_inset odaibako blue_archive large_areolae removing_bra_under_shirt presenting_bra holding_bra halo,情色向 · R18情色向画师 · 裸体/暴露 · 神话/宗教 · 漫画分镜 · 姿势/动态,https://danbooru.donmai.us/artists/1389437
1271808,atdan,1025,200,全年龄向,0.02,综合向插画师,原创/同人混合,群像/多人,手足/局部/自然/风景,,单人立绘,honkai:_star_rail|honkai_(series)|azur_lane,honkai:_star_rail honkai_(series) noshiro_(azur_lane) toenail_polish snowbreak:_containment_zone manjuu_(azur_lane) firefly_(honkai:_star_rail) bare_legs,综合向插画师 · 手足/局部 · 自然/风景 · 单人立绘 · 原创/同人混合,https://danbooru.donmai.us/artists/1271808
517801,raptor7,1023,200,全年龄向,0.0,同人角色专精,同人为主,群像/多人,体型特征/中式,,肖像/半身,touhou|fossilized_wonders|gundam,touhou iizunamaru_megumu underworld_(ornament) hecatia_lapislazuli tokin_hat dalachi_(headdress) earth_(ornament) moon_(ornament),同人角色专精 · 体型特征 · 中式 · 肖像/半身 · 同人为主,https://danbooru.donmai.us/artists/517801
385180,nishieda,1022,200,轻度色气,0.13,综合向插画师,原创/同人混合,群像/多人,军事/枪械/泳装/内衣,线稿/速写/素描/炭笔,姿势/动态,kantai_collection|neon_genesis_evangelion|comic_megastore,comic_megastore super_robot_wars_t web_bazooka jinrou_e_no_tensei_maou_no_fukukan magazine_cover comic_megastore_h content_rating super_robot_wars,综合向插画师 · 军事/枪械 · 泳装/内衣 · 线稿/速写 · 姿势/动态,https://danbooru.donmai.us/artists/385180
1760813,nigari_(ngari_0115),1025,200,全年龄向,0.0,同人角色专精,同人为主,群像/多人,校园/兽耳/亚人,漫画分镜/单色/灰度,漫画/多格,assault_lily|real_life|shoujo_kageki_revue_starlight,assault_lily shiba_tomoshibi odaiba_girls_high_school_uniform funada_kiito hairpods purple_neckerchief funada_ui kawabata_hotaru,同人角色专精 · 校园 · 兽耳/亚人 · 漫画分镜 · 漫画/多格,https://danbooru.donmai.us/artists/1760813
473832,kamiya_maneki,1020,200,全年龄向,0.0,同人角色专精,同人为主,女性主体,配饰/首饰/体型特征,,差分/变体,hololive|hololive_english|hololive_dreams,mori_calliope hololive_english hololive virtual_youtuber mori_calliope_(1st_costume) twitter_username black_tiara signature,同人角色专精 · 配饰/首饰 · 体型特征 · 差分/变体 · 同人为主,https://danbooru.donmai.us/artists/473832
468326,no+bi=,1019,200,全年龄向,0.0,日常/治愈系,同人为主,双人/CP,日常/治愈/校园,单色/灰度/漫画分镜,漫画/多格,eastward|mahou_shoujo_madoka_magica|mahou_shoujo_madoka_magica_(anime),eastward alva_(eastward) isabel_(eastward) mahou_shoujo_madoka_magica_(anime) mahou_shoujo_madoka_magica mitakihara_school_uniform kaname_madoka akemi_homura,日常/治愈系 · 日常/治愈 · 校园 · 单色/灰度 · 漫画/多格,https://danbooru.donmai.us/artists/468326
411892,fujisaki_hikari,1019,200,硬核R18,0.595,R18情色向画师,同人为主,女性主体,裸体/暴露/兽耳/亚人,单色/灰度/漫画分镜,姿势/动态,indie_virtual_youtuber|hololive|nijisanji,shigure_ui_(vtuber) fujisaki_hikari_(person) shigure_ui_(1st_costume)_(vtuber) pom_pom_hair_ornament virtual_youtuber indie_virtual_youtuber hololive side_up_ring,硬核R18 · R18情色向画师 · 裸体/暴露 · 兽耳/亚人 · 单色/灰度 · 姿势/动态,https://danbooru.donmai.us/artists/411892
1643874,ringeko-chan,1019,200,全年龄向,0.0,综合向插画师,同人为主,女性主体,配饰/首饰/体型特征,,差分/变体,wuthering_waves|zenless_zone_zero|genshin_impact,wuthering_waves artist_name tacet_mark_(wuthering_waves) arknights:_endfield zenless_zone_zero arknights honkai:_star_rail genshin_impact,综合向插画师 · 配饰/首饰 · 体型特征 · 差分/变体 · 同人为主,https://danbooru.donmai.us/artists/1643874
1684443,oimanji,1016,200,情色向,0.405,奇幻/魔法题材,同人为主,双人/CP,裸体/暴露/奇幻/魔法,赛璐璐/平涂/线稿/速写,姿势/动态,precure|suite_precure|futari_wa_precure,precure anime_coloring suite_precure houjou_hibiki futari_wa_precure misumi_nagisa yukishiro_honoka healin'_good_precure,情色向 · 奇幻/魔法题材 · 裸体/暴露 · 奇幻/魔法 · 赛璐璐/平涂 · 姿势/动态,https://danbooru.donmai.us/artists/1684443
426335,sakimichan,1019,200,轻度色气,0.03,综合向插画师,同人为主,男性主体,体型特征/军事/枪械,,姿势/动态,genshin_impact|pokemon|spy_x_family,patreon_username genshin_impact lips realistic thick_thighs signature bare_hips spy_x_family,综合向插画师 · 体型特征 · 军事/枪械 · 姿势/动态 · 同人为主,https://danbooru.donmai.us/artists/426335
1618302,hella_p,1018,200,硬核R18,0.675,R18情色向画师,同人为主,男性主体,裸体/暴露/体型特征,漫画分镜,漫画/多格,goddess_of_victory:_nikke|zenless_zone_zero|overwatch,korean_text goddess_of_victory:_nikke d_(nikke) domina_(overwatch) huge_breasts nayuta_(nikke) mosaic_censoring overwatch,硬核R18 · R18情色向画师 · 裸体/暴露 · 体型特征 · 漫画分镜 · 漫画/多格,https://danbooru.donmai.us/artists/1618302
483832,non_(z-art),1016,200,情色向,0.185,百合专精,同人为主,群像/多人,裸体/暴露/百合/GL,漫画分镜,漫画/多格,touhou,touhou hakurei_reimu usami_renko maribel_hearn yuri kagiyama_hina bdsm one-hour_drawing_challenge,情色向 · 百合专精 · 裸体/暴露 · 百合/GL · 漫画分镜 · 漫画/多格,https://danbooru.donmai.us/artists/483832
384799,nagian,1013,200,全年龄向,0.0,综合向插画师,同人为主,群像/多人,自然/风景/音乐/偶像,特效/后期/赛璐璐/平涂,场景插画,idolmaster|idolmaster_million_live!|idolmaster_cinderella_girls,idolmaster_million_live! idolmaster idolmaster_million_live!_theater_days dated idolmaster_(classic) idolmaster_cinderella_girls suou_momoko aria_(manga),综合向插画师 · 自然/风景 · 音乐/偶像 · 特效/后期 · 场景插画,https://danbooru.donmai.us/artists/384799
1314969,rui_(sugar3),1012,200,全年龄向,0.0,同人角色专精,同人为主,女性主体,兽耳/亚人/奇幻/魔法,,肖像/半身,touhou|vocaloid|genshin_impact,sample_watermark touhou embellished_costume watermark shikishi mob_cap lily_white floral_background,同人角色专精 · 兽耳/亚人 · 奇幻/魔法 · 肖像/半身 · 同人为主,https://danbooru.donmai.us/artists/1314969
1454105,topu,1008,200,硬核R18,0.995,R18情色向画师,同人为主,男性主体,裸体/暴露/神话/宗教,,姿势/动态,blue_archive|zenless_zone_zero|honkai:_star_rail,mosaic_censoring penis sex vaginal male_pubic_hair interracial sound_effects blue_archive,硬核R18 · R18情色向画师 · 裸体/暴露 · 神话/宗教 · 姿势/动态 · 同人为主,https://danbooru.donmai.us/artists/1454105
1641885,himiya_jouzu,1012,200,轻度色气,0.085,漫画/剧情向,同人为主,群像/多人,神话/宗教/日常/治愈,漫画分镜/单色/灰度,漫画/多格,blue_archive|monster_strike|comiket_107,monster_strike blue_archive sensei_(blue_archive) halo comic sanzu_(monster_strike) kei_(student)_(blue_archive) kei_(blue_archive),漫画/剧情向 · 神话/宗教 · 日常/治愈 · 漫画分镜 · 漫画/多格,https://danbooru.donmai.us/artists/1641885
1685373,twin_(tt_lsh),1011,200,硬核R18,0.685,原创角色设计师,原创为主,群像/多人,裸体/暴露/体型特征,漫画分镜,姿势/动态,hololive|dragon's_crown|azur_lane,prill_s_(commission) mosaic_censoring aki_rosenthal penis sex nipples callisto_(greyeth) hetero,硬核R18 · 原创角色设计师 · 裸体/暴露 · 体型特征 · 漫画分镜 · 姿势/动态,https://danbooru.donmai.us/artists/1685373
462138,murata_range,1011,200,全年龄向,0.0,原创角色设计师,原创为主,非人物/静物,自然/风景/校园,单色/灰度/拼贴/混合,肖像/半身,comiket_103|last_exile|comic_kairakuten,shikishi last_exile comiket_103 art_tools_in_frame short_bangs retrofuturism comic_kairakuten mechanical_pencil,原创角色设计师 · 自然/风景 · 校园 · 单色/灰度 · 肖像/半身,https://danbooru.donmai.us/artists/462138
382701,yuuki_hagure,1013,200,全年龄向,0.065,综合向插画师,同人为主,群像/多人,兽耳/亚人/神话/宗教,,单人立绘,hololive|indie_virtual_youtuber|choukou_(alicesoft),usada_pekora don-chan_(usada_pekora) hololive carrot_hair_ornament virtual_youtuber usada_pekora_(1st_costume) mikafir rabbit-shaped_pupils,综合向插画师 · 兽耳/亚人 · 神话/宗教 · 单人立绘 · 同人为主,https://danbooru.donmai.us/artists/382701
1581437,geewhy,1010,200,硬核R18,0.51,R18情色向画师,同人为主,群像/多人,裸体/暴露/奇幻/魔法,单色/灰度/漫画分镜,姿势/动态,little_witch_academia|ijiranaide_nagatoro-san|black_moon_prophecy,subscribestar_username little_witch_academia web_address ijiranaide_nagatoro-san nagatoro_hayase kagari_atsuko female_pubic_hair uncensored,硬核R18 · R18情色向画师 · 裸体/暴露 · 奇幻/魔法 · 单色/灰度 · 姿势/动态,https://danbooru.donmai.us/artists/1581437
430401,muririn,1008,200,轻度色气,0.11,传统手绘媒介,同人为主,群像/多人,制服/职场/裸体/暴露,线稿/速写/素描/炭笔,俯视/仰视,limelight_lemonade_jam|senren_banka|cafe_stella_to_shinigami_no_chou,limelight_lemonade_jam senren_banka cafe_stella_to_shinigami_no_chou otogi_frontier harumi_ena tenshi_souzou_re-boot! yuzusoft shiki_natsume,传统手绘媒介 · 制服/职场 · 裸体/暴露 · 线稿/速写 · 俯视/仰视,https://danbooru.donmai.us/artists/430401
377713,kei_jiei,1007,200,情色向,0.44,R18情色向画师,同人为主,女性主体,裸体/暴露/体型特征,单色/灰度,肖像/半身,touhou|sennen_sensou_aigis|sousou_no_frieren,single_hair_tube snake_hair_ornament kochiya_sanae frog_hair_ornament touhou hair_tubes dated white_sleeves,情色向 · R18情色向画师 · 裸体/暴露 · 体型特征 · 单色/灰度 · 肖像/半身,https://danbooru.donmai.us/artists/377713
1289121,no-kan,1006,200,全年龄向,0.0,综合向插画师,同人为主,群像/多人,体型特征/兽人/furry,单色/灰度,单人立绘,fate/grand_order|fate_(series)|pokemon,marie_antoinette_(fate) marie_antoinette_alter_(fate) fate/grand_order fate_(series) marie_antoinette_alter_(third_ascension)_(fate) marie_antoinette_alter_(first_ascension)_(fate) baobhan_sith_(fate) carmine_(pokemon),综合向插画师 · 体型特征 · 兽人/furry · 单色/灰度 · 单人立绘,https://danbooru.donmai.us/artists/1289121
629122,pas_(paxiti),1006,200,全年龄向,0.0,单色线稿派,原创为主,双人/CP,军事/枪械/角色扮演/异装,单色/灰度/漫画分镜,漫画/多格,love_live!|love_live!_school_idol_project|love_live!_sunshine!!,transgender_flag lgbt_pride pas'_black-haired_catperson right-to-left_comic gender_transitioning pas_(real_life) gender_transitioning_(mtf) non-binary_flag,单色线稿派 · 军事/枪械 · 角色扮演/异装 · 单色/灰度 · 漫画/多格,https://danbooru.donmai.us/artists/629122
1813900,varniskarnis,1006,200,硬核R18,0.535,兽耳/亚人专精,同人为主,女性主体,裸体/暴露/兽耳/亚人,单色/灰度/漫画分镜,差分/变体,hololive|hololive_english|phase_connect,speckled_areolae ookami_mio hololive female_pubic_hair pubic_hair virtual_youtuber red_streaks excessive_pubic_hair,硬核R18 · 兽耳/亚人专精 · 裸体/暴露 · 兽耳/亚人 · 单色/灰度 · 差分/变体,https://danbooru.donmai.us/artists/1813900
1575236,thomas_8000,1007,200,全年龄向,0.0,兽耳/亚人专精,同人为主,女性主体,兽耳/亚人/角色扮演/异装,,姿势/动态,hololive|hololive_english|zenless_zone_zero,hololive shirakami_fubuki virtual_youtuber ouro_kronii ouro_kronii_(1st_costume) hololive_english nekomiya_mana pinstripe_shirt,兽耳/亚人专精 · 兽耳/亚人 · 角色扮演/异装 · 姿势/动态 · 同人为主,https://danbooru.donmai.us/artists/1575236
1390488,adsouto,1007,200,轻度色气,0.055,综合向插画师,同人为主,男性主体,泳装/内衣/裸体/暴露,,姿势/动态,zenless_zone_zero|bishoujo_senshi_sailor_moon|pokemon,signature bishoujo_senshi_sailor_moon hollow_knight:_silksong hollow_knight patreon_username eye_trail web_address zenless_zone_zero,综合向插画师 · 泳装/内衣 · 裸体/暴露 · 姿势/动态 · 同人为主,https://danbooru.donmai.us/artists/1390488
1337247,liang_xing,1005,200,全年龄向,0.0,综合向插画师,同人为主,群像/多人,军事/枪械/自然/风景,特效/后期,俯视/仰视,zenless_zone_zero|marvel|marvel_rivals,zenless_zone_zero marvel_rivals marvel patreon_username x-men wuthering_waves signature stellar_blade,综合向插画师 · 军事/枪械 · 自然/风景 · 特效/后期 · 俯视/仰视,https://danbooru.donmai.us/artists/1337247
711928,maruki_(punchiki),1002,200,全年龄向,0.0,综合向插画师,同人为主,群像/多人,校园/角色扮演/异装,赛璐璐/平涂/线稿/速写,姿势/动态,kantai_collection|gintama|gekkan_shoujo_nozaki-kun,kantai_collection twitter_username abyssal_ship gintama sakura_chiyo gekkan_shoujo_nozaki-kun shimura_shinpachi kagura_(gintama),综合向插画师 · 校园 · 角色扮演/异装 · 赛璐璐/平涂 · 姿势/动态,https://danbooru.donmai.us/artists/711928
1819797,m&m_(mickey_and_mackey),1005,200,硬核R18,0.73,R18情色向画师,同人为主,群像/多人,裸体/暴露/制服/职场,,俯视/仰视,saishuu_chikan_densha|saishuu_chikan_densha_(series)|kyokugen_chikan_tokuiten,saishuu_chikan_densha saishuu_chikan_densha_(series) kawahara_emi 2000s_(style) mori_misato_(saishuu_chikan_densha) very_low_bun train_interior blue_suit,硬核R18 · R18情色向画师 · 裸体/暴露 · 制服/职场 · 俯视/仰视 · 同人为主,https://danbooru.donmai.us/artists/1819797
519664,oni-noboru,1002,200,情色向,0.4,R18情色向画师,同人为主,群像/多人,裸体/暴露/神话/宗教,漫画分镜,姿势/动态,blue_archive|goddess_of_victory:_nikke|hololive,blue_archive asuna_(blue_archive) rio_(blue_archive) breastless_leotard toki_(blue_archive) millennium_science_school_logo blue_halo asuna_(bunny)_(blue_archive),情色向 · R18情色向画师 · 裸体/暴露 · 神话/宗教 · 漫画分镜 · 姿势/动态,https://danbooru.donmai.us/artists/519664
1342654,hayabusa_(vert_320),1003,200,全年龄向,0.0,原创角色设计师,原创为主,群像/多人,兽耳/亚人/体型特征,,单人立绘,umamusume|blue_archive|azur_lane,classy-black-haired_girl_(hayabusa) black-haired_fox_girl_(hayabusa) sirius_symboli_(umamusume) multiple_moles umamusume mole_on_breast horse_girl blue-eyed_elven_girl_(hayabusa),原创角色设计师 · 兽耳/亚人 · 体型特征 · 单人立绘 · 原创为主,https://danbooru.donmai.us/artists/1342654
1286962,konnyaku_(kk-monmon),1002,200,情色向,0.19,综合向插画师,同人为主,群像/多人,神话/宗教/裸体/暴露,特效/后期/漫画分镜,姿势/动态,blue_archive|genshin_impact|zenless_zone_zero,blue_archive halo loli sensei_(blue_archive) doodle_sensei_(blue_archive) kirino_(blue_archive) fubuki_(blue_archive) hikari_(blue_archive),情色向 · 综合向插画师 · 神话/宗教 · 裸体/暴露 · 特效/后期 · 姿势/动态,https://danbooru.donmai.us/artists/1286962
1572829,shexyo,998,200,情色向,0.12,综合向插画师,同人为主,群像/多人,体型特征/泳装/内衣,光影/氛围,俯视/仰视,bleach|sousou_no_frieren|zenless_zone_zero,patreon_logo patreon_username web_address worm's_eye_view bleach huge_ass inoue_orihime circle_formation,情色向 · 综合向插画师 · 体型特征 · 泳装/内衣 · 光影/氛围 · 俯视/仰视,https://danbooru.donmai.us/artists/1572829
2383514,gotoh_(nekocat),1001,200,全年龄向,0.0,综合向插画师,同人为主,群像/多人,音乐/偶像/兽耳/亚人,,差分/变体,touhou|genshin_impact|hololive,flandre_scarlet touhou genshin_impact nahida_(genshin_impact) remilia_scarlet crystal mob_cap klee_(genshin_impact),综合向插画师 · 音乐/偶像 · 兽耳/亚人 · 差分/变体 · 同人为主,https://danbooru.donmai.us/artists/2383514
1320247,neoartcore,1002,200,全年龄向,0.075,综合向插画师,同人为主,男性主体,体型特征/泳装/内衣,,俯视/仰视,marvel|marvel_rivals|dc_comics,patreon_username toned_female lips toned marvel linea_alba marvel_rivals dc_comics,综合向插画师 · 体型特征 · 泳装/内衣 · 俯视/仰视 · 同人为主,https://danbooru.donmai.us/artists/1320247
658136,akkijin,997,200,全年龄向,0.0,同人角色专精,同人为主,女性主体,自然/风景/奇幻/魔法,特效/后期,表情/表演,shinkai_no_valkyrie|star_melody_yumemi_dreamer|touhou,shinkai_no_valkyrie card_(medium) oracle_(shinkai_no_valkyrie) star_melody_yumemi_dreamer calamity_(shinkai_no_valkyrie) amaterasu_(shinkai_no_valkyrie) fallen_angel_(shinkai_no_valkyrie) ribbed_dress,同人角色专精 · 自然/风景 · 奇幻/魔法 · 特效/后期 · 表情/表演,https://danbooru.donmai.us/artists/658136
1392230,peroponesosu.,997,200,全年龄向,0.0,同人角色专精,同人为主,群像/多人,和风/兽耳/亚人,单色/灰度/漫画分镜,姿势/动态,touhou|jojo_no_kimyou_na_bouken|phantom_blood,touhou solid_circle_pupils shameimaru_aya tokin_hat usami_renko mob_cap maribel_hearn contrast_collar,同人角色专精 · 和风 · 兽耳/亚人 · 单色/灰度 · 姿势/动态,https://danbooru.donmai.us/artists/1392230
1380051,kakure_eria,996,200,硬核R18,0.98,R18情色向画师,同人为主,群像/多人,裸体/暴露/中式,漫画分镜,姿势/动态,hololive|fate_(series)|hololive_english,mosaic_censoring loli hololive penis hetero pointy_breasts nipples vaginal,硬核R18 · R18情色向画师 · 裸体/暴露 · 中式 · 漫画分镜 · 姿势/动态,https://danbooru.donmai.us/artists/1380051
1433124,welt_(kinsei_koutenkyoku),995,200,全年龄向,0.1,兽耳/亚人专精,同人为主,群像/多人,兽耳/亚人/军事/枪械,漫画分镜,漫画/多格,arknights|arknights:_endfield|touhou,arknights infection_monitor_(arknights) mint_(arknights) suzuran_(arknights) oripathy_lesion_(arknights) signature material_growth mint_(elite_ii)_(arknights),兽耳/亚人专精 · 兽耳/亚人 · 军事/枪械 · 漫画分镜 · 漫画/多格,https://danbooru.donmai.us/artists/1433124
1246655,sei_(kaien_kien),993,200,全年龄向,0.0,同人角色专精,同人为主,群像/多人,和风/配饰/首饰,漫画分镜/特效/后期,漫画/多格,touhou|bunny_garden|darkstalkers,touhou alice_margatroid nagae_iku peach_hair_ornament hinanawi_tenshi 3koma ibuki_suika red_hairband,同人角色专精 · 和风 · 配饰/首饰 · 漫画分镜 · 漫画/多格,https://danbooru.donmai.us/artists/1246655
637299,rikatan,996,200,情色向,0.215,R18情色向画师,原创/同人混合,女性主体,裸体/暴露/兽耳/亚人,,姿势/动态,hololive|touhou|gochuumon_wa_usagi_desu_ka?,kafuu_chino hololive gochuumon_wa_usagi_desu_ka? shigure_ui_(vtuber) virtual_youtuber hakui_koyori nipples pom_pom_hair_ornament,情色向 · R18情色向画师 · 裸体/暴露 · 兽耳/亚人 · 姿势/动态 · 原创/同人混合,https://danbooru.donmai.us/artists/637299
398747,hikawa_shou,995,200,全年龄向,0.0,同人角色专精,同人为主,群像/多人,神话/宗教/兽耳/亚人,单色/灰度/漫画分镜,漫画/多格,hololive|pokemon|idolmaster,amane_kanata hololive kiryu_coco amane_kanata_(work) star_halo virtual_youtuber single_hair_intake upao_(amane_kanata),同人角色专精 · 神话/宗教 · 兽耳/亚人 · 单色/灰度 · 漫画/多格,https://danbooru.donmai.us/artists/398747
1703480,khyle.,992,200,轻度色气,0.045,日常/治愈系,同人为主,群像/多人,都市/街景/奇幻/魔法,拼贴/混合/特效/后期,姿势/动态,sousou_no_frieren|boku_no_hero_academia|pokemon,frieren doki_doki_literature_club boku_no_hero_academia sousou_no_frieren aura_(sousou_no_frieren) aura_bullying_(meme) sayori_(doki_doki_literature_club) meme,日常/治愈系 · 都市/街景 · 奇幻/魔法 · 拼贴/混合 · 姿势/动态,https://danbooru.donmai.us/artists/1703480
1510231,waka_(wk4444),994,200,全年龄向,0.0,综合向插画师,同人为主,群像/多人,音乐/偶像/兽耳/亚人,线稿/速写,差分/变体,project_sekai|nijisanji|vocaloid,project_sekai akiyama_mizuki shinonome_ena yoisaki_kanade asahina_mafuyu ootori_emu kusanagi_nene nijisanji,综合向插画师 · 音乐/偶像 · 兽耳/亚人 · 线稿/速写 · 差分/变体,https://danbooru.donmai.us/artists/1510231
1315712,liz_(piyoko_piyop),990,200,全年龄向,0.135,百合专精,同人为主,群像/多人,百合/GL/裸体/暴露,单色/灰度/漫画分镜,漫画/多格,love_live!|love_live!_hasu_no_sora_jogakuin_school_idol_club|love_live!_nijigasaki_high_school_idol_club,love_live!_hasu_no_sora_jogakuin_school_idol_club love_live! hinoshita_kaho otomune_kozue hasu_no_sora_school_uniform love_live!_nijigasaki_high_school_idol_club momose_ginko cerise_bouquet,百合专精 · 百合/GL · 裸体/暴露 · 单色/灰度 · 漫画/多格,https://danbooru.donmai.us/artists/1315712
377673,sazaki_ichiri,991,200,硬核R18,0.775,单色线稿派,同人为主,男性主体,裸体/暴露/神话/宗教,单色/灰度/漫画分镜,漫画/多格,daten_keikaku|boku_no_risou_no_isekai_seikatsu|dengeki_moeoh,daten_keikaku aimyu chaloe leluna bear_girl bear_ears bar_censor pom_pom_hair_ornament,硬核R18 · 单色线稿派 · 裸体/暴露 · 神话/宗教 · 单色/灰度 · 漫画/多格,https://danbooru.donmai.us/artists/377673
1415707,capriccio,990,200,全年龄向,0.0,兽耳/亚人专精,原创为主,群像/多人,兽耳/亚人/角色扮演/异装,单色/灰度/漫画分镜,漫画/多格,phase_connect|vspo!|daihatsu,solid_oval_eyes animal_hat newsboy_cap dated dog_ears greyscale dog_tail monochrome,兽耳/亚人专精 · 兽耳/亚人 · 角色扮演/异装 · 单色/灰度 · 漫画/多格,https://danbooru.donmai.us/artists/1415707
1687053,ino_(magloid),989,200,情色向,0.39,R18情色向画师,原创/同人混合,群像/多人,裸体/暴露/手足/局部,线稿/速写/素描/炭笔,姿势/动态,otome_function|game_(=eroge)_mitai_na_suteki_na_koi_ga_shitai!|kazoku_wa_(ore_igai)_succubus_deshita_~_futari_no_ane_to_haha_to_no_seikatsu_de_seieki_o_shiboritora_remasu_~,otome_function game_(=eroge)_mitai_na_suteki_na_koi_ga_shitai! kazoku_wa_(ore_igai)_succubus_deshita_~_futari_no_ane_to_haha_to_no_seikatsu_de_seieki_o_shiboritora_remasu_~ niizuma_koyomi mochizuki_nonoka takamiya_tsuzuri otomege_no_akugyaku_joou_o_yome_ni_suru_tame_ni_wa. kisaragi_rei,情色向 · R18情色向画师 · 裸体/暴露 · 手足/局部 · 线稿/速写 · 姿势/动态,https://danbooru.donmai.us/artists/1687053
550165,sugimori_ken,988,200,全年龄向,0.0,场景/背景插画师,同人为主,非人物/静物,兽人/furry/BL/腐向,,单人立绘,pokemon|pokemon_black_and_white|pokemon_diamond/pearl/platinum,pokemon_focus pokemon_(creature) pokemon pokemon_black_and_white no_humans animal_focus pokemon_diamond/pearl/platinum transparent_background,场景/背景插画师 · 兽人/furry · BL/腐向 · 单人立绘 · 同人为主,https://danbooru.donmai.us/artists/550165
1695354,eto_(ikumika),989,200,情色向,0.42,原创角色设计师,原创为主,女性主体,裸体/暴露/校园,特效/后期,姿势/动态,mahou_shoujo_madoka_magica|mahou_shoujo_madoka_magica_(anime),tomoe_mami mahou_shoujo_madoka_magica_(anime) wide_spread_legs mahou_shoujo_madoka_magica tomoe_mami_(magical_girl) upright_restraints restrained stationary_restraints,情色向 · 原创角色设计师 · 裸体/暴露 · 校园 · 特效/后期 · 姿势/动态,https://danbooru.donmai.us/artists/1695354
1268551,blew_andwhite,987,200,全年龄向,0.025,机甲/军事题材,同人为主,群像/多人,军事/枪械/神话/宗教,单色/灰度/拼贴/混合,漫画/多格,blue_archive|kantai_collection|suiyou_dou_de_shou,blue_archive kantai_collection hoshino_(blue_archive) i-401_(kancolle) shiroko_terror_(blue_archive) halo fubuki_(kancolle) signature,机甲/军事题材 · 军事/枪械 · 神话/宗教 · 单色/灰度 · 漫画/多格,https://danbooru.donmai.us/artists/1268551
1684666,ray.s,986,200,轻度色气,0.015,同人角色专精,同人为主,女性主体,和风/校园,,肖像/半身,kantai_collection|hololive|hololive_english,one-hour_drawing_challenge kantai_collection dated twitter_username sailor_shirt headgear black_sailor_collar naked_shirt,同人角色专精 · 和风 · 校园 · 肖像/半身 · 同人为主,https://danbooru.donmai.us/artists/1684666
1501012,darumoon,990,200,硬核R18,0.545,同人角色专精,同人为主,男性主体,裸体/暴露/泳装/内衣,漫画分镜,姿势/动态,touhou|vocaloid,moriya_suwako frog_print touhou purple_vest tress_ribbon skirt_set high-waist_skirt brown_hat,硬核R18 · 同人角色专精 · 裸体/暴露 · 泳装/内衣 · 漫画分镜 · 姿势/动态,https://danbooru.donmai.us/artists/1501012
1955265,koyuki_(kotatsu358),980,200,全年龄向,0.045,漫画/剧情向,同人为主,群像/多人,制服/职场/兽耳/亚人,漫画分镜/单色/灰度,漫画/多格,dokusen_yoku_ga_tsuyo_sugiru_yandere_kai_neko-chan|neet_de_otaku_na_kunoichi_to_naze_ka_dousei_hajimemashita,dokusen_yoku_ga_tsuyo_sugiru_yandere_kai_neko-chan master_(dokusen_yoku_ga_tsuyo_sugiru_yandere_kai_neko-chan) nene_(dokusen_yoku_ga_tsuyo_sugiru_yandere_kai_neko-chan) colored_speech_bubble kukuri_(dokusen_yoku_ga_tsuyo_sugiru_yandere_kai_neko-chan) lulu_(dokusen_yoku_ga_tsuyo_sugiru_yandere_kai_neko-chan) nekomiya_(dokusen_yoku_ga_tsuyo_sugiru_yandere_kai_neko-chan) bakeneko_(mythology),漫画/剧情向 · 制服/职场 · 兽耳/亚人 · 漫画分镜 · 漫画/多格,https://danbooru.donmai.us/artists/1955265
790150,wada_arco,985,200,全年龄向,0.0,同人角色专精,同人为主,男性主体,兽耳/亚人/科幻/机甲,单色/灰度,设定/图解,fate_(series)|fate/grand_order|fate/extra,fate_(series) fate/grand_order kingprotea_(fate) elizabeth_bathory_(fate) kingprotea_alter_(fate) elizabeth_bathory_(perfect)_(third_ascension)_(fate) tachi-e fate/extra,同人角色专精 · 兽耳/亚人 · 科幻/机甲 · 单色/灰度 · 设定/图解,https://danbooru.donmai.us/artists/790150
1596727,suujiniku,985,200,硬核R18,0.585,R18情色向画师,同人为主,男性主体,裸体/暴露/泳装/内衣,漫画分镜,姿势/动态,blue_archive|fate_(series)|fate/grand_order,bar_censor ring_light_reflection penis hetero veiny_penis censored shinza_bansho_series pubic_hair,硬核R18 · R18情色向画师 · 裸体/暴露 · 泳装/内衣 · 漫画分镜 · 姿势/动态,https://danbooru.donmai.us/artists/1596727
428841,lasterk,980,200,情色向,0.42,R18情色向画师,同人为主,群像/多人,裸体/暴露/手足/局部,特效/后期/单色/灰度,俯视/仰视,idolmaster|idolmaster_cinderella_girls|pokemon,uncensored quiet_(metal_gear) clitoral_hood clitoris nipples stripper metal_gear_solid_v:_the_phantom_pain urethra,情色向 · R18情色向画师 · 裸体/暴露 · 手足/局部 · 特效/后期 · 俯视/仰视,https://danbooru.donmai.us/artists/428841
381946,hase_yu,986,200,轻度色气,0.22,机甲/军事题材,原创/同人混合,非人物/静物,军事/枪械/裸体/暴露,,场景插画,kantai_collection|fate_(series)|blue_archive,trigger_discipline rifle anti-materiel_rifle tactical_school_uniform sniper_rifle post-apocalypse assault_rifle gun,机甲/军事题材 · 军事/枪械 · 裸体/暴露 · 场景插画 · 原创/同人混合,https://danbooru.donmai.us/artists/381946
2480525,hizake_mozu,978,200,轻度色气,0.1,兽耳/亚人专精,同人为主,群像/多人,兽人/furry/体型特征,特效/后期/线稿/速写,姿势/动态,pokemon|splatoon_(series)|splatoon_2,splatoon_(series) tentacle_hair marina_(splatoon) octoling inkling marie_(splatoon) splatoon_2 pokemon,兽耳/亚人专精 · 兽人/furry · 体型特征 · 特效/后期 · 姿势/动态,https://danbooru.donmai.us/artists/2480525
388510,miyase_mahiro,979,200,轻度色气,0.17,日常/治愈系,原创/同人混合,女性主体,日常/治愈/校园,,姿势/动态,touhou|sennen_sensou_aigis|genshin_impact,kochiya_sanae snake_hair_ornament frog_hair_ornament touhou kayo_(miyase_mahiro) hair_tubes single_hair_tube ragnarok:_guild_masters,日常/治愈系 · 日常/治愈 · 校园 · 姿势/动态 · 原创/同人混合,https://danbooru.donmai.us/artists/388510
1452654,sydus,985,200,轻度色气,0.385,综合向插画师,同人为主,男性主体,裸体/暴露/手足/局部,特效/后期/线稿/速写,俯视/仰视,blue_archive|dora_the_explorer|umamusume,dora_the_explorer dora_marquez blue_archive twitter_username diego_marquez hikari_(blue_archive) artist_name nozomi_(blue_archive),综合向插画师 · 裸体/暴露 · 手足/局部 · 特效/后期 · 俯视/仰视,https://danbooru.donmai.us/artists/1452654
396764,horiguchi_yukiko,977,200,全年龄向,0.0,综合向插画师,同人为主,群像/多人,音乐/偶像/校园,赛璐璐/平涂/漫画分镜,设定/图解,22/7|k-on!|22/7_ongaku_no_jikan,22/7 22/7_ongaku_no_jikan takigawa_miu group_name saito_nicole fujima_sakura rokubanchou_school_uniform k-on!,综合向插画师 · 音乐/偶像 · 校园 · 赛璐璐/平涂 · 设定/图解,https://danbooru.donmai.us/artists/396764
1851432,usa37107692,978,200,全年龄向,0.0,综合向插画师,同人为主,男性主体,体型特征/兽人/furry,,肖像/半身,zenless_zone_zero|dr._stone|splatoon_(series),black_background cropped_legs dr._stone friday_night_funkin' narrow_waist thick_thighs zenless_zone_zero sakuroma_(friday_night_funkin'),综合向插画师 · 体型特征 · 兽人/furry · 肖像/半身 · 同人为主,https://danbooru.donmai.us/artists/1851432
644117,kamelie,978,200,全年龄向,0.015,综合向插画师,同人为主,群像/多人,科幻/机甲/校园,漫画分镜,漫画/多格,kantai_collection|umamusume|gundam,k.s.miracle_(umamusume) nika_nanaura umamusume kantai_collection trainer_(umamusume) tracen_school_uniform horse_girl hagikaze_(kancolle),综合向插画师 · 科幻/机甲 · 校园 · 漫画分镜 · 漫画/多格,https://danbooru.donmai.us/artists/644117
784663,fugtrup,977,200,硬核R18,0.595,3D/拟真渲染,同人为主,男性主体,裸体/暴露/体型特征,3D/渲染/拼贴/混合,姿势/动态,overwatch|the_legend_of_zelda|street_fighter,3d mei_(overwatch) overwatch manon_legrand life_is_strange_(series) uncensored misty_olszewski link,硬核R18 · 3D/拟真渲染 · 裸体/暴露 · 体型特征 · 3D/渲染 · 姿势/动态,https://danbooru.donmai.us/artists/784663
391789,aozora_market,977,200,全年龄向,0.0,单色线稿派,同人为主,群像/多人,自然/风景/战斗/动作,单色/灰度/漫画分镜,漫画/多格,touhou|north_american_mythology|neo-traditionalism_of_japan,touhou usami_renko page_number hat_bow kirisame_marisa maribel_hearn mob_cap greyscale,单色线稿派 · 自然/风景 · 战斗/动作 · 单色/灰度 · 漫画/多格,https://danbooru.donmai.us/artists/391789
2061138,decrilus,976,200,全年龄向,0.0,综合向插画师,同人为主,群像/多人,兽耳/亚人/神话/宗教,线稿/速写,单人立绘,hololive|hololive_english|arknights,hololive_english chibi_only hololive koseki_bijou virtual_youtuber chibi takodachi_(ninomae_ina'nis) ninomae_ina'nis,综合向插画师 · 兽耳/亚人 · 神话/宗教 · 线稿/速写 · 单人立绘,https://danbooru.donmai.us/artists/2061138
533014,hospital_king,978,200,硬核R18,0.695,R18情色向画师,同人为主,男性主体,裸体/暴露/BL/腐向,,单人立绘,cookie_(touhou)|touhou|watashi_ga_motenai_no_wa_dou_kangaetemo_omaera_ga_warui!,cookie_(touhou) touhou watashi_ga_motenai_no_wa_dou_kangaetemo_omaera_ga_warui! bar_censor white_border clothed_sex hakurei_reimu web_(cookie),硬核R18 · R18情色向画师 · 裸体/暴露 · BL/腐向 · 单人立绘 · 同人为主,https://danbooru.donmai.us/artists/533014
493697,gashi-gashi,976,200,轻度色气,0.0,综合向插画师,原创/同人混合,群像/多人,军事/枪械/战斗/动作,特效/后期/单色/灰度,姿势/动态,bommina_the_maidroid|youkai_watch|adventure_time,bommina bommina_the_maidroid huge_breasts_tribe_(gashi-gashi) youkai_(youkai_watch) fionna_campbell youkai_watch monster_energy-chan native_american,综合向插画师 · 军事/枪械 · 战斗/动作 · 特效/后期 · 姿势/动态,https://danbooru.donmai.us/artists/493697
1292374,lvl_(sentrythe2310),975,200,硬核R18,0.675,R18情色向画师,同人为主,男性主体,裸体/暴露/体型特征,漫画分镜,漫画/多格,fate_(series)|fate/grand_order|goddess_of_victory:_nikke,fujimaru_ritsuka_(male) artoria_pendragon_(lancer_alter)_(fate) scheherazade_(third_ascension)_(fate) fate/grand_order artoria_pendragon_(fate) rapi_(nikke) rapi_(red_hood)_(nikke) fate_(series),硬核R18 · R18情色向画师 · 裸体/暴露 · 体型特征 · 漫画分镜 · 漫画/多格,https://danbooru.donmai.us/artists/1292374
1615938,gryebooks,975,200,全年龄向,0.0,同人角色专精,同人为主,群像/多人,泳装/内衣/校园,单色/灰度/漫画分镜,漫画/多格,umamusume|blue_archive|zenless_zone_zero,dantsu_flame_(umamusume) umamusume horse_girl horse_ears ear_covers t-head_trainer_(umamusume) horse_tail trainer_(umamusume),同人角色专精 · 泳装/内衣 · 校园 · 单色/灰度 · 漫画/多格,https://danbooru.donmai.us/artists/1615938
1643988,u_u_zan,974,200,全年龄向,0.0,同人角色专精,同人为主,群像/多人,和风/音乐/偶像,,差分/变体,touhou|touhou_gensou_eclipse|weiss_schwarz,touhou_gensou_eclipse transparent_background touhou adapted_costume obijime platform_sandals fold-over_boots okobo,同人角色专精 · 和风 · 音乐/偶像 · 差分/变体 · 同人为主,https://danbooru.donmai.us/artists/1643988
1571586,boppin,974,200,情色向,0.4,传统手绘媒介,同人为主,女性主体,裸体/暴露/手足/局部,传统绘画,姿势/动态,blue_archive|indie_virtual_youtuber|umamusume,loli cleft_of_venus soles uncensored toes feet paw_print_soles pussy,情色向 · 传统手绘媒介 · 裸体/暴露 · 手足/局部 · 传统绘画 · 姿势/动态,https://danbooru.donmai.us/artists/1571586
1395369,m_k,973,200,硬核R18,0.91,百合专精,原创为主,双人/CP,裸体/暴露/体型特征,,姿势/动态,vocaloid|sousou_no_frieren|pokemon,kei_(m_k) rika_(m_k) futa_with_female futanari tomboy tall_female hands_on_another's_thighs size_difference,硬核R18 · 百合专精 · 裸体/暴露 · 体型特征 · 姿势/动态 · 原创为主,https://danbooru.donmai.us/artists/1395369
1577940,fuji_(pixiv24804665),973,200,轻度色气,0.325,传统手绘媒介,同人为主,女性主体,裸体/暴露/泳装/内衣,线稿/速写/素描/炭笔,姿势/动态,kantai_collection|azur_lane|c2_kikan,kantai_collection sketch kasumi_(kancolle) kasumi_kai_ni_(kancolle) jervis_(kancolle) asashio_(kancolle) ooi_(kancolle) censored,传统手绘媒介 · 裸体/暴露 · 泳装/内衣 · 线稿/速写 · 姿势/动态,https://danbooru.donmai.us/artists/1577940
578970,yume_no_owari,973,200,全年龄向,0.0,漫画/剧情向,同人为主,群像/多人,校园/制服/职场,漫画分镜,漫画/多格,kantai_collection|idolmaster|gakuen_idolmaster,kantai_collection sazanami_(kancolle) kitakami_kai_ni_(kancolle) admiral_(kancolle) shigure_kai_ni_(kancolle) yuudachi_kai_ni_(kancolle) yuudachi_(kancolle) shigure_(kancolle),漫画/剧情向 · 校园 · 制服/职场 · 漫画分镜 · 漫画/多格,https://danbooru.donmai.us/artists/578970
7725,shirow_masamune,973,200,情色向,0.43,机甲/军事题材,同人为主,群像/多人,军事/枪械/科幻/机甲,3D/渲染,姿势/动态,comic_anthurium|w_tails_cat|galgrease,cyril_brooklyn comic_anthurium w_tails_cat galgrease marina_hayami greaseberries hyakkisyo_shion oiled,情色向 · 机甲/军事题材 · 军事/枪械 · 科幻/机甲 · 3D/渲染 · 姿势/动态,https://danbooru.donmai.us/artists/7725
1692386,nyaru_(nyaru_4126),974,200,全年龄向,0.005,综合向插画师,同人为主,群像/多人,神话/宗教/女仆/侍女,漫画分镜/单色/灰度,漫画/多格,blue_archive|haishin_shoujo_no_uraaka_meikyuu|wuthering_waves,blue_archive toki_(blue_archive) halo chibi haishin_shoujo_no_uraaka_meikyuu justice_task_force_member_(blue_archive) psyche_riiru red_halo,综合向插画师 · 神话/宗教 · 女仆/侍女 · 漫画分镜 · 漫画/多格,https://danbooru.donmai.us/artists/1692386
505524,aono3,973,200,全年龄向,0.0,综合向插画师,同人为主,群像/多人,军事/枪械/制服/职场,线稿/速写/漫画分镜,设定/图解,girls_und_panzer|hololive|touhou,girls_und_panzer anchovy_(girls_und_panzer) darjeeling_(girls_und_panzer) anzio_school_uniform emblem takebe_saori st._gloriana's_military_uniform twin_drills,综合向插画师 · 军事/枪械 · 制服/职场 · 线稿/速写 · 设定/图解,https://danbooru.donmai.us/artists/505524
1244233,syuri22,970,200,全年龄向,0.0,综合向插画师,同人为主,群像/多人,校园/军事/枪械,漫画分镜/单色/灰度,俯视/仰视,touhou|honkai:_star_rail|honkai_(series),toyosatomimi_no_miko touhou wanikabe_tokia_(syuri22) amazumi_kanade_(syuri22) pointy_hair kurokoma_saki earmuffs a-one,综合向插画师 · 校园 · 军事/枪械 · 漫画分镜 · 俯视/仰视,https://danbooru.donmai.us/artists/1244233
1608893,chengongzi123,971,200,全年龄向,0.015,BL/腐向专精,同人为主,男性主体,BL/腐向/体育/运动,单色/灰度/漫画分镜,场景插画,haikyuu!!|slam_dunk_(series)|sanrio,haikyuu!! kogure_kiminobu slam_dunk_(series) bokuto_koutarou akaashi_keiji very_short_hair akagi_takenori mitsui_hisashi,BL/腐向专精 · BL/腐向 · 体育/运动 · 单色/灰度 · 场景插画,https://danbooru.donmai.us/artists/1608893
390909,redrop,969,200,全年龄向,0.0,同人角色专精,同人为主,群像/多人,军事/枪械/体型特征,漫画分镜/单色/灰度,单人立绘,fate_(series)|fate/grand_order|indie_virtual_youtuber,kama_(fate) kama_(teenager)_(fate) fate/grand_order cerejeira_elron fate_(series) kama_(young)_(fate) kama_(adult)_(fate) lotus,同人角色专精 · 军事/枪械 · 体型特征 · 漫画分镜 · 单人立绘,https://danbooru.donmai.us/artists/390909
1365512,deadnooodles,1033,200,全年龄向,0.005,综合向插画师,同人为主,群像/多人,神话/宗教/兽耳/亚人,线稿/速写/特效/后期,差分/变体,blue_archive|hololive|zenless_zone_zero,mutsuki_(blue_archive) blue_archive red_halo halo nekomata_okayu aya_(black_survival) aya_(on-duty)_(black_survival) eternal_return:_black_survival,综合向插画师 · 神话/宗教 · 兽耳/亚人 · 线稿/速写 · 差分/变体,https://danbooru.donmai.us/artists/1365512
568998,kenkou_cross,1030,200,情色向,0.365,综合向插画师,同人为主,女性主体,裸体/暴露/兽耳/亚人,单色/灰度,单人立绘,mon-musu_quest!|monster_girl_encyclopedia|comic_gaira,alipheese_fateburn_xvi hair_tattoo mon-musu_quest! eye_tattoo monster_girl_encyclopedia luka_(mon-musu_quest!) breast_tattoo halter_shirt,情色向 · 综合向插画师 · 裸体/暴露 · 兽耳/亚人 · 单色/灰度 · 单人立绘,https://danbooru.donmai.us/artists/568998
402837,e20,1029,200,全年龄向,0.01,综合向插画师,同人为主,双人/CP,配饰/首饰/校园,线稿/速写,差分/变体,bang_dream!|bang_dream!_it's_mygo!!!!!|bocchi_the_rock!,bang_dream! bang_dream!_it's_mygo!!!!! nagasaki_soyo chihaya_anon kita_ikuyo outside_border bocchi_the_rock! white_border,综合向插画师 · 配饰/首饰 · 校园 · 线稿/速写 · 差分/变体,https://danbooru.donmai.us/artists/402837
723683,eiri_(eirri),1031,200,全年龄向,0.0,漫画/剧情向,同人为主,群像/多人,军事/枪械/兽耳/亚人,漫画分镜/特效/后期,漫画/多格,fate/grand_order|fate_(series)|dead_by_daylight,king_hassan_(fate) skull_mask fujimaru_ritsuka_(female) skull black_cloak fujimaru_ritsuka_(female)_(polar_chaldea_uniform) azrael_(sword)_(fate) glowing_eyes,漫画/剧情向 · 军事/枪械 · 兽耳/亚人 · 漫画分镜 · 漫画/多格,https://danbooru.donmai.us/artists/723683
1301649,vahn_yourdoom,1029,200,硬核R18,0.795,R18情色向画师,同人为主,群像/多人,裸体/暴露/神话/宗教,漫画分镜/单色/灰度,姿势/动态,fate/kaleid_liner_prisma_illya|fate_(series)|oshi_no_ko,mind_control hypnosis web_address exhibitionism subscribestar_username mosaic_censoring izumi_masamune navel_piercing,硬核R18 · R18情色向画师 · 裸体/暴露 · 神话/宗教 · 漫画分镜 · 姿势/动态,https://danbooru.donmai.us/artists/1301649
1245268,choufu_shimin,1029,200,全年龄向,0.0,漫画/剧情向,同人为主,群像/多人,军事/枪械/战斗/动作,漫画分镜/单色/灰度,漫画/多格,kantai_collection|blue_archive|backrooms_(creepypasta),hyuuga_(kancolle) abyssal_ship kantai_collection ru-class_battleship hiryuu_(kancolle) ta-class_battleship ryuujou_(kancolle) myoukou_(kancolle),漫画/剧情向 · 军事/枪械 · 战斗/动作 · 漫画分镜 · 漫画/多格,https://danbooru.donmai.us/artists/1245268
1517165,unfairr,1031,200,硬核R18,0.985,R18情色向画师,同人为主,群像/多人,裸体/暴露/体型特征,特效/后期,姿势/动态,zenless_zone_zero|honkai_(series)|honkai:_star_rail,zenless_zone_zero belle_(zenless_zone_zero) wise_(zenless_zone_zero) sex caelus_(honkai:_star_rail) kafka_(honkai:_star_rail) honkai:_star_rail astra_yao,硬核R18 · R18情色向画师 · 裸体/暴露 · 体型特征 · 特效/后期 · 姿势/动态,https://danbooru.donmai.us/artists/1517165
1592668,isshi_pyuma,1029,200,轻度色气,0.0,同人角色专精,同人为主,群像/多人,泳装/内衣/自然/风景,单色/灰度/线稿/速写,设定/图解,toaru_majutsu_no_index|toaru_kagaku_no_railgun|comiket_108,misaka_mikoto toaru_kagaku_no_railgun toaru_majutsu_no_index gekota saten_ruiko tokiwadai_school_uniform shirai_kuroko stuffed_frog,同人角色专精 · 泳装/内衣 · 自然/风景 · 单色/灰度 · 设定/图解,https://danbooru.donmai.us/artists/1592668
1425509,coroha,1028,200,全年龄向,0.005,兽耳/亚人专精,同人为主,群像/多人,兽耳/亚人/音乐/偶像,,姿势/动态,kemono_friends|kemono_friends_v_project|kemono_friends_3,kemono_friends kemono_friends_v_project kemono_friends_3 island_fox_(kemono_friends) brown_long-eared_bat_(kemono_friends) penguin_girl extra_ears humboldt_penguin_(kemono_friends),兽耳/亚人专精 · 兽耳/亚人 · 音乐/偶像 · 姿势/动态 · 同人为主,https://danbooru.donmai.us/artists/1425509
385847,eroe,1028,200,情色向,0.37,综合向插画师,原创/同人混合,双人/CP,裸体/暴露/恋爱/情感,单色/灰度/漫画分镜,漫画/多格,seitenkango._shinyuu_to|persona|persona_4,seitenkango._shinyuu_to igarashi_kyou_(eroe) hasumi_souji_(eroe) gakuran unnamed_tsrpg_protagonist_(eroe) shirogane_naoto genderswap_(mtf) genderswap,情色向 · 综合向插画师 · 裸体/暴露 · 恋爱/情感 · 单色/灰度 · 漫画/多格,https://danbooru.donmai.us/artists/385847
567736,akinbo_(hyouka_fuyou),1027,200,全年龄向,0.015,传统手绘媒介,同人为主,群像/多人,科幻/机甲/奇幻/魔法,线稿/速写/素描/炭笔,姿势/动态,precure|aikatsu!_(series)|fate_(series),precure aikatsu!_(series) another_eden aikatsu! ozora_akari thillelille_(another_eden) tropical-rouge!_precure starlight_academy_school_uniform,传统手绘媒介 · 科幻/机甲 · 奇幻/魔法 · 线稿/速写 · 姿势/动态,https://danbooru.donmai.us/artists/567736
568758,kabocha_torute,1026,200,全年龄向,0.005,百合专精,同人为主,群像/多人,百合/GL/和风,漫画分镜,差分/变体,kantai_collection|comiket_104|comiket_107,suzutsuki_(kancolle) fuyutsuki_(kancolle) kantai_collection hachimaki grey_neckerchief teruzuki_(kancolle) hatsuzuki_(kancolle) akizuki_(kancolle),百合专精 · 百合/GL · 和风 · 漫画分镜 · 差分/变体,https://danbooru.donmai.us/artists/568758
1389437,machismo_fuji,1026,200,情色向,0.39,R18情色向画师,同人为主,女性主体,裸体/暴露/神话/宗教,漫画分镜,姿势/动态,blue_archive|zenless_zone_zero,request_inset odaibako blue_archive large_areolae removing_bra_under_shirt presenting_bra holding_bra halo,情色向 · R18情色向画师 · 裸体/暴露 · 神话/宗教 · 漫画分镜 · 姿势/动态,https://danbooru.donmai.us/artists/1389437
1573607,untue,1026,200,轻度色气,0.08,综合向插画师,原创/同人混合,群像/多人,泳装/内衣/体型特征,,姿势/动态,fate_(series)|fate/grand_order|azur_lane,fate/grand_order fate_(series) morgan_le_fay_(fate) kama_(swimsuit_avenger)_(third_ascension)_(fate) suzuka_gozen_(swimsuit_rider)_(fate) baobhan_sith_(fate) mash_kyrielight suzuka_gozen_(fate),综合向插画师 · 泳装/内衣 · 体型特征 · 姿势/动态 · 原创/同人混合,https://danbooru.donmai.us/artists/1573607
1271808,atdan,1025,200,全年龄向,0.02,综合向插画师,原创/同人混合,群像/多人,手足/局部/自然/风景,,单人立绘,honkai:_star_rail|honkai_(series)|azur_lane,honkai:_star_rail honkai_(series) noshiro_(azur_lane) toenail_polish snowbreak:_containment_zone manjuu_(azur_lane) firefly_(honkai:_star_rail) bare_legs,综合向插画师 · 手足/局部 · 自然/风景 · 单人立绘 · 原创/同人混合,https://danbooru.donmai.us/artists/1271808
1760813,nigari_(ngari_0115),1025,200,全年龄向,0.0,同人角色专精,同人为主,群像/多人,校园/兽耳/亚人,漫画分镜/单色/灰度,漫画/多格,assault_lily|real_life|shoujo_kageki_revue_starlight,assault_lily shiba_tomoshibi odaiba_girls_high_school_uniform funada_kiito hairpods purple_neckerchief funada_ui kawabata_hotaru,同人角色专精 · 校园 · 兽耳/亚人 · 漫画分镜 · 漫画/多格,https://danbooru.donmai.us/artists/1760813
517801,raptor7,1023,200,全年龄向,0.0,同人角色专精,同人为主,群像/多人,体型特征/中式,,肖像/半身,touhou|fossilized_wonders|gundam,touhou iizunamaru_megumu underworld_(ornament) hecatia_lapislazuli tokin_hat dalachi_(headdress) earth_(ornament) moon_(ornament),同人角色专精 · 体型特征 · 中式 · 肖像/半身 · 同人为主,https://danbooru.donmai.us/artists/517801
385180,nishieda,1022,200,轻度色气,0.13,综合向插画师,原创/同人混合,群像/多人,军事/枪械/泳装/内衣,线稿/速写/素描/炭笔,姿势/动态,kantai_collection|neon_genesis_evangelion|comic_megastore,comic_megastore super_robot_wars_t web_bazooka jinrou_e_no_tensei_maou_no_fukukan magazine_cover comic_megastore_h content_rating super_robot_wars,综合向插画师 · 军事/枪械 · 泳装/内衣 · 线稿/速写 · 姿势/动态,https://danbooru.donmai.us/artists/385180
473832,kamiya_maneki,1020,200,全年龄向,0.0,同人角色专精,同人为主,女性主体,配饰/首饰/体型特征,,差分/变体,hololive|hololive_english|hololive_dreams,mori_calliope hololive_english hololive virtual_youtuber mori_calliope_(1st_costume) twitter_username black_tiara signature,同人角色专精 · 配饰/首饰 · 体型特征 · 差分/变体 · 同人为主,https://danbooru.donmai.us/artists/473832
426335,sakimichan,1019,200,轻度色气,0.03,综合向插画师,同人为主,男性主体,体型特征/军事/枪械,,姿势/动态,genshin_impact|pokemon|spy_x_family,patreon_username genshin_impact lips realistic thick_thighs signature bare_hips spy_x_family,综合向插画师 · 体型特征 · 军事/枪械 · 姿势/动态 · 同人为主,https://danbooru.donmai.us/artists/426335
1643874,ringeko-chan,1019,200,全年龄向,0.0,综合向插画师,同人为主,女性主体,配饰/首饰/体型特征,,差分/变体,wuthering_waves|zenless_zone_zero|genshin_impact,wuthering_waves artist_name tacet_mark_(wuthering_waves) arknights:_endfield zenless_zone_zero arknights honkai:_star_rail genshin_impact,综合向插画师 · 配饰/首饰 · 体型特征 · 差分/变体 · 同人为主,https://danbooru.donmai.us/artists/1643874
411892,fujisaki_hikari,1019,200,硬核R18,0.595,R18情色向画师,同人为主,女性主体,裸体/暴露/兽耳/亚人,单色/灰度/漫画分镜,姿势/动态,indie_virtual_youtuber|hololive|nijisanji,shigure_ui_(vtuber) fujisaki_hikari_(person) shigure_ui_(1st_costume)_(vtuber) pom_pom_hair_ornament virtual_youtuber indie_virtual_youtuber hololive side_up_ring,硬核R18 · R18情色向画师 · 裸体/暴露 · 兽耳/亚人 · 单色/灰度 · 姿势/动态,https://danbooru.donmai.us/artists/411892
1618302,hella_p,1018,200,硬核R18,0.675,R18情色向画师,同人为主,男性主体,裸体/暴露/体型特征,漫画分镜,漫画/多格,goddess_of_victory:_nikke|zenless_zone_zero|overwatch,korean_text goddess_of_victory:_nikke d_(nikke) domina_(overwatch) huge_breasts nayuta_(nikke) mosaic_censoring overwatch,硬核R18 · R18情色向画师 · 裸体/暴露 · 体型特征 · 漫画分镜 · 漫画/多格,https://danbooru.donmai.us/artists/1618302
483832,non_(z-art),1016,200,情色向,0.185,百合专精,同人为主,群像/多人,裸体/暴露/百合/GL,漫画分镜,漫画/多格,touhou,touhou hakurei_reimu usami_renko maribel_hearn yuri kagiyama_hina bdsm one-hour_drawing_challenge,情色向 · 百合专精 · 裸体/暴露 · 百合/GL · 漫画分镜 · 漫画/多格,https://danbooru.donmai.us/artists/483832
1684443,oimanji,1016,200,情色向,0.405,奇幻/魔法题材,同人为主,双人/CP,裸体/暴露/奇幻/魔法,赛璐璐/平涂/线稿/速写,姿势/动态,precure|suite_precure|futari_wa_precure,precure anime_coloring suite_precure houjou_hibiki futari_wa_precure misumi_nagisa yukishiro_honoka healin'_good_precure,情色向 · 奇幻/魔法题材 · 裸体/暴露 · 奇幻/魔法 · 赛璐璐/平涂 · 姿势/动态,https://danbooru.donmai.us/artists/1684443
384799,nagian,1013,200,全年龄向,0.0,综合向插画师,同人为主,群像/多人,自然/风景/音乐/偶像,特效/后期/赛璐璐/平涂,场景插画,idolmaster|idolmaster_million_live!|idolmaster_cinderella_girls,idolmaster_million_live! idolmaster idolmaster_million_live!_theater_days dated idolmaster_(classic) idolmaster_cinderella_girls suou_momoko aria_(manga),综合向插画师 · 自然/风景 · 音乐/偶像 · 特效/后期 · 场景插画,https://danbooru.donmai.us/artists/384799
468326,no+bi=,1019,200,全年龄向,0.0,日常/治愈系,同人为主,双人/CP,日常/治愈/校园,单色/灰度/漫画分镜,漫画/多格,eastward|mahou_shoujo_madoka_magica|mahou_shoujo_madoka_magica_(anime),eastward alva_(eastward) isabel_(eastward) mahou_shoujo_madoka_magica_(anime) mahou_shoujo_madoka_magica mitakihara_school_uniform kaname_madoka akemi_homura,日常/治愈系 · 日常/治愈 · 校园 · 单色/灰度 · 漫画/多格,https://danbooru.donmai.us/artists/468326
382701,yuuki_hagure,1013,200,全年龄向,0.065,综合向插画师,同人为主,群像/多人,兽耳/亚人/神话/宗教,,单人立绘,hololive|indie_virtual_youtuber|choukou_(alicesoft),usada_pekora don-chan_(usada_pekora) hololive carrot_hair_ornament virtual_youtuber usada_pekora_(1st_costume) mikafir rabbit-shaped_pupils,综合向插画师 · 兽耳/亚人 · 神话/宗教 · 单人立绘 · 同人为主,https://danbooru.donmai.us/artists/382701
1685373,twin_(tt_lsh),1011,200,硬核R18,0.685,原创角色设计师,原创为主,群像/多人,裸体/暴露/体型特征,漫画分镜,姿势/动态,hololive|dragon's_crown|azur_lane,prill_s_(commission) mosaic_censoring aki_rosenthal penis sex nipples callisto_(greyeth) hetero,硬核R18 · 原创角色设计师 · 裸体/暴露 · 体型特征 · 漫画分镜 · 姿势/动态,https://danbooru.donmai.us/artists/1685373
462138,murata_range,1011,200,全年龄向,0.0,原创角色设计师,原创为主,非人物/静物,自然/风景/校园,单色/灰度/拼贴/混合,肖像/半身,comiket_103|last_exile|comic_kairakuten,shikishi last_exile comiket_103 art_tools_in_frame short_bangs retrofuturism comic_kairakuten mechanical_pencil,原创角色设计师 · 自然/风景 · 校园 · 单色/灰度 · 肖像/半身,https://danbooru.donmai.us/artists/462138
1454105,topu,1008,200,硬核R18,0.995,R18情色向画师,同人为主,男性主体,裸体/暴露/神话/宗教,,姿势/动态,blue_archive|zenless_zone_zero|honkai:_star_rail,mosaic_censoring penis sex vaginal male_pubic_hair interracial sound_effects blue_archive,硬核R18 · R18情色向画师 · 裸体/暴露 · 神话/宗教 · 姿势/动态 · 同人为主,https://danbooru.donmai.us/artists/1454105
1314969,rui_(sugar3),1012,200,全年龄向,0.0,同人角色专精,同人为主,女性主体,兽耳/亚人/奇幻/魔法,,肖像/半身,touhou|vocaloid|genshin_impact,sample_watermark touhou embellished_costume watermark shikishi mob_cap lily_white floral_background,同人角色专精 · 兽耳/亚人 · 奇幻/魔法 · 肖像/半身 · 同人为主,https://danbooru.donmai.us/artists/1314969
430401,muririn,1008,200,轻度色气,0.11,传统手绘媒介,同人为主,群像/多人,制服/职场/裸体/暴露,线稿/速写/素描/炭笔,俯视/仰视,limelight_lemonade_jam|senren_banka|cafe_stella_to_shinigami_no_chou,limelight_lemonade_jam senren_banka cafe_stella_to_shinigami_no_chou otogi_frontier harumi_ena tenshi_souzou_re-boot! yuzusoft shiki_natsume,传统手绘媒介 · 制服/职场 · 裸体/暴露 · 线稿/速写 · 俯视/仰视,https://danbooru.donmai.us/artists/430401
1641885,himiya_jouzu,1012,200,轻度色气,0.085,漫画/剧情向,同人为主,群像/多人,神话/宗教/日常/治愈,漫画分镜/单色/灰度,漫画/多格,blue_archive|monster_strike|comiket_107,monster_strike blue_archive sensei_(blue_archive) halo comic sanzu_(monster_strike) kei_(student)_(blue_archive) kei_(blue_archive),漫画/剧情向 · 神话/宗教 · 日常/治愈 · 漫画分镜 · 漫画/多格,https://danbooru.donmai.us/artists/1641885
1581437,geewhy,1010,200,硬核R18,0.51,R18情色向画师,同人为主,群像/多人,裸体/暴露/奇幻/魔法,单色/灰度/漫画分镜,姿势/动态,little_witch_academia|ijiranaide_nagatoro-san|black_moon_prophecy,subscribestar_username little_witch_academia web_address ijiranaide_nagatoro-san nagatoro_hayase kagari_atsuko female_pubic_hair uncensored,硬核R18 · R18情色向画师 · 裸体/暴露 · 奇幻/魔法 · 单色/灰度 · 姿势/动态,https://danbooru.donmai.us/artists/1581437
1390488,adsouto,1007,200,轻度色气,0.055,综合向插画师,同人为主,男性主体,泳装/内衣/裸体/暴露,,姿势/动态,zenless_zone_zero|bishoujo_senshi_sailor_moon|pokemon,signature bishoujo_senshi_sailor_moon hollow_knight:_silksong hollow_knight patreon_username eye_trail web_address zenless_zone_zero,综合向插画师 · 泳装/内衣 · 裸体/暴露 · 姿势/动态 · 同人为主,https://danbooru.donmai.us/artists/1390488
377713,kei_jiei,1007,200,情色向,0.44,R18情色向画师,同人为主,女性主体,裸体/暴露/体型特征,单色/灰度,肖像/半身,touhou|sennen_sensou_aigis|sousou_no_frieren,single_hair_tube snake_hair_ornament kochiya_sanae frog_hair_ornament touhou hair_tubes dated white_sleeves,情色向 · R18情色向画师 · 裸体/暴露 · 体型特征 · 单色/灰度 · 肖像/半身,https://danbooru.donmai.us/artists/377713
1289121,no-kan,1006,200,全年龄向,0.0,综合向插画师,同人为主,群像/多人,体型特征/兽人/furry,单色/灰度,单人立绘,fate/grand_order|fate_(series)|pokemon,marie_antoinette_(fate) marie_antoinette_alter_(fate) fate/grand_order fate_(series) marie_antoinette_alter_(third_ascension)_(fate) marie_antoinette_alter_(first_ascension)_(fate) baobhan_sith_(fate) carmine_(pokemon),综合向插画师 · 体型特征 · 兽人/furry · 单色/灰度 · 单人立绘,https://danbooru.donmai.us/artists/1289121
1575236,thomas_8000,1007,200,全年龄向,0.0,兽耳/亚人专精,同人为主,女性主体,兽耳/亚人/角色扮演/异装,,姿势/动态,hololive|hololive_english|zenless_zone_zero,hololive shirakami_fubuki virtual_youtuber ouro_kronii ouro_kronii_(1st_costume) hololive_english nekomiya_mana pinstripe_shirt,兽耳/亚人专精 · 兽耳/亚人 · 角色扮演/异装 · 姿势/动态 · 同人为主,https://danbooru.donmai.us/artists/1575236
1813900,varniskarnis,1006,200,硬核R18,0.535,兽耳/亚人专精,同人为主,女性主体,裸体/暴露/兽耳/亚人,单色/灰度/漫画分镜,差分/变体,hololive|hololive_english|phase_connect,speckled_areolae ookami_mio hololive female_pubic_hair pubic_hair virtual_youtuber red_streaks excessive_pubic_hair,硬核R18 · 兽耳/亚人专精 · 裸体/暴露 · 兽耳/亚人 · 单色/灰度 · 差分/变体,https://danbooru.donmai.us/artists/1813900
629122,pas_(paxiti),1006,200,全年龄向,0.0,单色线稿派,原创为主,双人/CP,军事/枪械/角色扮演/异装,单色/灰度/漫画分镜,漫画/多格,love_live!|love_live!_school_idol_project|love_live!_sunshine!!,transgender_flag lgbt_pride pas'_black-haired_catperson right-to-left_comic gender_transitioning pas_(real_life) gender_transitioning_(mtf) non-binary_flag,单色线稿派 · 军事/枪械 · 角色扮演/异装 · 单色/灰度 · 漫画/多格,https://danbooru.donmai.us/artists/629122
1337247,liang_xing,1005,200,全年龄向,0.0,综合向插画师,同人为主,群像/多人,军事/枪械/自然/风景,特效/后期,俯视/仰视,zenless_zone_zero|marvel|marvel_rivals,zenless_zone_zero marvel_rivals marvel patreon_username x-men wuthering_waves signature stellar_blade,综合向插画师 · 军事/枪械 · 自然/风景 · 特效/后期 · 俯视/仰视,https://danbooru.donmai.us/artists/1337247
1819797,m&m_(mickey_and_mackey),1005,200,硬核R18,0.73,R18情色向画师,同人为主,群像/多人,裸体/暴露/制服/职场,,俯视/仰视,saishuu_chikan_densha|saishuu_chikan_densha_(series)|kyokugen_chikan_tokuiten,saishuu_chikan_densha saishuu_chikan_densha_(series) kawahara_emi 2000s_(style) mori_misato_(saishuu_chikan_densha) very_low_bun train_interior blue_suit,硬核R18 · R18情色向画师 · 裸体/暴露 · 制服/职场 · 俯视/仰视 · 同人为主,https://danbooru.donmai.us/artists/1819797
1342654,hayabusa_(vert_320),1003,200,全年龄向,0.0,原创角色设计师,原创为主,群像/多人,兽耳/亚人/体型特征,,单人立绘,umamusume|blue_archive|azur_lane,classy-black-haired_girl_(hayabusa) black-haired_fox_girl_(hayabusa) sirius_symboli_(umamusume) multiple_moles umamusume mole_on_breast horse_girl blue-eyed_elven_girl_(hayabusa),原创角色设计师 · 兽耳/亚人 · 体型特征 · 单人立绘 · 原创为主,https://danbooru.donmai.us/artists/1342654
519664,oni-noboru,1002,200,情色向,0.4,R18情色向画师,同人为主,群像/多人,裸体/暴露/神话/宗教,漫画分镜,姿势/动态,blue_archive|goddess_of_victory:_nikke|hololive,blue_archive asuna_(blue_archive) rio_(blue_archive) breastless_leotard toki_(blue_archive) millennium_science_school_logo blue_halo asuna_(bunny)_(blue_archive),情色向 · R18情色向画师 · 裸体/暴露 · 神话/宗教 · 漫画分镜 · 姿势/动态,https://danbooru.donmai.us/artists/519664
1320247,neoartcore,1002,200,全年龄向,0.075,综合向插画师,同人为主,男性主体,体型特征/泳装/内衣,,俯视/仰视,marvel|marvel_rivals|dc_comics,patreon_username toned_female lips toned marvel linea_alba marvel_rivals dc_comics,综合向插画师 · 体型特征 · 泳装/内衣 · 俯视/仰视 · 同人为主,https://danbooru.donmai.us/artists/1320247
1286962,konnyaku_(kk-monmon),1002,200,情色向,0.19,综合向插画师,同人为主,群像/多人,神话/宗教/裸体/暴露,特效/后期/漫画分镜,姿势/动态,blue_archive|genshin_impact|zenless_zone_zero,blue_archive halo loli sensei_(blue_archive) doodle_sensei_(blue_archive) kirino_(blue_archive) fubuki_(blue_archive) hikari_(blue_archive),情色向 · 综合向插画师 · 神话/宗教 · 裸体/暴露 · 特效/后期 · 姿势/动态,https://danbooru.donmai.us/artists/1286962
711928,maruki_(punchiki),1002,200,全年龄向,0.0,综合向插画师,同人为主,群像/多人,校园/角色扮演/异装,赛璐璐/平涂/线稿/速写,姿势/动态,kantai_collection|gintama|gekkan_shoujo_nozaki-kun,kantai_collection twitter_username abyssal_ship gintama sakura_chiyo gekkan_shoujo_nozaki-kun shimura_shinpachi kagura_(gintama),综合向插画师 · 校园 · 角色扮演/异装 · 赛璐璐/平涂 · 姿势/动态,https://danbooru.donmai.us/artists/711928
1572829,shexyo,998,200,情色向,0.12,综合向插画师,同人为主,群像/多人,体型特征/泳装/内衣,光影/氛围,俯视/仰视,bleach|sousou_no_frieren|zenless_zone_zero,patreon_logo patreon_username web_address worm's_eye_view bleach huge_ass inoue_orihime circle_formation,情色向 · 综合向插画师 · 体型特征 · 泳装/内衣 · 光影/氛围 · 俯视/仰视,https://danbooru.donmai.us/artists/1572829
1380051,kakure_eria,996,200,硬核R18,0.98,R18情色向画师,同人为主,群像/多人,裸体/暴露/中式,漫画分镜,姿势/动态,hololive|fate_(series)|hololive_english,mosaic_censoring loli hololive penis hetero pointy_breasts nipples vaginal,硬核R18 · R18情色向画师 · 裸体/暴露 · 中式 · 漫画分镜 · 姿势/动态,https://danbooru.donmai.us/artists/1380051
1392230,peroponesosu.,997,200,全年龄向,0.0,同人角色专精,同人为主,群像/多人,和风/兽耳/亚人,单色/灰度/漫画分镜,姿势/动态,touhou|jojo_no_kimyou_na_bouken|phantom_blood,touhou solid_circle_pupils shameimaru_aya tokin_hat usami_renko mob_cap maribel_hearn contrast_collar,同人角色专精 · 和风 · 兽耳/亚人 · 单色/灰度 · 姿势/动态,https://danbooru.donmai.us/artists/1392230
658136,akkijin,997,200,全年龄向,0.0,同人角色专精,同人为主,女性主体,自然/风景/奇幻/魔法,特效/后期,表情/表演,shinkai_no_valkyrie|star_melody_yumemi_dreamer|touhou,shinkai_no_valkyrie card_(medium) oracle_(shinkai_no_valkyrie) star_melody_yumemi_dreamer calamity_(shinkai_no_valkyrie) amaterasu_(shinkai_no_valkyrie) fallen_angel_(shinkai_no_valkyrie) ribbed_dress,同人角色专精 · 自然/风景 · 奇幻/魔法 · 特效/后期 · 表情/表演,https://danbooru.donmai.us/artists/658136
1433124,welt_(kinsei_koutenkyoku),995,200,全年龄向,0.1,兽耳/亚人专精,同人为主,群像/多人,兽耳/亚人/军事/枪械,漫画分镜,漫画/多格,arknights|arknights:_endfield|touhou,arknights infection_monitor_(arknights) mint_(arknights) suzuran_(arknights) oripathy_lesion_(arknights) signature material_growth mint_(elite_ii)_(arknights),兽耳/亚人专精 · 兽耳/亚人 · 军事/枪械 · 漫画分镜 · 漫画/多格,https://danbooru.donmai.us/artists/1433124
637299,rikatan,996,200,情色向,0.215,R18情色向画师,原创/同人混合,女性主体,裸体/暴露/兽耳/亚人,,姿势/动态,hololive|touhou|gochuumon_wa_usagi_desu_ka?,kafuu_chino hololive gochuumon_wa_usagi_desu_ka? shigure_ui_(vtuber) virtual_youtuber hakui_koyori nipples pom_pom_hair_ornament,情色向 · R18情色向画师 · 裸体/暴露 · 兽耳/亚人 · 姿势/动态 · 原创/同人混合,https://danbooru.donmai.us/artists/637299
1510231,waka_(wk4444),994,200,全年龄向,0.0,综合向插画师,同人为主,群像/多人,音乐/偶像/兽耳/亚人,线稿/速写,差分/变体,project_sekai|nijisanji|vocaloid,project_sekai akiyama_mizuki shinonome_ena yoisaki_kanade asahina_mafuyu ootori_emu kusanagi_nene nijisanji,综合向插画师 · 音乐/偶像 · 兽耳/亚人 · 线稿/速写 · 差分/变体,https://danbooru.donmai.us/artists/1510231
398747,hikawa_shou,995,200,全年龄向,0.0,同人角色专精,同人为主,群像/多人,神话/宗教/兽耳/亚人,单色/灰度/漫画分镜,漫画/多格,hololive|pokemon|idolmaster,amane_kanata hololive kiryu_coco amane_kanata_(work) star_halo virtual_youtuber single_hair_intake upao_(amane_kanata),同人角色专精 · 神话/宗教 · 兽耳/亚人 · 单色/灰度 · 漫画/多格,https://danbooru.donmai.us/artists/398747
1703480,khyle.,992,200,轻度色气,0.045,日常/治愈系,同人为主,群像/多人,都市/街景/奇幻/魔法,拼贴/混合/特效/后期,姿势/动态,sousou_no_frieren|boku_no_hero_academia|pokemon,frieren doki_doki_literature_club boku_no_hero_academia sousou_no_frieren aura_(sousou_no_frieren) aura_bullying_(meme) sayori_(doki_doki_literature_club) meme,日常/治愈系 · 都市/街景 · 奇幻/魔法 · 拼贴/混合 · 姿势/动态,https://danbooru.donmai.us/artists/1703480
1246655,sei_(kaien_kien),993,200,全年龄向,0.0,同人角色专精,同人为主,群像/多人,和风/配饰/首饰,漫画分镜/特效/后期,漫画/多格,touhou|bunny_garden|darkstalkers,touhou alice_margatroid nagae_iku peach_hair_ornament hinanawi_tenshi 3koma ibuki_suika red_hairband,同人角色专精 · 和风 · 配饰/首饰 · 漫画分镜 · 漫画/多格,https://danbooru.donmai.us/artists/1246655
377673,sazaki_ichiri,991,200,硬核R18,0.775,单色线稿派,同人为主,男性主体,裸体/暴露/神话/宗教,单色/灰度/漫画分镜,漫画/多格,daten_keikaku|boku_no_risou_no_isekai_seikatsu|dengeki_moeoh,daten_keikaku aimyu chaloe leluna bear_girl bear_ears bar_censor pom_pom_hair_ornament,硬核R18 · 单色线稿派 · 裸体/暴露 · 神话/宗教 · 单色/灰度 · 漫画/多格,https://danbooru.donmai.us/artists/377673
1415707,capriccio,990,200,全年龄向,0.0,兽耳/亚人专精,原创为主,群像/多人,兽耳/亚人/角色扮演/异装,单色/灰度/漫画分镜,漫画/多格,phase_connect|vspo!|daihatsu,solid_oval_eyes animal_hat newsboy_cap dated dog_ears greyscale dog_tail monochrome,兽耳/亚人专精 · 兽耳/亚人 · 角色扮演/异装 · 单色/灰度 · 漫画/多格,https://danbooru.donmai.us/artists/1415707
1501012,darumoon,990,200,硬核R18,0.545,同人角色专精,同人为主,男性主体,裸体/暴露/泳装/内衣,漫画分镜,姿势/动态,touhou|vocaloid,moriya_suwako frog_print touhou purple_vest tress_ribbon skirt_set high-waist_skirt brown_hat,硬核R18 · 同人角色专精 · 裸体/暴露 · 泳装/内衣 · 漫画分镜 · 姿势/动态,https://danbooru.donmai.us/artists/1501012
1315712,liz_(piyoko_piyop),990,200,全年龄向,0.135,百合专精,同人为主,群像/多人,百合/GL/裸体/暴露,单色/灰度/漫画分镜,漫画/多格,love_live!|love_live!_hasu_no_sora_jogakuin_school_idol_club|love_live!_nijigasaki_high_school_idol_club,love_live!_hasu_no_sora_jogakuin_school_idol_club love_live! hinoshita_kaho otomune_kozue hasu_no_sora_school_uniform love_live!_nijigasaki_high_school_idol_club momose_ginko cerise_bouquet,百合专精 · 百合/GL · 裸体/暴露 · 单色/灰度 · 漫画/多格,https://danbooru.donmai.us/artists/1315712
1687053,ino_(magloid),989,200,情色向,0.39,R18情色向画师,原创/同人混合,群像/多人,裸体/暴露/手足/局部,线稿/速写/素描/炭笔,姿势/动态,otome_function|game_(=eroge)_mitai_na_suteki_na_koi_ga_shitai!|kazoku_wa_(ore_igai)_succubus_deshita_~_futari_no_ane_to_haha_to_no_seikatsu_de_seieki_o_shiboritora_remasu_~,otome_function game_(=eroge)_mitai_na_suteki_na_koi_ga_shitai! kazoku_wa_(ore_igai)_succubus_deshita_~_futari_no_ane_to_haha_to_no_seikatsu_de_seieki_o_shiboritora_remasu_~ niizuma_koyomi mochizuki_nonoka takamiya_tsuzuri otomege_no_akugyaku_joou_o_yome_ni_suru_tame_ni_wa. kisaragi_rei,情色向 · R18情色向画师 · 裸体/暴露 · 手足/局部 · 线稿/速写 · 姿势/动态,https://danbooru.donmai.us/artists/1687053
381946,hase_yu,986,200,轻度色气,0.22,机甲/军事题材,原创/同人混合,非人物/静物,军事/枪械/裸体/暴露,,场景插画,kantai_collection|fate_(series)|blue_archive,trigger_discipline rifle anti-materiel_rifle tactical_school_uniform sniper_rifle post-apocalypse assault_rifle gun,机甲/军事题材 · 军事/枪械 · 裸体/暴露 · 场景插画 · 原创/同人混合,https://danbooru.donmai.us/artists/381946
1695354,eto_(ikumika),989,200,情色向,0.42,原创角色设计师,原创为主,女性主体,裸体/暴露/校园,特效/后期,姿势/动态,mahou_shoujo_madoka_magica|mahou_shoujo_madoka_magica_(anime),tomoe_mami mahou_shoujo_madoka_magica_(anime) wide_spread_legs mahou_shoujo_madoka_magica tomoe_mami_(magical_girl) upright_restraints restrained stationary_restraints,情色向 · 原创角色设计师 · 裸体/暴露 · 校园 · 特效/后期 · 姿势/动态,https://danbooru.donmai.us/artists/1695354
1268551,blew_andwhite,987,200,全年龄向,0.025,机甲/军事题材,同人为主,群像/多人,军事/枪械/神话/宗教,单色/灰度/拼贴/混合,漫画/多格,blue_archive|kantai_collection|suiyou_dou_de_shou,blue_archive kantai_collection hoshino_(blue_archive) i-401_(kancolle) shiroko_terror_(blue_archive) halo fubuki_(kancolle) signature,机甲/军事题材 · 军事/枪械 · 神话/宗教 · 单色/灰度 · 漫画/多格,https://danbooru.donmai.us/artists/1268551
1684666,ray.s,986,200,轻度色气,0.015,同人角色专精,同人为主,女性主体,和风/校园,,肖像/半身,kantai_collection|hololive|hololive_english,one-hour_drawing_challenge kantai_collection dated twitter_username sailor_shirt headgear black_sailor_collar naked_shirt,同人角色专精 · 和风 · 校园 · 肖像/半身 · 同人为主,https://danbooru.donmai.us/artists/1684666
550165,sugimori_ken,988,200,全年龄向,0.0,场景/背景插画师,同人为主,非人物/静物,兽人/furry/BL/腐向,,单人立绘,pokemon|pokemon_black_and_white|pokemon_diamond/pearl/platinum,pokemon_focus pokemon_(creature) pokemon pokemon_black_and_white no_humans animal_focus pokemon_diamond/pearl/platinum transparent_background,场景/背景插画师 · 兽人/furry · BL/腐向 · 单人立绘 · 同人为主,https://danbooru.donmai.us/artists/550165
1596727,suujiniku,985,200,硬核R18,0.585,R18情色向画师,同人为主,男性主体,裸体/暴露/泳装/内衣,漫画分镜,姿势/动态,blue_archive|fate_(series)|fate/grand_order,bar_censor ring_light_reflection penis hetero veiny_penis censored shinza_bansho_series pubic_hair,硬核R18 · R18情色向画师 · 裸体/暴露 · 泳装/内衣 · 漫画分镜 · 姿势/动态,https://danbooru.donmai.us/artists/1596727
790150,wada_arco,985,200,全年龄向,0.0,同人角色专精,同人为主,男性主体,兽耳/亚人/科幻/机甲,单色/灰度,设定/图解,fate_(series)|fate/grand_order|fate/extra,fate_(series) fate/grand_order kingprotea_(fate) elizabeth_bathory_(fate) kingprotea_alter_(fate) elizabeth_bathory_(perfect)_(third_ascension)_(fate) tachi-e fate/extra,同人角色专精 · 兽耳/亚人 · 科幻/机甲 · 单色/灰度 · 设定/图解,https://danbooru.donmai.us/artists/790150
1955265,koyuki_(kotatsu358),980,200,全年龄向,0.045,漫画/剧情向,同人为主,群像/多人,制服/职场/兽耳/亚人,漫画分镜/单色/灰度,漫画/多格,dokusen_yoku_ga_tsuyo_sugiru_yandere_kai_neko-chan|neet_de_otaku_na_kunoichi_to_naze_ka_dousei_hajimemashita,dokusen_yoku_ga_tsuyo_sugiru_yandere_kai_neko-chan master_(dokusen_yoku_ga_tsuyo_sugiru_yandere_kai_neko-chan) nene_(dokusen_yoku_ga_tsuyo_sugiru_yandere_kai_neko-chan) colored_speech_bubble kukuri_(dokusen_yoku_ga_tsuyo_sugiru_yandere_kai_neko-chan) lulu_(dokusen_yoku_ga_tsuyo_sugiru_yandere_kai_neko-chan) nekomiya_(dokusen_yoku_ga_tsuyo_sugiru_yandere_kai_neko-chan) bakeneko_(mythology),漫画/剧情向 · 制服/职场 · 兽耳/亚人 · 漫画分镜 · 漫画/多格,https://danbooru.donmai.us/artists/1955265
1452654,sydus,985,200,轻度色气,0.385,综合向插画师,同人为主,男性主体,裸体/暴露/手足/局部,特效/后期/线稿/速写,俯视/仰视,blue_archive|dora_the_explorer|umamusume,dora_the_explorer dora_marquez blue_archive twitter_username diego_marquez hikari_(blue_archive) artist_name nozomi_(blue_archive),综合向插画师 · 裸体/暴露 · 手足/局部 · 特效/后期 · 俯视/仰视,https://danbooru.donmai.us/artists/1452654
428841,lasterk,980,200,情色向,0.42,R18情色向画师,同人为主,群像/多人,裸体/暴露/手足/局部,特效/后期/单色/灰度,俯视/仰视,idolmaster|idolmaster_cinderella_girls|pokemon,uncensored quiet_(metal_gear) clitoral_hood clitoris nipples stripper metal_gear_solid_v:_the_phantom_pain urethra,情色向 · R18情色向画师 · 裸体/暴露 · 手足/局部 · 特效/后期 · 俯视/仰视,https://danbooru.donmai.us/artists/428841
2480525,hizake_mozu,978,200,轻度色气,0.1,兽耳/亚人专精,同人为主,群像/多人,兽人/furry/体型特征,特效/后期/线稿/速写,姿势/动态,pokemon|splatoon_(series)|splatoon_2,splatoon_(series) tentacle_hair marina_(splatoon) octoling inkling marie_(splatoon) splatoon_2 pokemon,兽耳/亚人专精 · 兽人/furry · 体型特征 · 特效/后期 · 姿势/动态,https://danbooru.donmai.us/artists/2480525
644117,kamelie,978,200,全年龄向,0.015,综合向插画师,同人为主,群像/多人,科幻/机甲/校园,漫画分镜,漫画/多格,kantai_collection|umamusume|gundam,k.s.miracle_(umamusume) nika_nanaura umamusume kantai_collection trainer_(umamusume) tracen_school_uniform horse_girl hagikaze_(kancolle),综合向插画师 · 科幻/机甲 · 校园 · 漫画分镜 · 漫画/多格,https://danbooru.donmai.us/artists/644117
533014,hospital_king,978,200,硬核R18,0.695,R18情色向画师,同人为主,男性主体,裸体/暴露/BL/腐向,,单人立绘,cookie_(touhou)|touhou|watashi_ga_motenai_no_wa_dou_kangaetemo_omaera_ga_warui!,cookie_(touhou) touhou watashi_ga_motenai_no_wa_dou_kangaetemo_omaera_ga_warui! bar_censor white_border clothed_sex hakurei_reimu web_(cookie),硬核R18 · R18情色向画师 · 裸体/暴露 · BL/腐向 · 单人立绘 · 同人为主,https://danbooru.donmai.us/artists/533014
2383514,gotoh_(nekocat),1001,200,全年龄向,0.0,综合向插画师,同人为主,群像/多人,音乐/偶像/兽耳/亚人,,差分/变体,touhou|genshin_impact|hololive,flandre_scarlet touhou genshin_impact nahida_(genshin_impact) remilia_scarlet crystal mob_cap klee_(genshin_impact),综合向插画师 · 音乐/偶像 · 兽耳/亚人 · 差分/变体 · 同人为主,https://danbooru.donmai.us/artists/2383514
396764,horiguchi_yukiko,977,200,全年龄向,0.0,综合向插画师,同人为主,群像/多人,音乐/偶像/校园,赛璐璐/平涂/漫画分镜,设定/图解,22/7|k-on!|22/7_ongaku_no_jikan,22/7 22/7_ongaku_no_jikan takigawa_miu group_name saito_nicole fujima_sakura rokubanchou_school_uniform k-on!,综合向插画师 · 音乐/偶像 · 校园 · 赛璐璐/平涂 · 设定/图解,https://danbooru.donmai.us/artists/396764
784663,fugtrup,977,200,硬核R18,0.595,3D/拟真渲染,同人为主,男性主体,裸体/暴露/体型特征,3D/渲染/拼贴/混合,姿势/动态,overwatch|the_legend_of_zelda|street_fighter,3d mei_(overwatch) overwatch manon_legrand life_is_strange_(series) uncensored misty_olszewski link,硬核R18 · 3D/拟真渲染 · 裸体/暴露 · 体型特征 · 3D/渲染 · 姿势/动态,https://danbooru.donmai.us/artists/784663
1851432,usa37107692,978,200,全年龄向,0.0,综合向插画师,同人为主,男性主体,体型特征/兽人/furry,,肖像/半身,zenless_zone_zero|dr._stone|splatoon_(series),black_background cropped_legs dr._stone friday_night_funkin' narrow_waist thick_thighs zenless_zone_zero sakuroma_(friday_night_funkin'),综合向插画师 · 体型特征 · 兽人/furry · 肖像/半身 · 同人为主,https://danbooru.donmai.us/artists/1851432
388510,miyase_mahiro,979,200,轻度色气,0.17,日常/治愈系,原创/同人混合,女性主体,日常/治愈/校园,,姿势/动态,touhou|sennen_sensou_aigis|genshin_impact,kochiya_sanae snake_hair_ornament frog_hair_ornament touhou kayo_(miyase_mahiro) hair_tubes single_hair_tube ragnarok:_guild_masters,日常/治愈系 · 日常/治愈 · 校园 · 姿势/动态 · 原创/同人混合,https://danbooru.donmai.us/artists/388510
391789,aozora_market,977,200,全年龄向,0.0,单色线稿派,同人为主,群像/多人,自然/风景/战斗/动作,单色/灰度/漫画分镜,漫画/多格,touhou|north_american_mythology|neo-traditionalism_of_japan,touhou usami_renko page_number hat_bow kirisame_marisa maribel_hearn mob_cap greyscale,单色线稿派 · 自然/风景 · 战斗/动作 · 单色/灰度 · 漫画/多格,https://danbooru.donmai.us/artists/391789
493697,gashi-gashi,976,200,轻度色气,0.0,综合向插画师,原创/同人混合,群像/多人,军事/枪械/战斗/动作,特效/后期/单色/灰度,姿势/动态,bommina_the_maidroid|youkai_watch|adventure_time,bommina bommina_the_maidroid huge_breasts_tribe_(gashi-gashi) youkai_(youkai_watch) fionna_campbell youkai_watch monster_energy-chan native_american,综合向插画师 · 军事/枪械 · 战斗/动作 · 特效/后期 · 姿势/动态,https://danbooru.donmai.us/artists/493697
1615938,gryebooks,975,200,全年龄向,0.0,同人角色专精,同人为主,群像/多人,泳装/内衣/校园,单色/灰度/漫画分镜,漫画/多格,umamusume|blue_archive|zenless_zone_zero,dantsu_flame_(umamusume) umamusume horse_girl horse_ears ear_covers t-head_trainer_(umamusume) horse_tail trainer_(umamusume),同人角色专精 · 泳装/内衣 · 校园 · 单色/灰度 · 漫画/多格,https://danbooru.donmai.us/artists/1615938
1292374,lvl_(sentrythe2310),975,200,硬核R18,0.675,R18情色向画师,同人为主,男性主体,裸体/暴露/体型特征,漫画分镜,漫画/多格,fate_(series)|fate/grand_order|goddess_of_victory:_nikke,fujimaru_ritsuka_(male) artoria_pendragon_(lancer_alter)_(fate) scheherazade_(third_ascension)_(fate) fate/grand_order artoria_pendragon_(fate) rapi_(nikke) rapi_(red_hood)_(nikke) fate_(series),硬核R18 · R18情色向画师 · 裸体/暴露 · 体型特征 · 漫画分镜 · 漫画/多格,https://danbooru.donmai.us/artists/1292374
2061138,decrilus,976,200,全年龄向,0.0,综合向插画师,同人为主,群像/多人,兽耳/亚人/神话/宗教,线稿/速写,单人立绘,hololive|hololive_english|arknights,hololive_english chibi_only hololive koseki_bijou virtual_youtuber chibi takodachi_(ninomae_ina'nis) ninomae_ina'nis,综合向插画师 · 兽耳/亚人 · 神话/宗教 · 线稿/速写 · 单人立绘,https://danbooru.donmai.us/artists/2061138
1692386,nyaru_(nyaru_4126),974,200,全年龄向,0.005,综合向插画师,同人为主,群像/多人,神话/宗教/女仆/侍女,漫画分镜/单色/灰度,漫画/多格,blue_archive|haishin_shoujo_no_uraaka_meikyuu|wuthering_waves,blue_archive toki_(blue_archive) halo chibi haishin_shoujo_no_uraaka_meikyuu justice_task_force_member_(blue_archive) psyche_riiru red_halo,综合向插画师 · 神话/宗教 · 女仆/侍女 · 漫画分镜 · 漫画/多格,https://danbooru.donmai.us/artists/1692386
1571586,boppin,974,200,情色向,0.4,传统手绘媒介,同人为主,女性主体,裸体/暴露/手足/局部,传统绘画,姿势/动态,blue_archive|indie_virtual_youtuber|umamusume,loli cleft_of_venus soles uncensored toes feet paw_print_soles pussy,情色向 · 传统手绘媒介 · 裸体/暴露 · 手足/局部 · 传统绘画 · 姿势/动态,https://danbooru.donmai.us/artists/1571586
1643988,u_u_zan,974,200,全年龄向,0.0,同人角色专精,同人为主,群像/多人,和风/音乐/偶像,,差分/变体,touhou|touhou_gensou_eclipse|weiss_schwarz,touhou_gensou_eclipse transparent_background touhou adapted_costume obijime platform_sandals fold-over_boots okobo,同人角色专精 · 和风 · 音乐/偶像 · 差分/变体 · 同人为主,https://danbooru.donmai.us/artists/1643988
1395369,m_k,973,200,硬核R18,0.91,百合专精,原创为主,双人/CP,裸体/暴露/体型特征,,姿势/动态,vocaloid|sousou_no_frieren|pokemon,kei_(m_k) rika_(m_k) futa_with_female futanari tomboy tall_female hands_on_another's_thighs size_difference,硬核R18 · 百合专精 · 裸体/暴露 · 体型特征 · 姿势/动态 · 原创为主,https://danbooru.donmai.us/artists/1395369
1577940,fuji_(pixiv24804665),973,200,轻度色气,0.325,传统手绘媒介,同人为主,女性主体,裸体/暴露/泳装/内衣,线稿/速写/素描/炭笔,姿势/动态,kantai_collection|azur_lane|c2_kikan,kantai_collection sketch kasumi_(kancolle) kasumi_kai_ni_(kancolle) jervis_(kancolle) asashio_(kancolle) ooi_(kancolle) censored,传统手绘媒介 · 裸体/暴露 · 泳装/内衣 · 线稿/速写 · 姿势/动态,https://danbooru.donmai.us/artists/1577940
578970,yume_no_owari,973,200,全年龄向,0.0,漫画/剧情向,同人为主,群像/多人,校园/制服/职场,漫画分镜,漫画/多格,kantai_collection|idolmaster|gakuen_idolmaster,kantai_collection sazanami_(kancolle) kitakami_kai_ni_(kancolle) admiral_(kancolle) shigure_kai_ni_(kancolle) yuudachi_kai_ni_(kancolle) yuudachi_(kancolle) shigure_(kancolle),漫画/剧情向 · 校园 · 制服/职场 · 漫画分镜 · 漫画/多格,https://danbooru.donmai.us/artists/578970
505524,aono3,973,200,全年龄向,0.0,综合向插画师,同人为主,群像/多人,军事/枪械/制服/职场,线稿/速写/漫画分镜,设定/图解,girls_und_panzer|hololive|touhou,girls_und_panzer anchovy_(girls_und_panzer) darjeeling_(girls_und_panzer) anzio_school_uniform emblem takebe_saori st._gloriana's_military_uniform twin_drills,综合向插画师 · 军事/枪械 · 制服/职场 · 线稿/速写 · 设定/图解,https://danbooru.donmai.us/artists/505524
1608893,chengongzi123,971,200,全年龄向,0.015,BL/腐向专精,同人为主,男性主体,BL/腐向/体育/运动,单色/灰度/漫画分镜,场景插画,haikyuu!!|slam_dunk_(series)|sanrio,haikyuu!! kogure_kiminobu slam_dunk_(series) bokuto_koutarou akaashi_keiji very_short_hair akagi_takenori mitsui_hisashi,BL/腐向专精 · BL/腐向 · 体育/运动 · 单色/灰度 · 场景插画,https://danbooru.donmai.us/artists/1608893
7725,shirow_masamune,973,200,情色向,0.43,机甲/军事题材,同人为主,群像/多人,军事/枪械/科幻/机甲,3D/渲染,姿势/动态,comic_anthurium|w_tails_cat|galgrease,cyril_brooklyn comic_anthurium w_tails_cat galgrease marina_hayami greaseberries hyakkisyo_shion oiled,情色向 · 机甲/军事题材 · 军事/枪械 · 科幻/机甲 · 3D/渲染 · 姿势/动态,https://danbooru.donmai.us/artists/7725
1244233,syuri22,970,200,全年龄向,0.0,综合向插画师,同人为主,群像/多人,校园/军事/枪械,漫画分镜/单色/灰度,俯视/仰视,touhou|honkai:_star_rail|honkai_(series),toyosatomimi_no_miko touhou wanikabe_tokia_(syuri22) amazumi_kanade_(syuri22) pointy_hair kurokoma_saki earmuffs a-one,综合向插画师 · 校园 · 军事/枪械 · 漫画分镜 · 俯视/仰视,https://danbooru.donmai.us/artists/1244233
1583879,himeyamato,970,200,全年龄向,0.005,日常/治愈系,同人为主,群像/多人,和风/体型特征,特效/后期,差分/变体,kantai_collection|goddess_of_victory:_nikke|gundam,yamato_(kancolle) kantai_collection iowa_(kancolle) cherry_blossoms star-shaped_pupils headgear yamato_kai_ni_(kancolle) hair_intakes,日常/治愈系 · 和风 · 体型特征 · 特效/后期 · 差分/变体,https://danbooru.donmai.us/artists/1583879
1762630,chai_(drawingchisanne),968,200,全年龄向,0.0,场景/背景插画师,原创为主,非人物/静物,日常/治愈/兽耳/亚人,漫画分镜,漫画/多格,,undersized_animal food_focus food-themed_creature no_humans cat on_food shirokuma-san_(drawingchisanne) cats_are_liquid,场景/背景插画师 · 日常/治愈 · 兽耳/亚人 · 漫画分镜 · 漫画/多格,https://danbooru.donmai.us/artists/1762630
692232,ishii_hisao,969,200,全年龄向,0.0,传统手绘媒介,同人为主,群像/多人,校园/军事/枪械,赛璐璐/平涂/单色/灰度,肖像/半身,kantai_collection|watashi_ga_koibito_ni_nareru_wake_naijan_murimuri!|final_fantasy,watashi_ga_koibito_ni_nareru_wake_naijan_murimuri! anime_coloring amaori_renako ashigaya_high_school_uniform 16bit_sensation sena_ajisai suzuya_(kancolle) yamada_touya,传统手绘媒介 · 校园 · 军事/枪械 · 赛璐璐/平涂 · 肖像/半身,https://danbooru.donmai.us/artists/692232
390909,redrop,969,200,全年龄向,0.0,同人角色专精,同人为主,群像/多人,军事/枪械/体型特征,漫画分镜/单色/灰度,单人立绘,fate_(series)|fate/grand_order|indie_virtual_youtuber,kama_(fate) kama_(teenager)_(fate) fate/grand_order cerejeira_elron fate_(series) kama_(young)_(fate) kama_(adult)_(fate) lotus,同人角色专精 · 军事/枪械 · 体型特征 · 漫画分镜 · 单人立绘,https://danbooru.donmai.us/artists/390909
1604175,shigino_sohuzi,966,200,全年龄向,0.115,综合向插画师,同人为主,群像/多人,体育/运动/泳装/内衣,,差分/变体,umamusume|kantai_collection|umamusume:_cinderella_gray,sports_bikini umamusume horse_girl horse_tail horse_ears track_uniform ear_covers yellow_buruma,综合向插画师 · 体育/运动 · 泳装/内衣 · 差分/变体 · 同人为主,https://danbooru.donmai.us/artists/1604175
636892,yaomai,968,200,硬核R18,0.99,日常/治愈系,同人为主,男性主体,裸体/暴露/日常/治愈,特效/后期/漫画分镜,姿势/动态,senran_kagura|blazblue|xblaze,es_(xblaze) xblaze holding_another's_legs choujigen_game_neptune blazblue neptune_(series) senran_kagura mosaic_censoring,硬核R18 · 日常/治愈系 · 裸体/暴露 · 日常/治愈 · 特效/后期 · 姿势/动态,https://danbooru.donmai.us/artists/636892
1285992,shibasaki_shouji,968,200,轻度色气,0.19,百合专精,原创/同人混合,双人/CP,裸体/暴露/校园,单色/灰度/漫画分镜,漫画/多格,bang_dream!|bang_dream!_girls_band_party!|umamusume,bang_dream!_girls_band_party! bang_dream! daiwa_scarlet_(umamusume) umamusume horse_girl horse_ears okusawa_misaki hikawa_sayo,百合专精 · 裸体/暴露 · 校园 · 单色/灰度 · 漫画/多格,https://danbooru.donmai.us/artists/1285992
534280,mignon,965,200,轻度色气,0.13,原创角色设计师,原创为主,男性主体,泳装/内衣/裸体/暴露,漫画分镜,肖像/半身,otome_sekai_no_arukikata|love_live!|love_live!_hasu_no_sora_jogakuin_school_idol_club,ichigo_(mignon) shiro_(mignon) hikikomori-chan_(mignon) nanami_(mignon) sarah_(mignon) strawberry_hair_ornament otome_sekai_no_arukikata ame_(mignon),原创角色设计师 · 泳装/内衣 · 裸体/暴露 · 漫画分镜 · 肖像/半身,https://danbooru.donmai.us/artists/534280
395181,na-ga,967,200,全年龄向,0.005,原创角色设计师,原创为主,双人/CP,校园/自然/风景,赛璐璐/平涂/光影/氛围,俯视/仰视,summer_pockets|anemoi|prima_doll_(anime),summer_pockets naruse_shiroha kushima_kamome anemoi prima_doll_(anime) tsujikura_spica katou_umi angel_beats!,原创角色设计师 · 校园 · 自然/风景 · 赛璐璐/平涂 · 俯视/仰视,https://danbooru.donmai.us/artists/395181
417439,yukataro,965,200,轻度色气,0.15,单色线稿派,同人为主,群像/多人,科幻/机甲/裸体/暴露,单色/灰度/漫画分镜,漫画/多格,arknights|gundam|touhou,kroos_(arknights) kroos_the_keen_glint_(arknights) mr._nothing_(arknights) gunparade_march mori_seika spica_(yukataro) arknights manuba_(yukataro),单色线稿派 · 科幻/机甲 · 裸体/暴露 · 单色/灰度 · 漫画/多格,https://danbooru.donmai.us/artists/417439
1757820,oroborus,963,200,轻度色气,0.06,综合向插画师,同人为主,女性主体,体型特征/泳装/内衣,,俯视/仰视,boku_no_hero_academia|sousou_no_frieren|chainsaw_man,patreon_logo patreon_username web_address huge_ass steaming_body blurry_background boku_no_hero_academia ass_focus,综合向插画师 · 体型特征 · 泳装/内衣 · 俯视/仰视 · 同人为主,https://danbooru.donmai.us/artists/1757820
2101107,nanami_(nunnun_0410),965,200,全年龄向,0.035,百合专精,同人为主,群像/多人,百合/GL/兽耳/亚人,单色/灰度/漫画分镜,漫画/多格,bang_dream!|bang_dream!_it's_mygo!!!!!|arknights,yahata_umiri shiina_taki bang_dream!_it's_mygo!!!!! bang_dream! hanasakigawa_school_uniform marshmallow_(site) timoris_(bang_dream!) request_inset,百合专精 · 百合/GL · 兽耳/亚人 · 单色/灰度 · 漫画/多格,https://danbooru.donmai.us/artists/2101107
880369,monety,963,200,轻度色气,0.23,传统手绘媒介,同人为主,男性主体,制服/职场/裸体/暴露,传统绘画/漫画分镜,俯视/仰视,touhou|boku_to_nurse_no_kenshuu_nisshi|kiss_kara_hajimaru_gyaru_no_koi,akagi_mio boku_to_nurse_no_kenshuu_nisshi shirosawa_takuya shikishi touhou hiiragi_kurumi kiss_kara_hajimaru_gyaru_no_koi nurse,传统手绘媒介 · 制服/职场 · 裸体/暴露 · 传统绘画 · 俯视/仰视,https://danbooru.donmai.us/artists/880369
377252,azasuke,962,200,硬核R18,0.595,R18情色向画师,同人为主,群像/多人,裸体/暴露/军事/枪械,,姿势/动态,black_lagoon|ano_hi_mita_hana_no_namae_wo_bokutachi_wa_mada_shiranai.|genshin_impact,black_lagoon revy_(black_lagoon) anjou_naruko tribal_tattoo ano_hi_mita_hana_no_namae_wo_bokutachi_wa_mada_shiranai. male_pubic_hair tetsuwan_birdy pubic_hair,硬核R18 · R18情色向画师 · 裸体/暴露 · 军事/枪械 · 姿势/动态 · 同人为主,https://danbooru.donmai.us/artists/377252
111123,yoshizaki_mine,960,200,全年龄向,0.0,机甲/军事题材,同人为主,群像/多人,军事/枪械/科幻/机甲,,姿势/动态,keroro_gunsou|kemono_friends|kemono_friends_3,keroro keroro_gunsou tamama giroro frog kururu_(keroro_gunsou) dororo_(keroro_gunsou) alien,机甲/军事题材 · 军事/枪械 · 科幻/机甲 · 姿势/动态 · 同人为主,https://danbooru.donmai.us/artists/111123
670997,at2.,962,200,全年龄向,0.0,漫画/剧情向,同人为主,男性主体,战斗/动作/BL/腐向,漫画分镜,漫画/多格,goth_girl_and_the_jock|goddess_of_victory:_nikke|twitter,goth_girl_and_the_jock ophelia_(merryweather) tyler_(merryweather) tiffy_(merryweather) talking 3koma comic bullying,漫画/剧情向 · 战斗/动作 · BL/腐向 · 漫画分镜 · 漫画/多格,https://danbooru.donmai.us/artists/670997
1408507,yaneko_uta,964,200,硬核R18,0.695,R18情色向画师,同人为主,群像/多人,裸体/暴露/校园,漫画分镜/单色/灰度,姿势/动态,idolmaster|idolmaster_cinderella_girls|blue_archive,tachibana_arisu idolmaster_cinderella_girls idolmaster loli sakurai_momoka restrained tickling sasaki_chie,硬核R18 · R18情色向画师 · 裸体/暴露 · 校园 · 漫画分镜 · 姿势/动态,https://danbooru.donmai.us/artists/1408507
1467924,ryusei_hashida,962,200,轻度色气,0.0,原创角色设计师,原创为主,群像/多人,体型特征/泳装/内衣,,姿势/动态,indie_virtual_youtuber|sousou_no_frieren|ranma_1/2,veiny_thighs veiny_breasts florida-chan_(ryusei_hashida) florida_bikini mofu_mofuko_(ryusei_hashida) veins miami-chan_(ryusei_hashida) upside-down_bikini_top,原创角色设计师 · 体型特征 · 泳装/内衣 · 姿势/动态 · 原创为主,https://danbooru.donmai.us/artists/1467924
1507212,eonsang,960,200,硬核R18,0.65,单色线稿派,同人为主,男性主体,裸体/暴露/体型特征,单色/灰度/漫画分镜,漫画/多格,girls'_frontline|girls'_frontline_2:_exilium|girls'_frontline_neural_cloud,girls'_frontline girls'_frontline_2:_exilium korean_text kalina_(girls'_frontline) lewis_(girls'_frontline) lewis_(girls'_frontline_2) bar_censor aa-12_(girls'_frontline),硬核R18 · 单色线稿派 · 裸体/暴露 · 体型特征 · 单色/灰度 · 漫画/多格,https://danbooru.donmai.us/artists/1507212
2001109,shimouki_izui,961,200,情色向,0.4,百合专精,同人为主,群像/多人,裸体/暴露/泳装/内衣,漫画分镜,漫画/多格,fate_(series)|fate/grand_order|yu-gi-oh!,sakuya_(sister_princess) tabatha_(deep_one) mtu_virus sister_princess kishinami_hakuno_(female) kaho_(sister_princess) deep_one_kyomu_to_mugen_no_fragment spreader_bar,情色向 · 百合专精 · 裸体/暴露 · 泳装/内衣 · 漫画分镜 · 漫画/多格,https://danbooru.donmai.us/artists/2001109
575363,ke-ta,958,200,情色向,0.42,日常/治愈系,同人为主,群像/多人,裸体/暴露/日常/治愈,,姿势/动态,touhou|wily_beast_and_weakest_creature|comic_lo,touhou uncensored nipples mob_cap white_bloomers pussy dakimakura_(medium) bloomers,情色向 · 日常/治愈系 · 裸体/暴露 · 日常/治愈 · 姿势/动态 · 同人为主,https://danbooru.donmai.us/artists/575363
1663959,melowh,958,200,情色向,0.09,综合向插画师,同人为主,女性主体,裸体/暴露/手足/局部,漫画分镜,俯视/仰视,kono_subarashii_sekai_ni_shukufuku_wo!|boku_no_hero_academia|zenless_zone_zero,ankle artist_name kono_subarashii_sekai_ni_shukufuku_wo! rebecca_(cyberpunk) alternate_breast_size_(larger) cyberpunk:_edgerunners_1 cyberpunk:_edgerunners boku_no_hero_academia,情色向 · 综合向插画师 · 裸体/暴露 · 手足/局部 · 漫画分镜 · 俯视/仰视,https://danbooru.donmai.us/artists/1663959
1569429,nekoya_(liu),956,200,全年龄向,0.005,日常/治愈系,同人为主,群像/多人,神话/宗教/兽耳/亚人,漫画分镜,漫画/多格,blue_archive|wuthering_waves|girls'_frontline,hina_(blue_archive) blue_archive black_halo sensei_(blue_archive) halo purple_halo doodle_sensei_(blue_archive) multiple_horns,日常/治愈系 · 神话/宗教 · 兽耳/亚人 · 漫画分镜 · 漫画/多格,https://danbooru.donmai.us/artists/1569429
1503695,menotama,956,200,全年龄向,0.01,单色线稿派,同人为主,群像/多人,兽耳/亚人/和风,单色/灰度/漫画分镜,差分/变体,touhou|foul_detective_satori|pokemon,touhou eyeball disembodied_linked_eye komeiji_satori komeiji_koishi ribbon-trimmed_collar heart_button heart_of_string,单色线稿派 · 兽耳/亚人 · 和风 · 单色/灰度 · 差分/变体,https://danbooru.donmai.us/artists/1503695
1463509,ateoyh,956,200,硬核R18,0.845,R18情色向画师,同人为主,男性主体,裸体/暴露/手足/局部,特效/后期,姿势/动态,wuthering_waves|blue_archive|arknights,wuthering_waves hsin_(wuthering_waves) rover_(wuthering_waves) male_rover_(wuthering_waves) clitoral_hood forehead_tattoo tacet_mark_(wuthering_waves) pussy,硬核R18 · R18情色向画师 · 裸体/暴露 · 手足/局部 · 特效/后期 · 姿势/动态,https://danbooru.donmai.us/artists/1463509
565435,aikawa_ryou,955,200,轻度色气,0.3,综合向插画师,同人为主,群像/多人,裸体/暴露/体型特征,漫画分镜,姿势/动态,to_love-ru|precure|meitantei_precure!,to_love-ru principal_(to_love-ru) nana_asta_deviluke yuuki_mikan momo_velia_deviluke konjiki_no_yami yuruyuri minamino_tsubasa,综合向插画师 · 裸体/暴露 · 体型特征 · 漫画分镜 · 姿势/动态,https://danbooru.donmai.us/artists/565435
1237942,kou_mashiro,954,200,全年龄向,0.0,兽耳/亚人专精,同人为主,群像/多人,兽耳/亚人/泳装/内衣,,差分/变体,hololive|code_geass|fate_(series),omaru_polka pink_streaks zain_(omaru_polka) omaru_polka_(1st_costume) hololive black_streaks club_hair_ornament spade_hair_ornament,兽耳/亚人专精 · 兽耳/亚人 · 泳装/内衣 · 差分/变体 · 同人为主,https://danbooru.donmai.us/artists/1237942
1735647,cad_(caddo),958,200,情色向,0.22,R18情色向画师,同人为主,双人/CP,制服/职场/裸体/暴露,单色/灰度,姿势/动态,fate_(series)|fate/grand_order|idolmaster,gagged gag shibari bondage tape_gag improvised_gag bdsm tape,情色向 · R18情色向画师 · 制服/职场 · 裸体/暴露 · 单色/灰度 · 姿势/动态,https://danbooru.donmai.us/artists/1735647
2651389,sumesi_(iwasi_29),957,200,全年龄向,0.0,场景/背景插画师,同人为主,非人物/静物,兽人/furry/自然/风景,,单人立绘,pokemon|cult_of_the_lamb|tamagotchi,pokemon_focus pokemon_(creature) no_humans pokemon shiny_pokemon animal_focus twitter_username espeon,场景/背景插画师 · 兽人/furry · 自然/风景 · 单人立绘 · 同人为主,https://danbooru.donmai.us/artists/2651389
563449,saru,954,200,全年龄向,0.0,机甲/军事题材,同人为主,群像/多人,军事/枪械/神话/宗教,线稿/速写,单人立绘,girls'_frontline|blue_archive|azur_lane,fairy_(girls'_frontline) girls'_frontline transparent_background |_| brown_dress blush_stickers brown_sailor_collar chibi,机甲/军事题材 · 军事/枪械 · 神话/宗教 · 线稿/速写 · 单人立绘,https://danbooru.donmai.us/artists/563449
696105,aki99,954,200,硬核R18,0.615,日常/治愈系,同人为主,群像/多人,裸体/暴露/日常/治愈,漫画分镜,姿势/动态,fate/kaleid_liner_prisma_illya|fate_(series)|mushoku_tensei,chloe_von_einzbern fate/kaleid_liner_prisma_illya illyasviel_von_einzbern rudeus_greyrat eris_greyrat clitoral_hood kodomo_doushi loli,硬核R18 · 日常/治愈系 · 裸体/暴露 · 日常/治愈 · 漫画分镜 · 姿势/动态,https://danbooru.donmai.us/artists/696105
467498,sakino_shingetsu,953,200,全年龄向,0.0,兽耳/亚人专精,同人为主,男性主体,兽耳/亚人/音乐/偶像,单色/灰度/特效/后期,肖像/半身,hololive|touhou|marasy,marasy hololive marashii inugami_korone inugami_korone_(1st_costume) virtual_youtuber album_name bone_hair_ornament,兽耳/亚人专精 · 兽耳/亚人 · 音乐/偶像 · 单色/灰度 · 肖像/半身,https://danbooru.donmai.us/artists/467498
1514664,omone_hokoma_agm,954,200,情色向,0.25,综合向插画师,同人为主,群像/多人,裸体/暴露/手足/局部,,俯视/仰视,arknights|blue_archive|genshin_impact,arknights kal'tsit_(arknights) rio_(blue_archive) dusk_(arknights) wuthering_waves blue_archive raiden_shogun genshin_impact,情色向 · 综合向插画师 · 裸体/暴露 · 手足/局部 · 俯视/仰视 · 同人为主,https://danbooru.donmai.us/artists/1514664
2468849,junkzero,952,200,全年龄向,0.0,原创角色设计师,原创为主,男性主体,制服/职场/科幻/机甲,漫画分镜,漫画/多格,guardians_of_the_galaxy|marvel,segmented_comic enya_(junkzero) meg_(junkzero) full_page_comic talking monster_girl akumei_(junkzero) dullahan,原创角色设计师 · 制服/职场 · 科幻/机甲 · 漫画分镜 · 漫画/多格,https://danbooru.donmai.us/artists/2468849
741828,kishida_shiki,952,200,全年龄向,0.005,传统手绘媒介,原创/同人混合,群像/多人,奇幻/魔法/军事/枪械,单色/灰度/漫画分镜,设定/图解,kemono_friends|kemono_friends_3|kemono_friends_v_project,kemono_friends kemono_friends_3 smilodon_(kemono_friends) kemono_friends_v_project artist_logo coelacanth_(kemono_friends) extra_ears woolly_mammoth_(kemono_friends),传统手绘媒介 · 奇幻/魔法 · 军事/枪械 · 单色/灰度 · 设定/图解,https://danbooru.donmai.us/artists/741828
377589,mitsumi_misato,951,200,全年龄向,0.005,综合向插画师,同人为主,群像/多人,泳装/内衣/自然/风景,,姿势/动态,to_heart_(series)|to_heart_2|utawarerumono_(series),to_heart_2 to_heart_(series) utawarerumono_(series) yuzuhara_konomi 16bit_sensation utawarerumono:_itsuwari_no_kamen dungeon_travelers_2 silfa_(to_heart),综合向插画师 · 泳装/内衣 · 自然/风景 · 姿势/动态 · 同人为主,https://danbooru.donmai.us/artists/377589
1162586,shin_(new),950,200,情色向,0.315,同人角色专精,同人为主,群像/多人,裸体/暴露/泳装/内衣,线稿/速写/漫画分镜,姿势/动态,kantai_collection|voiceroid|vocaloid,kantai_collection johnston_(kancolle) enemy_naval_mine_(kancolle) rensouhou-chan fletcher_(kancolle) abyssal_ship inagi_(kancolle) micro_bikini,情色向 · 同人角色专精 · 裸体/暴露 · 泳装/内衣 · 线稿/速写 · 姿势/动态,https://danbooru.donmai.us/artists/1162586
1541004,siu_(siu0207),952,200,硬核R18,0.955,R18情色向画师,同人为主,群像/多人,裸体/暴露/体型特征,特效/后期,姿势/动态,azur_lane|goddess_of_victory:_nikke|wuthering_waves,interracial nipple_piercing nipple_bar very_dark_skin barbell_piercing dark-skinned_male navel_piercing azur_lane,硬核R18 · R18情色向画师 · 裸体/暴露 · 体型特征 · 特效/后期 · 姿势/动态,https://danbooru.donmai.us/artists/1541004
588070,kara_(color),948,200,轻度色气,0.025,综合向插画师,同人为主,群像/多人,泳装/内衣/裸体/暴露,单色/灰度/漫画分镜,俯视/仰视,idolmaster|idolmaster_cinderella_girls|final_fantasy,idolmaster_cinderella_girls idolmaster saga romancing_saga_2 border_break senkawa_chihiro final_fantasy_tactics final_fantasy,综合向插画师 · 泳装/内衣 · 裸体/暴露 · 单色/灰度 · 俯视/仰视,https://danbooru.donmai.us/artists/588070
1227031,marugoshi_(54burger),950,200,硬核R18,0.735,R18情色向画师,同人为主,群像/多人,裸体/暴露/泳装/内衣,漫画分镜/单色/灰度,姿势/动态,blue_archive|idolmaster|zenless_zone_zero,wise_(zenless_zone_zero) bar_censor hetero idolmaster blue_archive zenless_zone_zero penis nipples,硬核R18 · R18情色向画师 · 裸体/暴露 · 泳装/内衣 · 漫画分镜 · 姿势/动态,https://danbooru.donmai.us/artists/1227031
1650868,hibiki_(zerocodo),949,200,全年龄向,0.0,综合向插画师,同人为主,女性主体,校园/日常/治愈,漫画分镜/线稿/速写,漫画/多格,umamusume|kantai_collection|gundam,umamusume manhattan_cafe_(umamusume) tracen_school_uniform horse_girl horse_ears trainer_(umamusume) full_page_comic summer_uniform,综合向插画师 · 校园 · 日常/治愈 · 漫画分镜 · 漫画/多格,https://danbooru.donmai.us/artists/1650868
1589234,gaou_(umaiyo_puyoman),950,200,全年龄向,0.01,综合向插画师,同人为主,男性主体,军事/枪械/泳装/内衣,,俯视/仰视,grimms_notes|hololive|guild_no_uketsukejou_desu_ga_zangyou_wa_iya_nanode_boss_wo_solo_toubatsu_shiyou_to_omoimasu,grimms_notes minato_aqua alina_clover guild_no_uketsukejou_desu_ga_zangyou_wa_iya_nanode_boss_wo_solo_toubatsu_shiyou_to_omoimasu girls_creation hololive rem_(re:zero) re:zero_kara_hajimeru_isekai_seikatsu,综合向插画师 · 军事/枪械 · 泳装/内衣 · 俯视/仰视 · 同人为主,https://danbooru.donmai.us/artists/1589234
1574712,genyaky,946,200,全年龄向,0.0,百合专精,同人为主,群像/多人,兽耳/亚人/手足/局部,线稿/速写/素描/炭笔,俯视/仰视,genshin_impact|yu-gi-oh!|granblue_fantasy,duel_monster yu-gi-oh! genshin_impact signature granblue_fantasy dehya_(genshin_impact) aketa_mikoto furfur_(action_taimanin),百合专精 · 兽耳/亚人 · 手足/局部 · 线稿/速写 · 俯视/仰视,https://danbooru.donmai.us/artists/1574712
1302441,shiratama_(shiratamaco),945,200,全年龄向,0.05,原创角色设计师,原创为主,群像/多人,兽耳/亚人/自然/风景,,姿势/动态,hoshizora_tetsudou_to_shiro_no_tabi|amairo_chocolata|comiket_103,hoshizora_tetsudou_to_shiro_no_tabi amairo_chocolata misono_ichika karuha_(hoshishiro) noir_(hoshishiro) neri_(hoshishiro) dakimakura_(medium) wa_maid,原创角色设计师 · 兽耳/亚人 · 自然/风景 · 姿势/动态 · 原创为主,https://danbooru.donmai.us/artists/1302441
658442,tsukumo_kazuita,950,200,硬核R18,0.805,奇幻/魔法题材,同人为主,群像/多人,裸体/暴露/奇幻/魔法,特效/后期,俯视/仰视,nerawareta_megami_tenshi_angel_tear,nerawareta_megami_tenshi_angel_tear maishima_yuri angel_tear shizumi_suzune rape holy_rouge kurasawa_anzu ugly_bastard,硬核R18 · 奇幻/魔法题材 · 裸体/暴露 · 奇幻/魔法 · 特效/后期 · 俯视/仰视,https://danbooru.donmai.us/artists/658442
585038,i.u.y,944,200,全年龄向,0.0,综合向插画师,同人为主,群像/多人,兽耳/亚人/角色扮演/异装,线稿/速写/素描/炭笔,肖像/半身,toaru_majutsu_no_index|toaru_majutsu_no_index:_new_testament|armored_core,toaru_majutsu_no_index:_new_testament misaka_worst toaru_majutsu_no_index kuroyoru_umidori vietnamese_clothes ao_dai kinuhata_saiai allmind_(armored_core_vi),综合向插画师 · 兽耳/亚人 · 角色扮演/异装 · 线稿/速写 · 肖像/半身,https://danbooru.donmai.us/artists/585038
1594390,pataneet,943,200,全年龄向,0.0,同人角色专精,同人为主,女性主体,泳装/内衣/校园,单色/灰度,差分/变体,umamusume|idolmaster|idolmaster_cinderella_girls,umamusume horse_girl horse_ears horse_tail ear_covers nontraditional_playboy_bunny ear_ornament admire_groove_(umamusume),同人角色专精 · 泳装/内衣 · 校园 · 单色/灰度 · 差分/变体,https://danbooru.donmai.us/artists/1594390
389103,hamao,947,200,情色向,0.155,单色线稿派,原创/同人混合,群像/多人,裸体/暴露/校园,单色/灰度/线稿/速写,设定/图解,idolmaster|gakuen_idolmaster|idolmaster_cinderella_girls,comic_kairakuten idolmaster artist_logo gakuen_idolmaster idolmaster_cinderella_girls female_pubic_hair kobayakawa_sae kuramoto_china,情色向 · 单色线稿派 · 裸体/暴露 · 校园 · 单色/灰度 · 设定/图解,https://danbooru.donmai.us/artists/389103
265290,kusanagi_tonbo,943,200,情色向,0.12,综合向插画师,原创/同人混合,群像/多人,裸体/暴露/军事/枪械,单色/灰度/漫画分镜,肖像/半身,kantai_collection|kagaminomachi_no_kaguya|real_life,soraco-chan_(kusanagi_tonbo) mitsuru-kun_(kusanagi_tonbo) kantai_collection kagaminomachi_no_kaguya kaguya_(kagaminomachi_no_kaguya) iowa_(kancolle) headgear rigging,情色向 · 综合向插画师 · 裸体/暴露 · 军事/枪械 · 单色/灰度 · 肖像/半身,https://danbooru.donmai.us/artists/265290
389869,chado,943,200,全年龄向,0.155,单色线稿派,同人为主,群像/多人,裸体/暴露/战斗/动作,单色/灰度/漫画分镜,漫画/多格,touhou|love_live!|hololive,hijiri_byakuren murasa_minamitsu touhou kumoi_ichirin toramaru_shou sailor_hat love_live! greyscale,单色线稿派 · 裸体/暴露 · 战斗/动作 · 单色/灰度 · 漫画/多格,https://danbooru.donmai.us/artists/389869
1622043,sooon,941,200,轻度色气,0.215,综合向插画师,原创/同人混合,男性主体,裸体/暴露/泳装/内衣,漫画分镜,差分/变体,nijisanji|honkai_(series)|honkai:_star_rail,saeki_misaki furen_e_lustario nijisanji twitter_username shizuka_rin virtual_youtuber hoshikawa_sara watermark,综合向插画师 · 裸体/暴露 · 泳装/内衣 · 漫画分镜 · 差分/变体,https://danbooru.donmai.us/artists/1622043
653423,komaku_juushoku,941,200,全年龄向,0.0,漫画/剧情向,同人为主,群像/多人,兽耳/亚人/战斗/动作,单色/灰度/漫画分镜,漫画/多格,touhou|comiket_91|bishoujo_senshi_sailor_moon,touhou yakumo_ran fujiwara_no_mokou mob_cap kamishirasawa_keine yakumo_yukari aged_down kitsune,漫画/剧情向 · 兽耳/亚人 · 战斗/动作 · 单色/灰度 · 漫画/多格,https://danbooru.donmai.us/artists/653423
1282810,nassukun,939,200,硬核R18,0.5,R18情色向画师,原创/同人混合,男性主体,裸体/暴露/体型特征,单色/灰度/漫画分镜,姿势/动态,kantai_collection|pokemon|pokemon_legends:_z-a,loli kantai_collection kaiboukan_no._4_(kancolle) bar_censor watermark flat_chest baigaoji kuma_(kancolle),硬核R18 · R18情色向画师 · 裸体/暴露 · 体型特征 · 单色/灰度 · 姿势/动态,https://danbooru.donmai.us/artists/1282810
728025,mtu_(orewamuzituda),938,200,轻度色气,0.21,综合向插画师,同人为主,群像/多人,裸体/暴露/和风,特效/后期,姿势/动态,sengoku_koihime|kantai_collection|sengoku_koihime_~otome_kenran_sengoku_emaki~,maeda_matazaemon_wanko_toshie sengoku_koihime sengoku_koihime_~otome_kenran_sengoku_emaki~ sasa_kuranosuke_wakana_narimasa takigawa_hikoemon_hina_kazumasu asashio_(kancolle) kimihane_couples kantai_collection,综合向插画师 · 裸体/暴露 · 和风 · 特效/后期 · 姿势/动态,https://danbooru.donmai.us/artists/728025
642992,porforever,941,200,轻度色气,0.11,奇幻/魔法题材,原创为主,群像/多人,科幻/机甲/奇幻/魔法,漫画分镜,姿势/动态,pixel_princess_blitz|palworld|raisei_no_ryuu_tsukai,digitan_(porforever) electric_plug_tail electric_plug cable_tail mechanical_tail robot_ears android cable,奇幻/魔法题材 · 科幻/机甲 · 奇幻/魔法 · 漫画分镜 · 姿势/动态,https://danbooru.donmai.us/artists/642992
1861355,advarcher,937,200,全年龄向,0.005,机甲/军事题材,同人为主,群像/多人,军事/枪械/自然/风景,,场景插画,hololive|hololive_english|indie_virtual_youtuber,hololive_english hololive virtual_youtuber gigi_murin ouro_kronii ninomae_ina'nis irys_(hololive) shiori_novella,机甲/军事题材 · 军事/枪械 · 自然/风景 · 场景插画 · 同人为主,https://danbooru.donmai.us/artists/1861355
398619,kiyama_satoshi,937,200,情色向,0.34,综合向插画师,同人为主,双人/CP,裸体/暴露/体型特征,单色/灰度/漫画分镜,漫画/多格,indie_virtual_youtuber|kantai_collection|kikuru_(vtuber),giant_sperm_cell kuroike_momimi fujisaki_yua kikuru_(vtuber) sperm_cell komorebi_wanko virtual_youtuber colorado_(kancolle),情色向 · 综合向插画师 · 裸体/暴露 · 体型特征 · 单色/灰度 · 漫画/多格,https://danbooru.donmai.us/artists/398619
553788,yagisaka_seto,935,200,全年龄向,0.02,单色线稿派,同人为主,群像/多人,军事/枪械/眼镜,单色/灰度/漫画分镜,漫画/多格,kantai_collection|pixiv_fantasia|pixiv_fantasia_age_of_starlight,female_admiral_(kancolle) kantai_collection houshou_(kancolle) armored_aircraft_carrier_princess seto_minagi lavolpe_(yagisaka_seto) greyscale samidare_(kancolle),单色线稿派 · 军事/枪械 · 眼镜 · 单色/灰度 · 漫画/多格,https://danbooru.donmai.us/artists/553788
1518939,chaesu,937,200,全年龄向,0.005,原创角色设计师,原创为主,男性主体,奇幻/魔法/军事/枪械,单色/灰度,姿势/动态,elden_ring|fatal_fury|the_king_of_fighters,bae_minah_(chaesu) renah_(chaesu) french_braided_twintails artist_name signature tiffani_flores_(chaesu) song_chaerin_(chaesu) bow_hairband,原创角色设计师 · 奇幻/魔法 · 军事/枪械 · 单色/灰度 · 姿势/动态,https://danbooru.donmai.us/artists/1518939
699471,neki_(wakiko),933,200,全年龄向,0.0,像素/复古画师,原创/同人混合,男性主体,BL/腐向/奇幻/魔法,线稿/速写,肖像/半身,vocaloid|hololive|vspo!,yume_kawaii twitter_username dated grid_background puffy_long_sleeves tennis_no_ouji-sama 39culture vspo!,像素/复古画师 · BL/腐向 · 奇幻/魔法 · 线稿/速写 · 肖像/半身,https://danbooru.donmai.us/artists/699471
383136,gakky,931,200,全年龄向,0.0,同人角色专精,同人为主,女性主体,泳装/内衣/自然/风景,,设定/图解,kantai_collection|alice's_adventures_in_wonderland|senran_kagura,one-hour_drawing_challenge kantai_collection dated artist_name clover_background artist_logo hayashio_(kancolle) saratoga_mk_ii_(kancolle),同人角色专精 · 泳装/内衣 · 自然/风景 · 设定/图解 · 同人为主,https://danbooru.donmai.us/artists/383136
478336,torisan,932,200,情色向,0.16,综合向插画师,同人为主,群像/多人,体型特征/角色扮演/异装,单色/灰度,俯视/仰视,kantai_collection|voiceroid|vocaloid,kantai_collection shimakaze_(kancolle)_(cosplay) kashima_(kancolle) hamakaze_(kancolle) shimakaze_(kancolle) shinshuu_maru_(kancolle) atlanta_(kancolle) voiceroid,情色向 · 综合向插画师 · 体型特征 · 角色扮演/异装 · 单色/灰度 · 俯视/仰视,https://danbooru.donmai.us/artists/478336
1349663,komeshiro_kasu,931,200,全年龄向,0.015,综合向插画师,原创/同人混合,群像/多人,配饰/首饰/泳装/内衣,漫画分镜,单人立绘,nijisanji|azur_lane|melonbooks,hoshikawa_sara nijisanji avatar_2.0_project i-19_(azur_lane) hahaoya_ga_ero_light_novel_taishou_jushou_shite_jinsei_tsunda hoshikawa_sara_(1st_costume) hoshikawa_sara_(4th_costume) virtual_youtuber,综合向插画师 · 配饰/首饰 · 泳装/内衣 · 漫画分镜 · 单人立绘,https://danbooru.donmai.us/artists/1349663
242616,komatsu_eiji,931,200,轻度色气,0.0,机甲/军事题材,原创/同人混合,群像/多人,科幻/机甲/校园,线稿/速写,俯视/仰视,planetarian|gundam|golden_time,2000s_(style) hagano_ichigo planetarian ayasaka_mei hoshino_yumemi golden_time aoi_umi_no_tristia school_swimsuit,机甲/军事题材 · 科幻/机甲 · 校园 · 线稿/速写 · 俯视/仰视,https://danbooru.donmai.us/artists/242616
1279096,miuku_(marine_sapphire),933,200,轻度色气,0.205,综合向插画师,同人为主,群像/多人,裸体/暴露/泳装/内衣,单色/灰度/漫画分镜,肖像/半身,ragnarok_online|mahou_shoujo_madoka_magica|magia_record:_mahou_shoujo_madoka_magica_gaiden,ragnarok_online 2000s_(style) high_priest_(ragnarok_online) high_wizard_(ragnarok_online) magia_record:_mahou_shoujo_madoka_magica_gaiden tamaki_iroha mahou_shoujo_madoka_magica two-tone_dress,综合向插画师 · 裸体/暴露 · 泳装/内衣 · 单色/灰度 · 肖像/半身,https://danbooru.donmai.us/artists/1279096
710746,ibuki_notsu,930,200,情色向,0.39,像素/复古画师,原创/同人混合,女性主体,裸体/暴露/手足/局部,光影/氛围/单色/灰度,姿势/动态,voiceroid|blue_archive|touhou,melusine_(ibuki_notsu) voiceroid dragon_tail dragon_girl dragon_horns yuzuki_yukari elf_no_radral kizuna_akari,情色向 · 像素/复古画师 · 裸体/暴露 · 手足/局部 · 光影/氛围 · 姿势/动态,https://danbooru.donmai.us/artists/710746
561753,hitsukuya,926,200,全年龄向,0.0,综合向插画师,同人为主,群像/多人,兽耳/亚人/泳装/内衣,线稿/速写/素描/炭笔,差分/变体,indie_virtual_youtuber|hololive|hololive_english,hololive_english virtual_youtuber firefly_(honkai:_star_rail) gigi_murin indie_virtual_youtuber hololive grem_(gigi_murin) honkai:_star_rail,综合向插画师 · 兽耳/亚人 · 泳装/内衣 · 线稿/速写 · 差分/变体,https://danbooru.donmai.us/artists/561753
1425766,konbu_wakame,926,200,全年龄向,0.01,百合专精,同人为主,群像/多人,女仆/侍女/泳装/内衣,单色/灰度/漫画分镜,漫画/多格,saikin_yatotta_maid_ga_ayashii|jahy-sama_wa_kujikenai!|sekai_de_ichiban_oppai_ga_suki!,saikin_yatotta_maid_ga_ayashii lilith_(saikin_yatotta_maid_ga_ayashii) jahy-sama_wa_kujikenai! jahy yuuri_(saikin_yatotta_maid_ga_ayashii) sekai_de_ichiban_oppai_ga_suki! harumi_hana ichihara_chiaki,百合专精 · 女仆/侍女 · 泳装/内衣 · 单色/灰度 · 漫画/多格,https://danbooru.donmai.us/artists/1425766
637978,kuzuryuu_kennosuke,929,200,情色向,0.035,同人角色专精,同人为主,群像/多人,泳装/内衣/制服/职场,线稿/速写/素描/炭笔,俯视/仰视,girls_und_panzer|bishoujo_senshi_sailor_moon|girls_und_panzer_saishuushou,girls_und_panzer darjeeling_(girls_und_panzer) nishizumi_maho vanilla_(girls_und_panzer) nonna_(girls_und_panzer) nishizumi_shiho st._gloriana's_military_uniform kuromorimine_military_uniform,情色向 · 同人角色专精 · 泳装/内衣 · 制服/职场 · 线稿/速写 · 俯视/仰视,https://danbooru.donmai.us/artists/637978
1841466,yuki00yo,928,200,全年龄向,0.0,场景/背景插画师,原创为主,非人物/静物,兽人/furry/日常/治愈,,设定/图解,pokemon|doraemon|mcdonald's,food_name food_focus artist_logo character-themed_food no_humans still_life logo pokemon_(creature),场景/背景插画师 · 兽人/furry · 日常/治愈 · 设定/图解 · 原创为主,https://danbooru.donmai.us/artists/1841466
585282,herada_mitsuru,925,200,全年龄向,0.0,漫画/剧情向,同人为主,群像/多人,兽耳/亚人/校园,漫画分镜/单色/灰度,漫画/多格,gakuen_idolmaster|idolmaster|touhou,kuramoto_china gakuen_idolmaster +++ comedic_sweatdrop pac-man_eyes xd notice_lines 0_0,漫画/剧情向 · 兽耳/亚人 · 校园 · 漫画分镜 · 漫画/多格,https://danbooru.donmai.us/artists/585282
705880,otohime_(youngest_princess),925,200,硬核R18,0.745,传统手绘媒介,原创为主,男性主体,裸体/暴露/体型特征,线稿/速写/素描/炭笔,姿势/动态,futari_wa_precure|precure,loli sketch mosaic_censoring hetero erection penis oral censored,硬核R18 · 传统手绘媒介 · 裸体/暴露 · 体型特征 · 线稿/速写 · 姿势/动态,https://danbooru.donmai.us/artists/705880
1756365,pako_(pakosun),925,200,全年龄向,0.0,综合向插画师,同人为主,男性主体,和风/BL/腐向,单色/灰度/特效/后期,俯视/仰视,occultic;nine|science_adventure|fate/grand_order,occultic;nine science_adventure gamon_yuuta narusawa_ryouka kondou_isami_(fate) kurenaino_aria aikawa_miyuu sumikaze_touko,综合向插画师 · 和风 · BL/腐向 · 单色/灰度 · 俯视/仰视,https://danbooru.donmai.us/artists/1756365
1034385,cuboon,926,200,全年龄向,0.025,综合向插画师,同人为主,男性主体,军事/枪械/自然/风景,单色/灰度/漫画分镜,设定/图解,evertale|fire_emblem|fire_emblem_heroes,evertale fire_emblem_heroes fire_emblem ludmilla_(evertale) copyright_notice bernadetta_von_varley_(summer) goldmary_(summer)_(fire_emblem) king_arthur_(evertale),综合向插画师 · 军事/枪械 · 自然/风景 · 单色/灰度 · 设定/图解,https://danbooru.donmai.us/artists/1034385
433426,urin,925,200,轻度色气,0.165,综合向插画师,同人为主,群像/多人,校园/裸体/暴露,单色/灰度/漫画分镜,单人立绘,touhou|hikage_monogatari|blue_archive,hikage_monogatari jimiko tsuchiya_shizuku touhou mojyo amamiya_yumi honda_neneko miura_chinami,综合向插画师 · 校园 · 裸体/暴露 · 单色/灰度 · 单人立绘,https://danbooru.donmai.us/artists/433426
414252,momio,925,200,轻度色气,0.15,综合向插画师,同人为主,女性主体,泳装/内衣/手足/局部,单色/灰度/赛璐璐/平涂,姿势/动态,granblue_fantasy|shadowverse|kono_subarashii_sekai_ni_shukufuku_wo!,shadowverse_(animated_series) shadowverse_(anime) shadowverse granblue_fantasy manaria_friends anne_(shingeki_no_bahamut) kurobane_alice eyes_out_of_frame,综合向插画师 · 泳装/内衣 · 手足/局部 · 单色/灰度 · 姿势/动态,https://danbooru.donmai.us/artists/414252
1261633,ryuusei_(mark_ii),922,200,全年龄向,0.0,机甲/军事题材,原创/同人混合,群像/多人,科幻/机甲/体型特征,单色/灰度/赛璐璐/平涂,表情/表演,warhammer_40k|cyberbots|umamusume,primarch warhammer_40k adeptus_astartes power_armor genderswap_(mtf) genderswap ryuusei's_3x-yo_girl shrimball_(ryuusei_(mark_ii)),机甲/军事题材 · 科幻/机甲 · 体型特征 · 单色/灰度 · 表情/表演,https://danbooru.donmai.us/artists/1261633
408477,shibacha,922,200,全年龄向,0.0,原创角色设计师,原创为主,群像/多人,校园/泳装/内衣,线稿/速写/素描/炭笔,姿势/动态,granbelm|fruits_basket|koisuru_asteroid,granbelm school_swimsuit tsuchimikado_kuon old_school_swimsuit competition_school_swimsuit gym_shirt blue_one-piece_swimsuit buruma,原创角色设计师 · 校园 · 泳装/内衣 · 线稿/速写 · 姿势/动态,https://danbooru.donmai.us/artists/408477
693675,kousei_(public_planet),917,200,全年龄向,0.01,单色线稿派,同人为主,群像/多人,和风/制服/职场,单色/灰度/漫画分镜,漫画/多格,touhou|bishoujo_senshi_sailor_moon|momotarou_dentetsu,hieda_no_akyuu page_number touhou hieda_no_akyuu_(agatha_chris_q) motoori_kosuzu bob_cut inaba_tewi checkered_kimono,单色线稿派 · 和风 · 制服/职场 · 单色/灰度 · 漫画/多格,https://danbooru.donmai.us/artists/693675
1652237,mamaloni,918,200,轻度色气,0.23,百合专精,原创/同人混合,群像/多人,裸体/暴露/恐怖/猎奇,漫画分镜/特效/后期,漫画/多格,hololive|path_to_nowhere|hololive_english,path_to_nowhere show_by_rock!! citti_(show_by_rock!!) laina_(show_by_rock!!) erect_clitoris hololive_english takanashi_kiara clitoral_stimulation,百合专精 · 裸体/暴露 · 恐怖/猎奇 · 漫画分镜 · 漫画/多格,https://danbooru.donmai.us/artists/1652237
1429617,hiten_(hitenkei),922,200,全年龄向,0.04,综合向插画师,原创/同人混合,群像/多人,和风/自然/风景,单色/灰度/漫画分镜,俯视/仰视,gimai_seikatsu|dengeki_moeoh|kantai_collection,gimai_seikatsu ayase_saki asamura_yuuta step-siblings narasaka_maaya yomiuri_shiori ayase_akiko dengeki_moeoh,综合向插画师 · 和风 · 自然/风景 · 单色/灰度 · 俯视/仰视,https://danbooru.donmai.us/artists/1429617
1316078,kapatarou,920,200,全年龄向,0.0,原创角色设计师,原创为主,男性主体,泳装/内衣/日常/治愈,单色/灰度/线稿/速写,俯视/仰视,kantai_collection,thick_eyebrows boyshort_panties arrow_(symbol) black_camisole bob_cut grey_panties camisole puffy_long_sleeves,原创角色设计师 · 泳装/内衣 · 日常/治愈 · 单色/灰度 · 俯视/仰视,https://danbooru.donmai.us/artists/1316078
381634,youkan,919,200,硬核R18,0.665,R18情色向画师,同人为主,女性主体,裸体/暴露/制服/职场,漫画分镜/单色/灰度,姿势/动态,granblue_fantasy|kantai_collection|world_witches_series,world_witches_series mosaic_censoring male_pubic_hair granblue_fantasy penis pubic_hair :>= yonomori_kobeni,硬核R18 · R18情色向画师 · 裸体/暴露 · 制服/职场 · 漫画分镜 · 姿势/动态,https://danbooru.donmai.us/artists/381634
1679250,surio,919,200,情色向,0.485,原创角色设计师,原创为主,女性主体,裸体/暴露/泳装/内衣,漫画分镜/单色/灰度,姿势/动态,blue_archive|meitantei_precure!|precure,anubis_(surio) astarte_(surio) eyeliner jackal_girl loli jackal_tail ancient_egyptian jackal_ears,情色向 · 原创角色设计师 · 裸体/暴露 · 泳装/内衣 · 漫画分镜 · 姿势/动态,https://danbooru.donmai.us/artists/1679250
438117,zucchini,922,200,轻度色气,0.175,综合向插画师,同人为主,双人/CP,裸体/暴露/泳装/内衣,线稿/速写/素描/炭笔,姿势/动态,fate_(series)|fate/grand_order|blue_archive,minamoto_no_raikou_(fate) fate_(series) fate/grand_order blue_archive twitter_username halo nipples breasts_out,综合向插画师 · 裸体/暴露 · 泳装/内衣 · 线稿/速写 · 姿势/动态,https://danbooru.donmai.us/artists/438117
1255444,rakugaki-biyori,917,200,全年龄向,0.0,漫画/剧情向,同人为主,群像/多人,和风/兽耳/亚人,漫画分镜,漫画/多格,touhou|touhou_(pc-98)|unfinished_dream_of_all_living_ghost,kasodani_kyouko solid_oval_eyes silent_comic 4koma touhou spoken_character flower_button recursive_speech_bubble,漫画/剧情向 · 和风 · 兽耳/亚人 · 漫画分镜 · 漫画/多格,https://danbooru.donmai.us/artists/1255444
1555064,deaver,915,200,轻度色气,0.105,兽耳/亚人专精,同人为主,女性主体,兽耳/亚人/泳装/内衣,,姿势/动态,hololive|hololive_english|hololive_dreams,shirakami_fubuki hololive ookami_mio pentagram virtual_youtuber red_streaks animal_ear_piercing fox_girl,兽耳/亚人专精 · 兽耳/亚人 · 泳装/内衣 · 姿势/动态 · 同人为主,https://danbooru.donmai.us/artists/1555064
1299476,hitotsuki_nebura,915,200,硬核R18,0.8,R18情色向画师,同人为主,男性主体,裸体/暴露/体型特征,漫画分镜/单色/灰度,姿势/动态,fate/grand_order|fate_(series)|blue_archive,katsushika_hokusai_(fate) katsushika_hokusai_(exhibition_attire)_(fate) okami-san_(hitotsuki_nebura) toto-sama_(fate) fate/grand_order fate_(series) katsushika_hokusai_(third_ascension)_(fate) octopus,硬核R18 · R18情色向画师 · 裸体/暴露 · 体型特征 · 漫画分镜 · 姿势/动态,https://danbooru.donmai.us/artists/1299476
1601180,akina_tsukako,920,200,轻度色气,0.23,单色线稿派,原创/同人混合,双人/CP,恋爱/情感/裸体/暴露,单色/灰度/漫画分镜,漫画/多格,granblue_fantasy|clannad|idolmaster,djeeta_(granblue_fantasy) granblue_fantasy feather_(granblue_fantasy) haru_(akina_tsukako) clannad furukawa_nagisa aroused couple,单色线稿派 · 恋爱/情感 · 裸体/暴露 · 单色/灰度 · 漫画/多格,https://danbooru.donmai.us/artists/1601180
395708,hanzou,915,200,全年龄向,0.065,奇幻/魔法题材,同人为主,群像/多人,奇幻/魔法/裸体/暴露,赛璐璐/平涂/特效/后期,俯视/仰视,precure|hirogaru_sky!_precure|wonderful_precure!,precure hirogaru_sky!_precure wonderful_precure! kimi_to_idol_precure sora_harewataru twitter_username dated magical_girl,奇幻/魔法题材 · 奇幻/魔法 · 裸体/暴露 · 赛璐璐/平涂 · 俯视/仰视,https://danbooru.donmai.us/artists/395708
1972555,xenon_(for_achieve),914,200,轻度色气,0.09,日常/治愈系,同人为主,男性主体,自然/风景/日常/治愈,特效/后期,姿势/动态,ongeki|stella_sora|blue_archive,ongeki hoshizaki_akari misumi_aoi stella_sora sakurai_haruna_(ongeki) iris_(stella_sora) happy_birthday lens_flare,日常/治愈系 · 自然/风景 · 日常/治愈 · 特效/后期 · 姿势/动态,https://danbooru.donmai.us/artists/1972555
1362137,melon22,915,200,轻度色气,0.0,综合向插画师,同人为主,男性主体,体型特征/战斗/动作,单色/灰度/拼贴/混合,姿势/动态,arknights|fate_(series)|fate/grand_order,arknights barghest_(fate) alternate_breast_size_(larger) lumine_(genshin_impact) doctor_(arknights) huge_breasts gigantic_breasts genshin_impact,综合向插画师 · 体型特征 · 战斗/动作 · 单色/灰度 · 姿势/动态,https://danbooru.donmai.us/artists/1362137
477412,nagare,913,200,全年龄向,0.1,同人角色专精,同人为主,男性主体,军事/枪械/恋爱/情感,单色/灰度/漫画分镜,漫画/多格,resident_evil|resident_evil_5|resident_evil_3:_nemesis,chris_redfield jill_valentine resident_evil resident_evil_5 beard_stubble resident_evil_3_(remake) resident_evil_3:_nemesis stubble,同人角色专精 · 军事/枪械 · 恋爱/情感 · 单色/灰度 · 漫画/多格,https://danbooru.donmai.us/artists/477412
437971,sano_toshihide,913,200,情色向,0.385,R18情色向画师,同人为主,女性主体,裸体/暴露/体型特征,线稿/速写/素描/炭笔,俯视/仰视,taimanin_(series)|maid-san_to_boin_damashii|sex_life,maid-san_to_boin_damashii sex_life taimanin_(series) taimanin_asagi_kessen_arena ane_to_princess_wa_kirawaretakunai saotome_maria honey_pumpkin taimanin_rpgx,情色向 · R18情色向画师 · 裸体/暴露 · 体型特征 · 线稿/速写 · 俯视/仰视,https://danbooru.donmai.us/artists/437971
887791,kanabun,909,200,硬核R18,0.735,R18情色向画师,原创/同人混合,群像/多人,裸体/暴露/体型特征,单色/灰度/漫画分镜,姿势/动态,blue_archive|idolmaster|idolmaster_cinderella_girls,loli bar_censor one-piece_tan blue_archive penis tanlines dated kodomo_doushi,硬核R18 · R18情色向画师 · 裸体/暴露 · 体型特征 · 单色/灰度 · 姿势/动态,https://danbooru.donmai.us/artists/887791
659781,cool-kyou_shinja,909,200,全年龄向,0.025,传统手绘媒介,原创/同人混合,群像/多人,体型特征/校园,单色/灰度/线稿/速写,漫画/多格,kobayashi-san_chi_no_maidragon|mon-musu_quest!|heion_sedai_no_idaten-tachi,niyodogawa_yuzu kobayashi-san_chi_no_maidragon tohru_(maidragon) no_dickey oppai_loli dragon_girl dragon_horns ilulu_(maidragon),传统手绘媒介 · 体型特征 · 校园 · 单色/灰度 · 漫画/多格,https://danbooru.donmai.us/artists/659781
633747,mattari_yufi,908,200,全年龄向,0.045,综合向插画师,同人为主,群像/多人,体型特征/和风,漫画分镜,俯视/仰视,fate_(series)|fate/grand_order|touhou,twitter_username bleach tenjouin_asuka yu-gi-oh!_gx fate/grand_order fate_(series) kazami_yuuka kotetsu_isane,综合向插画师 · 体型特征 · 和风 · 漫画分镜 · 俯视/仰视,https://danbooru.donmai.us/artists/633747
1504114,jtveemo,909,200,硬核R18,0.505,BL/腐向专精,原创/同人混合,男性主体,BL/腐向/裸体/暴露,单色/灰度/漫画分镜,姿势/动态,splatoon_(series)|zenless_zone_zero|pokemon,million_(abc) splatoon_(series) cum_on_testicles tentacle_hair tucked_penis octoling dogeza yaoi,硬核R18 · BL/腐向专精 · BL/腐向 · 裸体/暴露 · 单色/灰度 · 姿势/动态,https://danbooru.donmai.us/artists/1504114
426756,kagematsuri,908,200,全年龄向,0.005,综合向插画师,原创/同人混合,群像/多人,战斗/动作/泳装/内衣,特效/后期,俯视/仰视,valorant|tekken|tekken_8,valorant viper_(valorant) twitter_username tekken animification mature_female tekken_8 green_bodysuit,综合向插画师 · 战斗/动作 · 泳装/内衣 · 特效/后期 · 俯视/仰视,https://danbooru.donmai.us/artists/426756
1376237,pekeko_(pepekekeko),907,200,全年龄向,0.0,漫画/剧情向,同人为主,群像/多人,神话/宗教/兽耳/亚人,漫画分镜/单色/灰度,漫画/多格,blue_archive|genshin_impact|fate/grand_order,doodle_sensei_(blue_archive) blue_archive sensei_(blue_archive) halo pink_halo comic pekeko_(vtuber) strip_mahjong,漫画/剧情向 · 神话/宗教 · 兽耳/亚人 · 漫画分镜 · 漫画/多格,https://danbooru.donmai.us/artists/1376237
2081899,oldsickkim,907,200,情色向,0.465,原创角色设计师,原创为主,男性主体,裸体/暴露/泳装/内衣,线稿/速写/漫画分镜,姿势/动态,maplestory|blue_archive|dungeon_and_fighter,maplestory loving_aura uncensored twitching yuksi_(yuksi) dashed_eyes lethe_(maplestory) nipples,情色向 · 原创角色设计师 · 裸体/暴露 · 泳装/内衣 · 线稿/速写 · 姿势/动态,https://danbooru.donmai.us/artists/2081899
1405439,exlic,907,200,硬核R18,0.705,百合专精,同人为主,群像/多人,裸体/暴露/体型特征,特效/后期,姿势/动态,zenless_zone_zero|persona|persona_5,patreon_username futanari futa_with_female uncensored artist_name testicles zenless_zone_zero penis,硬核R18 · 百合专精 · 裸体/暴露 · 体型特征 · 特效/后期 · 姿势/动态,https://danbooru.donmai.us/artists/1405439
1621022,yoako,907,200,全年龄向,0.03,兽耳/亚人专精,原创为主,群像/多人,兽人/furry/兽耳/亚人,特效/后期/漫画分镜,姿势/动态,umamusume|hololive|hololive_english,aeiou_(yoako) cupcake_(yoako) furry_female sasha_(yoako) furry body_fur yoako_(character) egg_(lemyawn),兽耳/亚人专精 · 兽人/furry · 兽耳/亚人 · 特效/后期 · 姿势/动态,https://danbooru.donmai.us/artists/1621022
1297314,furukawa_(yomawari),907,200,全年龄向,0.0,综合向插画师,同人为主,男性主体,和风/BL/腐向,单色/灰度/漫画分镜,漫画/多格,touhou|danganronpa_(series)|the_hundred_line_-last_defense_academy-,the_hundred_line_-last_defense_academy- danganronpa_(series) maruko_gaku omokage_yugamu danganronpa_v3:_killing_harmony danganronpa_2:_goodbye_despair sumino_takumi danganronpa:_trigger_happy_havoc,综合向插画师 · 和风 · BL/腐向 · 单色/灰度 · 漫画/多格,https://danbooru.donmai.us/artists/1297314
511892,mamuru,907,200,全年龄向,0.015,兽耳/亚人专精,原创为主,群像/多人,兽耳/亚人/体型特征,线稿/速写/素描/炭笔,姿势/动态,genshin_impact|rabbit_and_steel|zenless_zone_zero,fox_tail fox_girl fox_ears huge_breasts creature microskirt striped_bikini double-parted_bangs,兽耳/亚人专精 · 兽耳/亚人 · 体型特征 · 线稿/速写 · 姿势/动态,https://danbooru.donmai.us/artists/511892
723258,shimmer,905,200,全年龄向,0.035,百合专精,原创为主,群像/多人,百合/GL/神话/宗教,特效/后期/线稿/速写,设定/图解,genshin_impact|honkai:_star_rail|honkai_(series),black-haired_demon_girl_(shimmer) angel_girl_(shimmer) letterboxed artist_logo signature demon_tail yae_miko yuri,百合专精 · 百合/GL · 神话/宗教 · 特效/后期 · 设定/图解,https://danbooru.donmai.us/artists/723258
1501879,pononozo,905,200,硬核R18,0.64,R18情色向画师,同人为主,男性主体,裸体/暴露/体型特征,漫画分镜,漫画/多格,fate/grand_order|fate_(series)|mahou_tsukai_no_yoru,fujimaru_ritsuka_(male) fate/grand_order fate_(series) demonic_monkey_(fate) lost_robin_rondo shizuki_soujuurou mahou_tsukai_no_yoru internal_cumshot,硬核R18 · R18情色向画师 · 裸体/暴露 · 体型特征 · 漫画分镜 · 漫画/多格,https://danbooru.donmai.us/artists/1501879
435733,katayama_kei,904,200,全年龄向,0.0,单色线稿派,同人为主,群像/多人,配饰/首饰/战斗/动作,单色/灰度/漫画分镜,漫画/多格,touhou|touhou_lostword|touhou_(pc-98),yorigami_jo'on touhou yorigami_shion page_number touhou_lostword debt twin_drills bangle,单色线稿派 · 配饰/首饰 · 战斗/动作 · 单色/灰度 · 漫画/多格,https://danbooru.donmai.us/artists/435733
377943,takayaki,909,200,全年龄向,0.025,日常/治愈系,同人为主,群像/多人,校园/日常/治愈,单色/灰度/漫画分镜,俯视/仰视,mamahaha_no_tsurego_ga_moto_kano_datta|blue_archive|arifureta_shokugyou_de_sekai_saikyou,mamahaha_no_tsurego_ga_moto_kano_datta irido_yume higashira_isana irido_mizuto minami_akatsuki step-siblings arifureta_shokugyou_de_sekai_saikyou odoru_hoshifuru_reneshikuru,日常/治愈系 · 校园 · 日常/治愈 · 单色/灰度 · 俯视/仰视,https://danbooru.donmai.us/artists/377943
453333,minato_hitori,904,200,全年龄向,0.0,单色线稿派,同人为主,群像/多人,和风/自然/风景,单色/灰度/漫画分镜,漫画/多格,touhou|comic_kairakuten_beast|kairaku_historie,kairaku_historie comic_kairakuten_beast touhou komano_aunn touhou_lostword hakurei_reimu comic greyscale,单色线稿派 · 和风 · 自然/风景 · 单色/灰度 · 漫画/多格,https://danbooru.donmai.us/artists/453333
1573030,hotate-chan,903,200,硬核R18,0.625,单色线稿派,原创/同人混合,男性主体,裸体/暴露/体型特征,单色/灰度/漫画分镜,姿势/动态,blue_archive|zenless_zone_zero|azur_lane,huge_breasts blue_archive greyscale monochrome large_areolae bar_censor hetero pubic_hair,硬核R18 · 单色线稿派 · 裸体/暴露 · 体型特征 · 单色/灰度 · 姿势/动态,https://danbooru.donmai.us/artists/1573030
619140,ashiyama_yoshinori,903,200,全年龄向,0.0,单色线稿派,同人为主,群像/多人,和风/自然/风景,单色/灰度/漫画分镜,漫画/多格,touhou|mode_aim,crow_tengu_extra_(touhou) touhou tokin_hat iizunamaru_megumu greyscale comic kappa_mob_(touhou) old_woman,单色线稿派 · 和风 · 自然/风景 · 单色/灰度 · 漫画/多格,https://danbooru.donmai.us/artists/619140
1809216,blushyspicy,903,200,全年龄向,0.045,综合向插画师,同人为主,群像/多人,体型特征/裸体/暴露,漫画分镜,姿势/动态,marvel|marvel_rivals|x-men,marvel_rivals marvel x-men vivian_seong_(blushyspicy) kpop_demon_hunters linea_semilunaris artist_name office_workers_(blushyspicy),综合向插画师 · 体型特征 · 裸体/暴露 · 漫画分镜 · 姿势/动态,https://danbooru.donmai.us/artists/1809216
452276,lielos,903,200,全年龄向,0.03,综合向插画师,同人为主,群像/多人,泳装/内衣/校园,线稿/速写/漫画分镜,俯视/仰视,idolmaster|idolmaster_million_live!|idolmaster_million_live!_theater_days,idolmaster_million_live! idolmaster crotch_seam idolmaster_million_live!_theater_days mtu_virus pantyshot sakamoto_miko pointing_out_the_details,综合向插画师 · 泳装/内衣 · 校园 · 线稿/速写 · 俯视/仰视,https://danbooru.donmai.us/artists/452276
1970159,rotomdocs,902,200,全年龄向,0.035,综合向插画师,原创/同人混合,双人/CP,自然/风景/体型特征,,设定/图解,fire_emblem|fire_emblem_heroes|umamusume,pregnant artist_logo outie_navel fire_emblem artist_name logo full_cleavage fire_emblem_heroes,综合向插画师 · 自然/风景 · 体型特征 · 设定/图解 · 原创/同人混合,https://danbooru.donmai.us/artists/1970159
1341854,kyouda_suzuka,902,200,全年龄向,0.0,同人角色专精,同人为主,群像/多人,和风/兽耳/亚人,线稿/速写,肖像/半身,touhou|vocaloid|shinra-bansho_(circle),cutout_eyelashes tareme touhou komeiji_koishi disembodied_linked_eye twitter_username hat_bow heart-shaped_pupils,同人角色专精 · 和风 · 兽耳/亚人 · 线稿/速写 · 肖像/半身,https://danbooru.donmai.us/artists/1341854
711551,haoro,901,200,情色向,0.325,BL/腐向专精,同人为主,男性主体,BL/腐向/角色扮演/异装,单色/灰度/漫画分镜,漫画/多格,fate_(series)|fate/apocrypha|devil_survivor_(series),sieg_(fate) hotsuin_miyako devil_survivor_2 devil_survivor_(series) megami_tensei fate/apocrypha astolfo_(fate) trap,情色向 · BL/腐向专精 · BL/腐向 · 角色扮演/异装 · 单色/灰度 · 漫画/多格,https://danbooru.donmai.us/artists/711551
1536730,bigkwl,901,200,全年龄向,0.01,同人角色专精,同人为主,女性主体,校园/军事/枪械,,肖像/半身,kantai_collection,one-hour_drawing_challenge kantai_collection twitter_username dated rigging double-parted_bangs double_horizontal_stripe black_sailor_collar,同人角色专精 · 校园 · 军事/枪械 · 肖像/半身 · 同人为主,https://danbooru.donmai.us/artists/1536730
409342,coffee-kizoku,901,200,全年龄向,0.0,原创角色设计师,原创为主,群像/多人,校园/泳装/内衣,,俯视/仰视,dengeki_moeoh|melonbooks|tenka_hyakken,aoyama_sumika shiramine_rika mele_retanagua blue_buruma buruma gym_uniform gym_shirt page_number,原创角色设计师 · 校园 · 泳装/内衣 · 俯视/仰视 · 原创为主,https://danbooru.donmai.us/artists/409342
508337,yone_kinji,900,200,情色向,0.175,原创角色设计师,原创为主,女性主体,裸体/暴露/体型特征,漫画分镜,姿势/动态,mitsudomoe_(manga)|koukan_nikki|kono_subarashii_sekai_ni_shukufuku_wo!,loli orishima_kei ogata_airi mitsudomoe_(manga) randoseru dated red_bag overall_skirt,情色向 · 原创角色设计师 · 裸体/暴露 · 体型特征 · 漫画分镜 · 姿势/动态,https://danbooru.donmai.us/artists/508337
2137707,doremi_(doremi4704),900,200,全年龄向,0.0,机甲/军事题材,同人为主,女性主体,军事/枪械/神话/宗教,,表情/表演,blue_archive,tachi-e transparent_background broken_chain heel_up blue_archive ako_(blue_archive) broken luger_p08,机甲/军事题材 · 军事/枪械 · 神话/宗教 · 表情/表演 · 同人为主,https://danbooru.donmai.us/artists/2137707
1603804,whoosaku,899,200,情色向,0.345,综合向插画师,同人为主,群像/多人,裸体/暴露/体型特征,单色/灰度/线稿/速写,姿势/动态,blue_archive|goddess_of_victory:_nikke|azur_lane,goddess_of_victory:_nikke viper_(nikke) jk_bitch_sannin_musume! vaginal blue_archive sex himeki_luna vanguard_princess,情色向 · 综合向插画师 · 裸体/暴露 · 体型特征 · 单色/灰度 · 姿势/动态,https://danbooru.donmai.us/artists/1603804
1376072,casino_(casinoep),899,200,轻度色气,0.425,百合专精,同人为主,群像/多人,手足/局部/裸体/暴露,,俯视/仰视,hololive|idolmaster|idolmaster_cinderella_girls,amane_kanata hololive foot_focus star_halo virtual_youtuber soles uncensored feet,百合专精 · 手足/局部 · 裸体/暴露 · 俯视/仰视 · 同人为主,https://danbooru.donmai.us/artists/1376072
400191,sugimura_tomokazu,897,200,轻度色气,0.02,原创角色设计师,原创为主,双人/CP,泳装/内衣/校园,赛璐璐/平涂,俯视/仰视,lost_universe|chrono_crusade|megami_magazine,canal_vorfeed lost_universe calendar_(medium) competition_swimsuit competition_school_swimsuit azmaria_hendric chrono_crusade sideways,原创角色设计师 · 泳装/内衣 · 校园 · 赛璐璐/平涂 · 俯视/仰视,https://danbooru.donmai.us/artists/400191
505319,soejima_shigenori,897,200,全年龄向,0.0,综合向插画师,同人为主,男性主体,BL/腐向/军事/枪械,单色/灰度/线稿/速写,肖像/半身,persona|persona_5|persona_5:_the_phantom_x,persona_5:_the_phantom_x demon_(megami_tensei) persona persona_5 shin_megami_tensei transparent_background persona_(summon) persona_4,综合向插画师 · BL/腐向 · 军事/枪械 · 单色/灰度 · 肖像/半身,https://danbooru.donmai.us/artists/505319
1433139,meimaru_inuchiyo,897,200,全年龄向,0.0,百合专精,同人为主,群像/多人,和风/百合/GL,单色/灰度/漫画分镜,漫画/多格,touhou|fossilized_wonders|titanic_(movie),kumoi_ichirin murasa_minamitsu touhou houjuu_nue nazrin sailor_hat toramaru_shou anchor_symbol,百合专精 · 和风 · 百合/GL · 单色/灰度 · 漫画/多格,https://danbooru.donmai.us/artists/1433139
1288674,boushi-ya,896,200,全年龄向,0.0,同人角色专精,同人为主,群像/多人,军事/枪械/制服/职场,单色/灰度,设定/图解,kantai_collection|umamusume|arknights,kantai_collection mogador_(kancolle) mogador_kai_(kancolle) atlanta_(kancolle) blunt_sidelocks rigging freckles garrison_cap,同人角色专精 · 军事/枪械 · 制服/职场 · 单色/灰度 · 设定/图解,https://danbooru.donmai.us/artists/1288674
1581453,halcon,896,200,轻度色气,0.26,综合向插画师,同人为主,群像/多人,泳装/内衣/体型特征,单色/灰度/赛璐璐/平涂,姿势/动态,blue_archive|azur_lane|hama_no_miko,hama_no_miko kasumi_(halcon) competition_swimsuit highleg_one-piece_swimsuit baltimore_(azur_lane) karin_(halcon) shiori_(halcon) amagami,综合向插画师 · 泳装/内衣 · 体型特征 · 单色/灰度 · 姿势/动态,https://danbooru.donmai.us/artists/1581453
577349,born-to-die,895,200,情色向,0.49,R18情色向画师,原创/同人混合,男性主体,裸体/暴露/体型特征,单色/灰度/漫画分镜,姿势/动态,the_loud_house|pokemon|genshin_impact,loli the_loud_house lincoln_loud uncensored ari_(born-to-die) flat_chest animification age_difference,情色向 · R18情色向画师 · 裸体/暴露 · 体型特征 · 单色/灰度 · 姿势/动态,https://danbooru.donmai.us/artists/577349
424225,kafun,895,200,全年龄向,0.0,原创角色设计师,原创为主,群像/多人,体型特征/奇幻/魔法,,单人立绘,bokutachi_wa_benkyou_ga_dekinai|final_fantasy|final_fantasy_xiv,ogata_rizu bokutachi_wa_benkyou_ga_dekinai thick_thighs sharp_fingernails warrior_of_light_(ff14) kamen_america_(comic) skull raised_eyebrows,原创角色设计师 · 体型特征 · 奇幻/魔法 · 单人立绘 · 原创为主,https://danbooru.donmai.us/artists/424225
385273,k_hiro,895,200,全年龄向,0.0,单色线稿派,原创/同人混合,群像/多人,校园/日常/治愈,单色/灰度/漫画分镜,漫画/多格,umamusume|umamusume:_cinderella_gray|comitia_155,trainer_(umamusume) umamusume tracen_school_uniform horse_ears cheval_grand_(umamusume) horse_girl vivlos_(umamusume) nice_nature_(umamusume),单色线稿派 · 校园 · 日常/治愈 · 单色/灰度 · 漫画/多格,https://danbooru.donmai.us/artists/385273
1315269,d-rex,895,200,硬核R18,0.795,原创角色设计师,原创为主,男性主体,裸体/暴露/恐怖/猎奇,线稿/速写,姿势/动态,bunny_and_fox_world|dungeons_&_dragons|castlevania:_order_of_ecclesia,rape interspecies runny_makeup bunny_and_fox_world furry_with_non-furry uncensored furry_male nipples,硬核R18 · 原创角色设计师 · 裸体/暴露 · 恐怖/猎奇 · 线稿/速写 · 姿势/动态,https://danbooru.donmai.us/artists/1315269
531821,yume_shokunin,895,200,全年龄向,0.0,综合向插画师,同人为主,群像/多人,兽耳/亚人/军事/枪械,线稿/速写/单色/灰度,肖像/半身,touhou|kantai_collection|jinrui_wa_suitai_shimashita,touhou solid_circle_eyes lineart chibi inubashiri_momiji hakurei_reimu transparent_background tokin_hat,综合向插画师 · 兽耳/亚人 · 军事/枪械 · 线稿/速写 · 肖像/半身,https://danbooru.donmai.us/artists/531821
2075976,sukoyaka_(100hituzi),894,200,全年龄向,0.0,综合向插画师,同人为主,男性主体,体型特征/配饰/首饰,线稿/速写/漫画分镜,差分/变体,idolmaster|idolmaster_cinderella_girls|idolmaster_cinderella_girls_starlight_stage,yumemi_riamu idolmaster_cinderella_girls_starlight_stage idolmaster idolmaster_cinderella_girls idolmaster_million_live! aqua_dress pink_choker blush_stickers,综合向插画师 · 体型特征 · 配饰/首饰 · 线稿/速写 · 差分/变体,https://danbooru.donmai.us/artists/2075976
2106092,mahoro_(minase_mahoro),893,200,全年龄向,0.0,综合向插画师,同人为主,群像/多人,神话/宗教/手足/局部,漫画分镜/特效/后期,俯视/仰视,touhou|blue_archive|hololive,tsurime neru_(blue_archive) touhou sukajan remilia_scarlet mob_cap frilled_shirt_collar mole_under_each_eye,综合向插画师 · 神话/宗教 · 手足/局部 · 漫画分镜 · 俯视/仰视,https://danbooru.donmai.us/artists/2106092
1279073,hwansang,893,200,全年龄向,0.0,机甲/军事题材,同人为主,女性主体,军事/枪械/神话/宗教,,表情/表演,blue_archive,tachi-e cross-laced_shoes transparent_background abydos_high_school_logo beretta_ar70/90 ayane_(blue_archive) knee_brace serika_(blue_archive),机甲/军事题材 · 军事/枪械 · 神话/宗教 · 表情/表演 · 同人为主,https://danbooru.donmai.us/artists/1279073
568959,harigane_shinshi,893,200,情色向,0.32,R18情色向画师,同人为主,女性主体,裸体/暴露/神话/宗教,漫画分镜/线稿/速写,姿势/动态,blue_archive|granblue_fantasy|indie_virtual_youtuber,lincoro blue_archive harpy winged_arms granblue_fantasy bird_legs lorena_(shadowverse) black_feathers,情色向 · R18情色向画师 · 裸体/暴露 · 神话/宗教 · 漫画分镜 · 姿势/动态,https://danbooru.donmai.us/artists/568959
1316129,tetsu_(kimuchi),893,200,全年龄向,0.04,综合向插画师,同人为主,男性主体,泳装/内衣/体型特征,线稿/速写/素描/炭笔,姿势/动态,capcom_fighting_jam|street_fighter|street_fighter_zero_(series),capcom_fighting_jam ingrid_(capcom) hairpods midnight_bliss ingrid_(midnight_bliss)_(capcom) albino street_fighter purple_pantyhose,综合向插画师 · 泳装/内衣 · 体型特征 · 线稿/速写 · 姿势/动态,https://danbooru.donmai.us/artists/1316129
2336847,tako-chan_(hub_dump),893,200,情色向,0.455,R18情色向画师,同人为主,女性主体,裸体/暴露/体型特征,漫画分镜,单人立绘,touhou|blue_archive|pokemon,touhou nipples bar_censor huge_breasts completely_nude twitter_username blue_archive nude,情色向 · R18情色向画师 · 裸体/暴露 · 体型特征 · 漫画分镜 · 单人立绘,https://danbooru.donmai.us/artists/2336847
586548,mikazuki_akira!,893,200,情色向,0.335,日常/治愈系,同人为主,群像/多人,裸体/暴露/奇幻/魔法,,俯视/仰视,lyrical_nanoha|mahou_shoujo_lyrical_nanoha_strikers|mahou_shoujo_lyrical_nanoha,lyrical_nanoha mahou_shoujo_lyrical_nanoha_strikers fate_testarossa mahou_shoujo_lyrical_nanoha mahou_shoujo_lyrical_nanoha_a's mosaic_censoring takamachi_nanoha hair_spread_out,情色向 · 日常/治愈系 · 裸体/暴露 · 奇幻/魔法 · 俯视/仰视 · 同人为主,https://danbooru.donmai.us/artists/586548
1605872,kaho_0102,893,200,全年龄向,0.0,同人角色专精,同人为主,男性主体,BL/腐向/音乐/偶像,线稿/速写,肖像/半身,vocaloid|project_sekai|magical_mirai_(vocaloid),kagamine_len vocaloid bass_clef meiko_(vocaloid) magical_mirai_(vocaloid) kaito_(vocaloid) project_sekai headset,同人角色专精 · BL/腐向 · 音乐/偶像 · 线稿/速写 · 肖像/半身,https://danbooru.donmai.us/artists/1605872
1617408,parsley-f,893,200,全年龄向,0.0,机甲/军事题材,原创/同人混合,群像/多人,军事/枪械/泳装/内衣,,姿势/动态,hololive|girls'_frontline|blue_archive,sakamata_chloe hololive g36c_(girls'_frontline) virtual_youtuber girls'_frontline h&k_g36 assault_rifle g36c_(mod3)_(girls'_frontline),机甲/军事题材 · 军事/枪械 · 泳装/内衣 · 姿势/动态 · 原创/同人混合,https://danbooru.donmai.us/artists/1617408
1662056,tsukareta_san,893,200,情色向,0.44,单色线稿派,原创/同人混合,男性主体,裸体/暴露/BL/腐向,单色/灰度/线稿/速写,肖像/半身,granblue_fantasy|nijisanji|hololive,granblue_fantasy monochrome penis_face gran_(granblue_fantasy) draph anila_(granblue_fantasy) nipples art_tools_in_frame,情色向 · 单色线稿派 · 裸体/暴露 · BL/腐向 · 单色/灰度 · 肖像/半身,https://danbooru.donmai.us/artists/1662056
399377,fuantei,893,200,全年龄向,0.015,单色线稿派,同人为主,群像/多人,中式/和风,单色/灰度/漫画分镜,漫画/多格,touhou|touhou_(pc-98)|idolmaster,junko_(touhou) touhou mononobe_no_futo reisen_udongein_inaba kumoi_ichirin greyscale hecatia_lapislazuli comic,单色线稿派 · 中式 · 和风 · 单色/灰度 · 漫画/多格,https://danbooru.donmai.us/artists/399377
1292307,haoni,892,200,轻度色气,0.215,传统手绘媒介,同人为主,群像/多人,裸体/暴露/体型特征,单色/灰度/线稿/速写,漫画/多格,goddess_of_victory:_nikke|shokugeki_no_souma|dungeon_ni_deai_wo_motomeru_no_wa_machigatteiru_darou_ka,nakiri_erina shokugeki_no_souma helm_(nikke) goddess_of_victory:_nikke commander_(nikke) tootsuki_saryou_ryouri_gakuen_uniform black_background ryu_lion,传统手绘媒介 · 裸体/暴露 · 体型特征 · 单色/灰度 · 漫画/多格,https://danbooru.donmai.us/artists/1292307
15888,zankuro,892,200,情色向,0.3,原创角色设计师,原创为主,男性主体,体型特征/裸体/暴露,线稿/速写/单色/灰度,姿势/动态,dragon_quest|dragon_quest_x|disgaea,henrietta_(zankuro) shortstack seri_(zankuro) deathlock-san beri_(zankuro) loli skull_hair_ornament sample_watermark,情色向 · 原创角色设计师 · 体型特征 · 裸体/暴露 · 线稿/速写 · 姿势/动态,https://danbooru.donmai.us/artists/15888
1570618,shibori_kasu,891,200,硬核R18,0.855,R18情色向画师,同人为主,男性主体,裸体/暴露/体型特征,线稿/速写/素描/炭笔,单人立绘,kemono_friends|touhou|kemono_friends_3,kemono_friends large_areolae odaibako ring_light_reflection speckled_areolae request_inset bar_censor lactation,硬核R18 · R18情色向画师 · 裸体/暴露 · 体型特征 · 线稿/速写 · 单人立绘,https://danbooru.donmai.us/artists/1570618
1081263,n.g.,892,200,情色向,0.07,原创角色设计师,原创为主,女性主体,裸体/暴露/泳装/内衣,单色/灰度,俯视/仰视,pokemon|dragon_quest|dragon_quest_xi,eyebrows_hidden_by_hair brown_background white_panties nipples bow_panties bare_arms floral_background bow_bra,情色向 · 原创角色设计师 · 裸体/暴露 · 泳装/内衣 · 单色/灰度 · 俯视/仰视,https://danbooru.donmai.us/artists/1081263
562819,774_(nanashi),891,200,全年龄向,0.005,综合向插画师,同人为主,群像/多人,校园/兽耳/亚人,单色/灰度/漫画分镜,漫画/多格,ijiranaide_nagatoro-san|neon_genesis_evangelion|fate/grand_order,ijiranaide_nagatoro-san nagatoro_hayase sticker_(medium) hachiouji_naoto tan manga_cover sunomiya_sana gamou_maki,综合向插画师 · 校园 · 兽耳/亚人 · 单色/灰度 · 漫画/多格,https://danbooru.donmai.us/artists/562819
1346908,cian_yo,890,200,硬核R18,0.645,R18情色向画师,同人为主,女性主体,裸体/暴露/体型特征,特效/后期,姿势/动态,goddess_of_victory:_nikke|overwatch|league_of_legends,goddess_of_victory:_nikke veiny_breasts commander_(nikke) ade_(nikke) mosaic_censoring patreon_logo patreon_username nayuta_(nikke),硬核R18 · R18情色向画师 · 裸体/暴露 · 体型特征 · 特效/后期 · 姿势/动态,https://danbooru.donmai.us/artists/1346908
656195,yamu_(reverse_noise),890,200,硬核R18,0.655,R18情色向画师,同人为主,男性主体,裸体/暴露/体型特征,漫画分镜/单色/灰度,漫画/多格,touhou|touhou_lostword|one_-_kagayaku_kisetsu_e,touhou koakuma page_number frilled_hair_tubes hakurei_reimu frilled_bow dated hair_tubes,硬核R18 · R18情色向画师 · 裸体/暴露 · 体型特征 · 漫画分镜 · 漫画/多格,https://danbooru.donmai.us/artists/656195
432026,torinone,889,200,全年龄向,0.075,百合专精,同人为主,群像/多人,军事/枪械/百合/GL,单色/灰度/漫画分镜,设定/图解,girls_und_panzer|mahou_shoujo_madoka_magica|mahou_shoujo_madoka_magica_(anime),girls_und_panzer darjeeling_(girls_und_panzer) kuromorimine_school_uniform st._gloriana's_school_uniform itsumi_erika assam_(girls_und_panzer) nishizumi_maho tomoe_mami,百合专精 · 军事/枪械 · 百合/GL · 单色/灰度 · 设定/图解,https://danbooru.donmai.us/artists/432026
1804692,dopey_(dopq),888,200,轻度色气,0.095,BL/腐向专精,原创/同人混合,男性主体,BL/腐向/体型特征,线稿/速写/素描/炭笔,肖像/半身,league_of_legends|xxl_woofia|overwatch,bara mature_male large_pectorals thick_beard full_beard pectorals muscular_male beard,BL/腐向专精 · BL/腐向 · 体型特征 · 线稿/速写 · 肖像/半身,https://danbooru.donmai.us/artists/1804692
1679916,falken_(yutozin),888,200,全年龄向,0.0,综合向插画师,同人为主,群像/多人,神话/宗教/和风,光影/氛围,差分/变体,touhou|blue_archive|konpeki_studio,touhou konpeki_studio mob_cap hina_(blue_archive) blue_archive yakumo_yukari konpaku_youmu album_cover,综合向插画师 · 神话/宗教 · 和风 · 光影/氛围 · 差分/变体,https://danbooru.donmai.us/artists/1679916
1699818,morisobo,886,200,情色向,0.125,R18情色向画师,同人为主,女性主体,裸体/暴露/泳装/内衣,赛璐璐/平涂,姿势/动态,blue_archive|pokemon|gundam,eyes_out_of_frame head_out_of_frame anime_coloring nipples bra_lift one_breast_out no_bra lifting_own_clothes,情色向 · R18情色向画师 · 裸体/暴露 · 泳装/内衣 · 赛璐璐/平涂 · 姿势/动态,https://danbooru.donmai.us/artists/1699818
1592537,mataro_(matarou),887,200,情色向,0.09,原创角色设计师,原创为主,女性主体,体型特征/泳装/内衣,,姿势/动态,elf_village|melonbooks|fate/grand_order,elf_village kukuru_(elf_village) cecil_(elf_village) shiny_skin mama_tiana unbuttoned_shirt kiriya_ruri cameltoe,情色向 · 原创角色设计师 · 体型特征 · 泳装/内衣 · 姿势/动态 · 原创为主,https://danbooru.donmai.us/artists/1592537
1753692,kurozawa_yui,887,200,轻度色气,0.005,综合向插画师,同人为主,群像/多人,体型特征/手足/局部,,姿势/动态,fate/grand_order|fate_(series)|limnos,tt013_(thirteennn013) limnos fate/grand_order fate_(series) minamoto_no_raikou_(fate) minamoto_no_raikou_(swimsuit_lancer)_(fate) baobhan_sith_(fate) baobhan_sith_(swimsuit_pretender)_(third_ascension)_(fate),综合向插画师 · 体型特征 · 手足/局部 · 姿势/动态 · 同人为主,https://danbooru.donmai.us/artists/1753692
409287,kobuichi,886,200,轻度色气,0.165,日常/治愈系,同人为主,群像/多人,裸体/暴露/日常/治愈,单色/灰度,俯视/仰视,tenshi_souzou_re-boot!|cafe_stella_to_shinigami_no_chou|senren_banka,tenshi_souzou_re-boot! shirayuki_noa cafe_stella_to_shinigami_no_chou akizuki_kanna yuzusoft senren_banka riddle_joker limelight_lemonade_jam,日常/治愈系 · 裸体/暴露 · 日常/治愈 · 单色/灰度 · 俯视/仰视,https://danbooru.donmai.us/artists/409287
517676,popqn,885,200,全年龄向,0.0,综合向插画师,同人为主,群像/多人,军事/枪械/自然/风景,特效/后期,单人立绘,blue_archive|evertale|azur_lane,evertale mashiro_(blue_archive) eimi_(blue_archive) kaguya_(evertale) eimi_(swimsuit)_(blue_archive) transparent_background snow_duck snowball_scooper,综合向插画师 · 军事/枪械 · 自然/风景 · 特效/后期 · 单人立绘,https://danbooru.donmai.us/artists/517676
1288478,norman_maggot,884,200,轻度色气,0.14,原创角色设计师,原创为主,群像/多人,体型特征/裸体/暴露,单色/灰度/漫画分镜,俯视/仰视,zenless_zone_zero|ruri_no_houseki|olverse,inne_sulistya_robin olive_laurentia astrid_(norman_maggot) desyana_laurentia pixie_cut bangs_pinned_back huge_breasts olverse,原创角色设计师 · 体型特征 · 裸体/暴露 · 单色/灰度 · 俯视/仰视,https://danbooru.donmai.us/artists/1288478
1088603,kawakami_rokkaku,884,200,硬核R18,0.575,R18情色向画师,原创/同人混合,女性主体,裸体/暴露/兽耳/亚人,单色/灰度/线稿/速写,姿势/动态,kantai_collection|spice_and_wolf|un-go,nejet_(kawakami_rokkaku) sasa_kazamori un-go spice_and_wolf holo brown_egyptian_cat-eared_loli_(trend) usekh_collar tone_(kancolle),硬核R18 · R18情色向画师 · 裸体/暴露 · 兽耳/亚人 · 单色/灰度 · 姿势/动态,https://danbooru.donmai.us/artists/1088603
1862751,mx2j,884,200,全年龄向,0.0,机甲/军事题材,同人为主,女性主体,军事/枪械/神话/宗教,,单人立绘,blue_archive|pokemon|pokemon_champions,tachi-e transparent_background blue_archive arisaka kazusa_(blue_archive) halo colored_inner_animal_ears fur-trimmed_socks,机甲/军事题材 · 军事/枪械 · 神话/宗教 · 单人立绘 · 同人为主,https://danbooru.donmai.us/artists/1862751
1601268,iwashi_dorobou_-r-,883,200,全年龄向,0.125,综合向插画师,同人为主,群像/多人,泳装/内衣/裸体/暴露,,俯视/仰视,neptune_(series)|kami_jigen_game_neptune_v|date_a_live,neptune_(series) nepgear d-pad_hair_ornament d-pad power_symbol-shaped_pupils power_symbol blanc_(neptunia) uni_(neptunia),综合向插画师 · 泳装/内衣 · 裸体/暴露 · 俯视/仰视 · 同人为主,https://danbooru.donmai.us/artists/1601268
417270,joy_ride,882,200,情色向,0.12,奇幻/魔法题材,原创/同人混合,女性主体,体型特征/泳装/内衣,单色/灰度,姿势/动态,precure|jk_bitch_ni_shiboraretai|hirogaru_sky!_precure,precure gyaru jk_bitch_ni_shiboraretai kogal yariko_(jk_bitch_ni_shiboraretai) houkago_ren-ai_club huge_breasts libido_7,情色向 · 奇幻/魔法题材 · 体型特征 · 泳装/内衣 · 单色/灰度 · 姿势/动态,https://danbooru.donmai.us/artists/417270
1292901,rebe11,881,200,硬核R18,0.96,R18情色向画师,同人为主,群像/多人,裸体/暴露/奇幻/魔法,漫画分镜,姿势/动态,cylinders:_trampled_heroines|arknights|honkai:_star_rail,fanbox_username patreon_username cylinders:_trampled_heroines venla lilja_(rebe11) mosaic_censoring penis web_address,硬核R18 · R18情色向画师 · 裸体/暴露 · 奇幻/魔法 · 漫画分镜 · 姿势/动态,https://danbooru.donmai.us/artists/1292901
1701640,zandra,880,200,全年龄向,0.0,场景/背景插画师,原创为主,非人物/静物,自然/风景/都市/街景,厚涂/数码绘/单色/灰度,场景插画,little_kitty_big_city|leaping_hare_press|porter_robinson_(copyright),scenery landscape no_humans mountainous_horizon sky_focus signature starry_sky colorful_clouds,场景/背景插画师 · 自然/风景 · 都市/街景 · 厚涂/数码绘 · 场景插画,https://danbooru.donmai.us/artists/1701640
1337566,bison_cangshu,879,200,全年龄向,0.0,综合向插画师,同人为主,女性主体,自然/风景/中式,,俯视/仰视,project-sp|girls'_frontline|indie_virtual_youtuber,project-sp rmb-93_(girls'_frontline) warship_girls_r li_mo_sumi girls'_frontline rmb-93 bang_dream! rabbit_tail_footwear,综合向插画师 · 自然/风景 · 中式 · 俯视/仰视 · 同人为主,https://danbooru.donmai.us/artists/1337566
2386607,allurmilk,879,200,硬核R18,0.915,R18情色向画师,原创/同人混合,群像/多人,裸体/暴露/体型特征,漫画分镜,姿势/动态,pokemon|sousou_no_frieren|kono_subarashii_sekai_ni_shukufuku_wo!,futanari sagging_testicles kamiya_midori full-package_futanari testicles futa_with_male large_testicles huge_testicles,硬核R18 · R18情色向画师 · 裸体/暴露 · 体型特征 · 漫画分镜 · 姿势/动态,https://danbooru.donmai.us/artists/2386607
1597538,torriet,878,200,轻度色气,0.005,原创角色设计师,原创为主,群像/多人,泳装/内衣/手足/局部,,俯视/仰视,genshin_impact|bocchi_the_rock!|blue_archive,priite_hari_(torriet) iruka_blue_(torriet) marchen_(torriet) aegyo_sal erie_ever_(torriet) mesugaki purple_ribbon ass_focus,原创角色设计师 · 泳装/内衣 · 手足/局部 · 俯视/仰视 · 原创为主,https://danbooru.donmai.us/artists/1597538
709519,finalcake,878,200,轻度色气,0.08,综合向插画师,同人为主,男性主体,手足/局部/裸体/暴露,,设定/图解,street_fighter|va-11_hall-a|street_fighter_6,jill_stingray va-11_hall-a artist_logo street_fighter street_fighter_6 logo hololive_english t-back_spats,综合向插画师 · 手足/局部 · 裸体/暴露 · 设定/图解 · 同人为主,https://danbooru.donmai.us/artists/709519
383226,kuroboshi_kouhaku,878,200,全年龄向,0.0,综合向插画师,同人为主,男性主体,军事/枪械/自然/风景,拼贴/混合/线稿/速写,场景插画,fate/grand_order|fate_(series)|tsurugihime,tsurugihime abigail_williams_(fate) arche_a._pleides fate/grand_order kino_(kino_no_tabi) fate_(series) kino_no_tabi jacques_de_molay_(foreigner)_(fate),综合向插画师 · 军事/枪械 · 自然/风景 · 拼贴/混合 · 场景插画,https://danbooru.donmai.us/artists/383226
623492,robaato,879,200,轻度色气,0.14,传统手绘媒介,同人为主,群像/多人,体型特征/裸体/暴露,单色/灰度/线稿/速写,姿势/动态,street_fighter|final_fantasy|mario_(series),lips xarope_(robaato) street_fighter thick_thighs final_fantasy_vii princess_daisy long_legs lipstick,传统手绘媒介 · 体型特征 · 裸体/暴露 · 单色/灰度 · 姿势/动态,https://danbooru.donmai.us/artists/623492
1467563,sunhyun,877,200,硬核R18,0.965,R18情色向画师,同人为主,男性主体,裸体/暴露/神话/宗教,漫画分镜,姿势/动态,blue_archive|bocchi_the_rock!|zenless_zone_zero,blue_archive kita_ikuyo bocchi_the_rock! mosaic_censoring penis sex hetero kei_(blue_archive),硬核R18 · R18情色向画师 · 裸体/暴露 · 神话/宗教 · 漫画分镜 · 姿势/动态,https://danbooru.donmai.us/artists/1467563
639021,shuri_(84k),878,200,全年龄向,0.01,综合向插画师,同人为主,群像/多人,泳装/内衣/奇幻/魔法,线稿/速写/漫画分镜,差分/变体,the_legend_of_zelda|the_legend_of_zelda:_tears_of_the_kingdom|hololive,princess_zelda the_legend_of_zelda the_legend_of_zelda:_tears_of_the_kingdom link twitter_username usada_pekora tri_(zelda) hololive,综合向插画师 · 泳装/内衣 · 奇幻/魔法 · 线稿/速写 · 差分/变体,https://danbooru.donmai.us/artists/639021
1480904,kimoshi,877,200,硬核R18,0.73,日常/治愈系,同人为主,女性主体,裸体/暴露/日常/治愈,特效/后期/单色/灰度,姿势/动态,tokidoki_bosotto_roshia-go_de_dereru_tonari_no_alya-san|sousou_no_frieren|kaguya-sama_wa_kokurasetai_~tensai-tachi_no_renai_zunousen~,mosaic_censoring tokidoki_bosotto_roshia-go_de_dereru_tonari_no_alya-san sex shirogane_kei kaguya-sama_wa_kokurasetai_~tensai-tachi_no_renai_zunousen~ vaginal censored alisa_mikhailovna_kujou,硬核R18 · 日常/治愈系 · 裸体/暴露 · 日常/治愈 · 特效/后期 · 姿势/动态,https://danbooru.donmai.us/artists/1480904
1567139,shashaki,877,200,全年龄向,0.0,日常/治愈系,原创/同人混合,男性主体,校园/泳装/内衣,特效/后期/漫画分镜,差分/变体,galholic|otaku-kun_to_gyaru_no_koi|sousou_no_frieren,galholic nanaho_(galholic) otaku-kun_to_gyaru_no_koi mio_(galholic) momoka_(galholic) osanai_(shashaki) iinchou_(shashaki) gyaru,日常/治愈系 · 校园 · 泳装/内衣 · 特效/后期 · 差分/变体,https://danbooru.donmai.us/artists/1567139
1411899,madcore,877,200,全年龄向,0.0,漫画/剧情向,同人为主,非人物/静物,日常/治愈/角色扮演/异装,漫画分镜/单色/灰度,漫画/多格,girls'_frontline|girls'_frontline_2:_exilium|girls'_frontline_neural_cloud,sticker_(medium) girls'_frontline girls'_frontline_2:_exilium kalina_(girls'_frontline)_(cosplay) kalina_(girls'_frontline) p90_(girls'_frontline) chibi_only korean_text,漫画/剧情向 · 日常/治愈 · 角色扮演/异装 · 漫画分镜 · 漫画/多格,https://danbooru.donmai.us/artists/1411899
1762612,nozo_(hitomiz),877,200,全年龄向,0.0,同人角色专精,同人为主,男性主体,兽耳/亚人/中式,线稿/速写,肖像/半身,nijisanji|umamusume|mario_(series),igarashi_rika igarashi_rika_(1st_costume) nijisanji azarashii_(igarashi_rika) yamagami_karuta seal_(animal) virtual_youtuber blush_stickers,同人角色专精 · 兽耳/亚人 · 中式 · 线稿/速写 · 肖像/半身,https://danbooru.donmai.us/artists/1762612
1722548,makicha_(sasurainopink),875,200,全年龄向,0.0,综合向插画师,同人为主,群像/多人,神话/宗教/兽耳/亚人,赛璐璐/平涂,设定/图解,blue_archive|monogatari_(series)|grow_up_show:_himawari_no_circus-dan,hachikuji_mayoi monogatari_(series) ui_(blue_archive) blue_archive tsurumaki_mizuka grow_up_show:_himawari_no_circus-dan black_overalls kawasumi_oka,综合向插画师 · 神话/宗教 · 兽耳/亚人 · 赛璐璐/平涂 · 设定/图解,https://danbooru.donmai.us/artists/1722548
1987000,ng1sh8,875,200,硬核R18,1.0,R18情色向画师,同人为主,男性主体,裸体/暴露/手足/局部,漫画分镜,单人立绘,zenless_zone_zero|honkai_(series)|honkai_impact_3rd,honkai_impact_3rd honkai_(series) male_pubic_hair zenless_zone_zero mosaic_censoring penis captain_(honkai_impact) pubic_hair,硬核R18 · R18情色向画师 · 裸体/暴露 · 手足/局部 · 漫画分镜 · 单人立绘,https://danbooru.donmai.us/artists/1987000
1279275,jetto_komusou,875,200,全年龄向,0.0,漫画/剧情向,同人为主,群像/多人,日常/治愈/兽耳/亚人,漫画分镜,漫画/多格,touhou|ibm|honest_axe,4koma touhou missing_headwear comic kirisame_marisa emphasis_lines izayoi_sakuya hakurei_reimu,漫画/剧情向 · 日常/治愈 · 兽耳/亚人 · 漫画分镜 · 漫画/多格,https://danbooru.donmai.us/artists/1279275
1269106,kazutake_hazano,874,200,全年龄向,0.0,单色线稿派,同人为主,男性主体,日常/治愈/自然/风景,单色/灰度/漫画分镜,漫画/多格,hakanai_kimi_wa_moukou_wo_hajimeru|shiro_seijo_to_kuro_bokushi|eshi_100_nin_ten,hakanai_kimi_wa_moukou_wo_hajimeru fuyukawa_kagari terui_soushichi greyscale comic monochrome cecilia_(shiro_seijo_to_kuro_bokushi) shiro_seijo_to_kuro_bokushi,单色线稿派 · 日常/治愈 · 自然/风景 · 单色/灰度 · 漫画/多格,https://danbooru.donmai.us/artists/1269106
1385275,komusou_(jinrikisha),874,200,情色向,0.12,原创角色设计师,原创为主,女性主体,体型特征/泳装/内衣,单色/灰度,表情/表演,bombergirl|kono_subarashii_sekai_ni_shukufuku_wo!|pokemon,ooba_minori sepia_belmont gigantic_breasts bombergirl huge_breasts dirndl german_clothes plump,情色向 · 原创角色设计师 · 体型特征 · 泳装/内衣 · 单色/灰度 · 表情/表演,https://danbooru.donmai.us/artists/1385275
1409104,donguri_suzume,873,200,全年龄向,0.0,综合向插画师,同人为主,男性主体,兽耳/亚人/校园,线稿/速写,单人立绘,indie_virtual_youtuber|nijisanji|nanashi_inc.,white_border virtual_youtuber nanashi_inc. naked_ribbon border yurusaren_hansei hatsuka_chiyu oda_nobuhime,综合向插画师 · 兽耳/亚人 · 校园 · 线稿/速写 · 单人立绘,https://danbooru.donmai.us/artists/1409104
1365755,you_(noanoamoemoe),872,200,全年龄向,0.0,综合向插画师,同人为主,群像/多人,兽耳/亚人/自然/风景,线稿/速写/特效/后期,单人立绘,touhou|flower_fight|blue_archive,touhou chibi_only disembodied_linked_eye no_nose komeiji_koishi chibi grid_background flower_fight,综合向插画师 · 兽耳/亚人 · 自然/风景 · 线稿/速写 · 单人立绘,https://danbooru.donmai.us/artists/1365755
1578210,nottytiffy,871,200,轻度色气,0.0,原创角色设计师,原创为主,女性主体,兽耳/亚人/角色扮演/异装,,姿势/动态,grand_theft_auto|grand_theft_auto_vi|xenoblade_chronicles_(series),tiffy_(nottytiffy) patreon_username web_address slit_pupils cat_girl curvy thick_thighs cat_tail,原创角色设计师 · 兽耳/亚人 · 角色扮演/异装 · 姿势/动态 · 原创为主,https://danbooru.donmai.us/artists/1578210
499684,xiacheng_tatsuya,871,200,全年龄向,0.0,综合向插画师,同人为主,男性主体,和风/军事/枪械,线稿/速写,姿势/动态,eiyuu_densetsu|kuro_no_kiseki_(series)|kai_no_kiseki,eiyuu_densetsu kuro_no_kiseki_(series) kyoto_xanadu kai_no_kiseki grid_skirt kuro_no_kiseki_i ao_no_kiseki zero_no_kiseki,综合向插画师 · 和风 · 军事/枪械 · 线稿/速写 · 姿势/动态,https://danbooru.donmai.us/artists/499684
1588219,ett,870,200,硬核R18,0.685,R18情色向画师,原创/同人混合,女性主体,裸体/暴露/兽耳/亚人,特效/后期/漫画分镜,姿势/动态,arknights|blue_archive|azur_lane,arknights callisto_(greyeth) utage_(arknights) fanbox_username patreon_username blue_archive nipples pussy,硬核R18 · R18情色向画师 · 裸体/暴露 · 兽耳/亚人 · 特效/后期 · 姿势/动态,https://danbooru.donmai.us/artists/1588219
665544,inu_(aerodog),870,200,情色向,0.23,综合向插画师,原创/同人混合,群像/多人,裸体/暴露/泳装/内衣,单色/灰度/漫画分镜,姿势/动态,blue_archive|idolmaster|gakuen_idolmaster,blue_archive idolmaster gakuen_idolmaster idolmaster_shiny_colors jimiko content_rating serizawa_asahi himesaki_rinami,情色向 · 综合向插画师 · 裸体/暴露 · 泳装/内衣 · 单色/灰度 · 姿势/动态,https://danbooru.donmai.us/artists/665544
716720,nanashiro_gorou,869,200,全年龄向,0.0,漫画/剧情向,同人为主,群像/多人,制服/职场/校园,漫画分镜/单色/灰度,漫画/多格,girls_und_panzer|girls_und_panzer_motto_love_love_sakusen_desu!|lycoris_recoil,girls_und_panzer_motto_love_love_sakusen_desu! girls_und_panzer 4koma ooarai_school_uniform emphasis_lines gloom_(expression) 0_0 solid_oval_eyes,漫画/剧情向 · 制服/职场 · 校园 · 漫画分镜 · 漫画/多格,https://danbooru.donmai.us/artists/716720
2221275,asahina_yoshitoshi,869,200,硬核R18,0.505,单色线稿派,同人为主,群像/多人,裸体/暴露/神话/宗教,单色/灰度/漫画分镜,漫画/多格,blue_archive|touhou|kanagawa_oki_nami_ura,blue_archive sensei_(blue_archive) kei_(blue_archive) rectangular_halo greyscale kei_(student)_(blue_archive) seia_(blue_archive) monochrome,硬核R18 · 单色线稿派 · 裸体/暴露 · 神话/宗教 · 单色/灰度 · 漫画/多格,https://danbooru.donmai.us/artists/2221275
1247831,akagashi_hagane,868,200,全年龄向,0.0,综合向插画师,同人为主,群像/多人,兽耳/亚人/体育/运动,单色/灰度/特效/后期,漫画/多格,touhou|arknights|tate_no_yuusha_no_nariagari,touhou nazrin mouse_ears arknights mouse_tail pendant mouse_(animal) tate_no_yuusha_no_nariagari,综合向插画师 · 兽耳/亚人 · 体育/运动 · 单色/灰度 · 漫画/多格,https://danbooru.donmai.us/artists/1247831
496919,jingai_modoki,866,200,轻度色气,0.36,兽耳/亚人专精,同人为主,男性主体,裸体/暴露/兽耳/亚人,单色/灰度/线稿/速写,姿势/动态,mon-musu_quest!|granblue_fantasy|mon-musu_quest:_paradox,mon-musu_quest! tamamo_(mon-musu_quest!) harvin luka_(mon-musu_quest!) mon-musu_quest:_paradox seal_impression charlotta_(granblue_fantasy) loli,兽耳/亚人专精 · 裸体/暴露 · 兽耳/亚人 · 单色/灰度 · 姿势/动态,https://danbooru.donmai.us/artists/496919
1507661,greatm8,866,200,硬核R18,0.87,R18情色向画师,同人为主,男性主体,裸体/暴露/兽人/furry,3D/渲染/光影/氛围,俯视/仰视,boku_no_hero_academia|pokemon|pokemon_ruby/sapphire/emerald,boku_no_hero_academia large_clitoris uncensored clitoral_hood clitoris ashido_mina pokephilia midoriya_izuku,硬核R18 · R18情色向画师 · 裸体/暴露 · 兽人/furry · 3D/渲染 · 俯视/仰视,https://danbooru.donmai.us/artists/1507661
210256,goto_p,865,200,全年龄向,0.005,像素/复古画师,同人为主,群像/多人,自然/风景/校园,光影/氛围/像素画,俯视/仰视,angel_beats!|clannad|heaven_burns_red,tachibana_kanade angel_beats! clannad pc-98_(style) heaven_burns_red key_(company) okazaki_ushio summer_pockets,像素/复古画师 · 自然/风景 · 校园 · 光影/氛围 · 俯视/仰视,https://danbooru.donmai.us/artists/210256
1321188,keenh,865,200,轻度色气,0.065,日常/治愈系,原创/同人混合,群像/多人,体型特征/日常/治愈,,表情/表演,girls'_frontline|blue_archive|azur_lane,huge_breasts girls'_frontline kar98k_(girls'_frontline) toyoda_rio_(rc_f) gigantic_breasts tyara_(keenh) rio_(blue_archive) fn-49_(girls'_frontline),日常/治愈系 · 体型特征 · 日常/治愈 · 表情/表演 · 原创/同人混合,https://danbooru.donmai.us/artists/1321188
1271926,silence_girl,864,200,全年龄向,0.03,综合向插画师,同人为主,群像/多人,军事/枪械/自然/风景,,姿势/动态,genshin_impact|honkai_(series)|honkai:_star_rail,svd_(girls'_frontline) punishing:_gray_raven girls'_frontline honkai:_star_rail honkai_(series) genshin_impact hanying_(pgr) evernight_(honkai:_star_rail),综合向插画师 · 军事/枪械 · 自然/风景 · 姿势/动态 · 同人为主,https://danbooru.donmai.us/artists/1271926
536883,watarui,864,200,轻度色气,0.105,综合向插画师,同人为主,群像/多人,和风/体型特征,单色/灰度/漫画分镜,漫画/多格,blue_archive|umamusume|azur_lane,neferpitou umamusume kei_(blue_archive) senran_kagura carro_(watarui) lit_fuse blue_archive horse_girl,综合向插画师 · 和风 · 体型特征 · 单色/灰度 · 漫画/多格,https://danbooru.donmai.us/artists/536883
1458142,sak_(lemondisk),864,200,全年龄向,0.055,综合向插画师,同人为主,群像/多人,神话/宗教/泳装/内衣,漫画分镜/线稿/速写,差分/变体,blue_archive|zenless_zone_zero|stella_sora,blue_archive nozomi_(blue_archive) green_halo hikari_(blue_archive) mari_(blue_archive) black_tail halo nozomi_(kujibikido)_(blue_archive),综合向插画师 · 神话/宗教 · 泳装/内衣 · 漫画分镜 · 差分/变体,https://danbooru.donmai.us/artists/1458142
1758258,mpien,863,200,全年龄向,0.0,日常/治愈系,同人为主,群像/多人,日常/治愈/神话/宗教,漫画分镜,漫画/多格,hololive|hololive_english|monster_hunter_(series),takodachi_(ninomae_ina'nis) hololive_english ninomae_ina'nis pebble_(koseki_bijou) koseki_bijou hololive tentacle_hair chattino_(raora_panthera),日常/治愈系 · 日常/治愈 · 神话/宗教 · 漫画分镜 · 漫画/多格,https://danbooru.donmai.us/artists/1758258
1439431,boa_(brianoa),863,200,全年龄向,0.005,综合向插画师,同人为主,群像/多人,军事/枪械/科幻/机甲,单色/灰度,肖像/半身,touhou|fate_(series)|fate/grand_order,touhou fate/stay_night fate_(series) twitter_username artoria_pendragon_(fate) tsukihime houraisan_kaguya saber_(fate),综合向插画师 · 军事/枪械 · 科幻/机甲 · 单色/灰度 · 肖像/半身,https://danbooru.donmai.us/artists/1439431
1635390,donburi_(donburikazoku),860,200,硬核R18,0.58,R18情色向画师,同人为主,女性主体,裸体/暴露/体型特征,漫画分镜/线稿/速写,设定/图解,final_fantasy|final_fantasy_xiv|panty_&_stocking_with_garterbelt,patreon_username artist_logo fanbox_username web_address bluesky_username lilia_lunaria_(donburi) logo subscribestar_username,硬核R18 · R18情色向画师 · 裸体/暴露 · 体型特征 · 漫画分镜 · 设定/图解,https://danbooru.donmai.us/artists/1635390
884665,norasuko,859,200,情色向,0.475,R18情色向画师,原创/同人混合,双人/CP,裸体/暴露/体型特征,单色/灰度/漫画分镜,姿势/动态,street_fighter|final_fantasy|street_fighter_6,robbie_(norasuko) miranda_(norasuko) uncensored perineum street_fighter clitoral_hood gwynwevere_(the_consort) the_consort_(norasuko),情色向 · R18情色向画师 · 裸体/暴露 · 体型特征 · 单色/灰度 · 姿势/动态,https://danbooru.donmai.us/artists/884665
1422450,osiimi,859,200,情色向,0.16,综合向插画师,原创/同人混合,女性主体,体型特征/裸体/暴露,单色/灰度/漫画分镜,俯视/仰视,crawling_dreams|indie_virtual_youtuber|vshojo,nyarla_(osiimi) crawling_dreams huge_breasts curvy thick_thighs eurydice_tries sally_sinclair wide_hips,情色向 · 综合向插画师 · 体型特征 · 裸体/暴露 · 单色/灰度 · 俯视/仰视,https://danbooru.donmai.us/artists/1422450
1592313,sseopik,857,200,轻度色气,0.2,传统手绘媒介,同人为主,群像/多人,神话/宗教/裸体/暴露,漫画分镜,设定/图解,blue_archive|zenless_zone_zero|goddess_of_victory:_nikke,blue_archive loli halo kokona_(blue_archive) artist_logo pink_halo shun_(small)_(blue_archive) green_halo,传统手绘媒介 · 神话/宗教 · 裸体/暴露 · 漫画分镜 · 设定/图解,https://danbooru.donmai.us/artists/1592313
377042,shinama,857,200,情色向,0.345,百合专精,同人为主,双人/CP,裸体/暴露/泳装/内衣,单色/灰度/线稿/速写,肖像/半身,mahou_shoujo_madoka_magica|mahou_shoujo_madoka_magica_(anime)|mahou_shoujo_madoka_magica:_hangyaku_no_monogatari,mahou_shoujo_madoka_magica mahou_shoujo_madoka_magica_(anime) miki_sayaka mahou_shoujo_madoka_magica:_hangyaku_no_monogatari akemi_homura sakura_kyoko tomoe_mami miki_sayaka_(magical_girl),情色向 · 百合专精 · 裸体/暴露 · 泳装/内衣 · 单色/灰度 · 肖像/半身,https://danbooru.donmai.us/artists/377042
1280860,yt_(wai-tei),855,200,全年龄向,0.0,同人角色专精,同人为主,群像/多人,兽耳/亚人/和风,单色/灰度/漫画分镜,漫画/多格,touhou|embodiment_of_scarlet_devil|chiko-chan_ni_shikarareru!,touhou yorigami_jo'on yorigami_shion bangle komeiji_koishi sleepwear mystia_lorelei bird_ears,同人角色专精 · 兽耳/亚人 · 和风 · 单色/灰度 · 漫画/多格,https://danbooru.donmai.us/artists/1280860
1599638,ewa_(seraphhuiyu),856,200,全年龄向,0.035,BL/腐向专精,同人为主,男性主体,BL/腐向/日常/治愈,单色/灰度/漫画分镜,漫画/多格,danganronpa_(series)|danganronpa_v3:_killing_harmony|scp_foundation,oma_kokichi danganronpa_v3:_killing_harmony saihara_shuichi danganronpa_(series) checkered_neckerchief checkered_scarf dice_members_(danganronpa) yaoi,BL/腐向专精 · BL/腐向 · 日常/治愈 · 单色/灰度 · 漫画/多格,https://danbooru.donmai.us/artists/1599638
1566680,dermar,855,200,硬核R18,0.67,R18情色向画师,原创/同人混合,群像/多人,裸体/暴露/手足/局部,漫画分镜/单色/灰度,漫画/多格,azur_lane|blue_archive|indie_virtual_youtuber,nipples azur_lane completely_nude sex censored mosaic_censoring bar_censor hetero,硬核R18 · R18情色向画师 · 裸体/暴露 · 手足/局部 · 漫画分镜 · 漫画/多格,https://danbooru.donmai.us/artists/1566680
397773,kouno_hikaru,853,200,轻度色气,0.01,原创角色设计师,原创/同人混合,群像/多人,自然/风景/历史/复古,漫画分镜,俯视/仰视,gendai_ninjakko_zukan|akemiho_tabi_nikki|lyrical_nanoha,gendai_ninjakko_zukan akemiho_tabi_nikki fukube_tamaki akatsuki_miho oribe_shiori foliage momochi_yurika bob_cut,原创角色设计师 · 自然/风景 · 历史/复古 · 漫画分镜 · 俯视/仰视,https://danbooru.donmai.us/artists/397773
1321053,baffu,854,200,全年龄向,0.065,原创角色设计师,原创为主,群像/多人,军事/枪械/神话/宗教,单色/灰度/线稿/速写,差分/变体,blue_archive|xenoblade_chronicles_(series)|xenoblade_chronicles_2,hitoyo_(baffu) akari_(baffu) asuna_(blue_archive) blue_archive blue_halo xenoblade_chronicles_(series) halo yuuna_(baffu),原创角色设计师 · 军事/枪械 · 神话/宗教 · 单色/灰度 · 差分/变体,https://danbooru.donmai.us/artists/1321053
1424357,natsuki_teru,853,200,全年龄向,0.0,像素/复古画师,原创/同人混合,群像/多人,校园/和风,单色/灰度/漫画分镜,漫画/多格,joreibu_no_mikado-san|vrchat|blue_archive,joreibu_no_mikado-san kanda_yui mikado_iori vrchat nekomiya_ryuu puffy_long_sleeves kuranami_shiki kokkuri-san_(game),像素/复古画师 · 校园 · 和风 · 单色/灰度 · 漫画/多格,https://danbooru.donmai.us/artists/1424357
1540375,onsoku_inu,853,200,全年龄向,0.0,综合向插画师,原创/同人混合,女性主体,体型特征/兽耳/亚人,单色/灰度,肖像/半身,fate_(series)|fate/grand_order|umamusume,alma_(onsoku_inu) fate/grand_order fate_(series) umamusume horse_girl horse_ears taiki_shuttle_(umamusume) horse_tail,综合向插画师 · 体型特征 · 兽耳/亚人 · 单色/灰度 · 肖像/半身,https://danbooru.donmai.us/artists/1540375
382734,minamura_haruki,853,200,全年龄向,0.01,综合向插画师,原创/同人混合,群像/多人,泳装/内衣/自然/风景,线稿/速写/素描/炭笔,单人立绘,hololive|touhou|kantai_collection,natsuiro_matsuri hololive hozuki_sosogu_(minamura_haruki) virtual_youtuber natsuiro_matsuri_(summer_2020) natsuiro_matsuri_(1st_costume) natsuiro_matsuri_(casual) touhou,综合向插画师 · 泳装/内衣 · 自然/风景 · 线稿/速写 · 单人立绘,https://danbooru.donmai.us/artists/382734
718512,ndgd,853,200,硬核R18,0.95,R18情色向画师,同人为主,群像/多人,裸体/暴露/体型特征,特效/后期,姿势/动态,honkai_(series)|honkai:_star_rail|zenless_zone_zero,futa_with_female futanari stelle_(honkai:_star_rail) trailblazer_(honkai:_star_rail) honkai:_star_rail honkai_(series) belle_(zenless_zone_zero) ffd_threesome,硬核R18 · R18情色向画师 · 裸体/暴露 · 体型特征 · 特效/后期 · 姿势/动态,https://danbooru.donmai.us/artists/718512
630337,hm_(hmongt),852,200,轻度色气,0.035,漫画/剧情向,同人为主,群像/多人,神话/宗教/军事/枪械,漫画分镜/线稿/速写,漫画/多格,blue_archive|stella_sora|arknights,female_tyrant_(stella_sora) tyrant_(stella_sora) stella_sora blue_archive hanako_(blue_archive) doodle_sensei_(blue_archive) sensei_(blue_archive) arknights,漫画/剧情向 · 神话/宗教 · 军事/枪械 · 漫画分镜 · 漫画/多格,https://danbooru.donmai.us/artists/630337
1609420,yamashichi_(mtseven),851,200,全年龄向,0.0,同人角色专精,同人为主,群像/多人,校园/和风,漫画分镜,差分/变体,kantai_collection|hokkaido_nippon-ham_fighters|girls'_frontline,kantai_collection one-hour_drawing_challenge kasuga_maru_(kancolle) yawata_maru_(kancolle) shin'you_(kancolle) taiyou_(kancolle) un'you_(kancolle) i-41_(kancolle),同人角色专精 · 校园 · 和风 · 漫画分镜 · 差分/变体,https://danbooru.donmai.us/artists/1609420
1639460,gotyou,848,200,全年龄向,0.0,综合向插画师,同人为主,群像/多人,神话/宗教/兽耳/亚人,线稿/速写/素描/炭笔,俯视/仰视,blue_archive|azur_lane|hololive,azur_lane blue_archive manjuu_(azur_lane) loading_screen uni_create hololive mochizuki_himari usada_pekora,综合向插画师 · 神话/宗教 · 兽耳/亚人 · 线稿/速写 · 俯视/仰视,https://danbooru.donmai.us/artists/1639460
1429997,megao_3rd,848,200,情色向,0.425,R18情色向画师,同人为主,男性主体,裸体/暴露/体型特征,单色/灰度/漫画分镜,姿势/动态,fate/grand_order|fate_(series)|umamusume,large_areolae huge_breasts cleopatra_(fate) fate/grand_order nipples breasts_squeezed_together umamusume fate_(series),情色向 · R18情色向画师 · 裸体/暴露 · 体型特征 · 单色/灰度 · 姿势/动态,https://danbooru.donmai.us/artists/1429997
2221211,meopun_(meopen429),847,200,全年龄向,0.0,综合向插画师,同人为主,男性主体,兽耳/亚人/BL/腐向,漫画分镜,漫画/多格,arknights|hololive|hololive_english,tenzin_(arknights) silverash_(arknights) arknights doctor_(arknights) snow_leopard_boy snow_leopard_ears twitter_username hololive,综合向插画师 · 兽耳/亚人 · BL/腐向 · 漫画分镜 · 漫画/多格,https://danbooru.donmai.us/artists/2221211
1203710,crumbles,847,200,硬核R18,0.83,R18情色向画师,原创为主,双人/CP,裸体/暴露/体型特征,漫画分镜,姿势/动态,indie_virtual_youtuber|genshin_impact|blue_archive,loli shimo_hisae cherry_hair_ornament strawberry_hair_ornament flat_chest unworn_bag mosaic_censoring erection,硬核R18 · R18情色向画师 · 裸体/暴露 · 体型特征 · 漫画分镜 · 姿势/动态,https://danbooru.donmai.us/artists/1203710
1313321,deetamu,847,200,全年龄向,0.005,日常/治愈系,同人为主,群像/多人,日常/治愈/战斗/动作,单色/灰度/漫画分镜,漫画/多格,touhou|imperishable_night|perfect_cherry_blossom,touhou hakurei_reimu frilled_hair_tubes imperishable_night frilled_bow kirisame_marisa fujiwara_no_mokou kamishirasawa_keine,日常/治愈系 · 日常/治愈 · 战斗/动作 · 单色/灰度 · 漫画/多格,https://danbooru.donmai.us/artists/1313321
413707,koku,847,200,硬核R18,0.585,奇幻/魔法题材,同人为主,双人/CP,裸体/暴露/体型特征,,俯视/仰视,nandome_ka_no_hajimemashite|stellula_eques|hapymaher,choumai_sui nandome_ka_no_hajimemashite kinou_yumeto stellula_eques kodama_izayoi hapymaher haruno_sakura_(stellula_eques) himemiya_hiori,硬核R18 · 奇幻/魔法题材 · 裸体/暴露 · 体型特征 · 俯视/仰视 · 同人为主,https://danbooru.donmai.us/artists/413707
1277430,dannex009,852,200,硬核R18,0.965,R18情色向画师,同人为主,双人/CP,裸体/暴露/手足/局部,,单人立绘,fire_emblem|fire_emblem:_three_houses|pokemon,fire_emblem male_byleth_(fire_emblem) fire_emblem:_three_houses mosaic_censoring sex penis vaginal watermark,硬核R18 · R18情色向画师 · 裸体/暴露 · 手足/局部 · 单人立绘 · 同人为主,https://danbooru.donmai.us/artists/1277430
583605,petenshi_(dr._vermilion),846,200,轻度色气,0.215,日常/治愈系,同人为主,群像/多人,裸体/暴露/恐怖/猎奇,特效/后期/线稿/速写,姿势/动态,voiceroid|vocaloid|voicevox,voiceroid kotonoha_akane yuzuki_yukari kizuna_akari tsurumaki_maki touhoku_kiritan breasts_on_table kotonoha_aoi,日常/治愈系 · 裸体/暴露 · 恐怖/猎奇 · 特效/后期 · 姿势/动态,https://danbooru.donmai.us/artists/583605
2000163,saishosaisekojo,846,200,全年龄向,0.0,综合向插画师,原创/同人混合,女性主体,军事/枪械/兽耳/亚人,线稿/速写,单人立绘,princess_connect!|blue_archive|hololive,chibi_only chibi princess_connect! sasaki_noa_(saishosaisekojo) zodiac eriko_(princess_connect!) thighhighs_under_boots white_outline,综合向插画师 · 军事/枪械 · 兽耳/亚人 · 线稿/速写 · 单人立绘,https://danbooru.donmai.us/artists/2000163
1227007,ruukii_drift,845,200,全年龄向,0.0,综合向插画师,同人为主,群像/多人,手足/局部/军事/枪械,单色/灰度,俯视/仰视,umamusume|vocaloid|girls'_frontline,umamusume weibo_watermark horse_girl horse_ears horse_tail sample_watermark watermark ear_ornament,综合向插画师 · 手足/局部 · 军事/枪械 · 单色/灰度 · 俯视/仰视,https://danbooru.donmai.us/artists/1227007
1547339,suyasuyabi,844,200,全年龄向,0.0,场景/背景插画师,同人为主,非人物/静物,自然/风景/科幻/机甲,线稿/速写,场景插画,kirby_(series)|kirby_air_ride|kirby_and_the_forgotten_land,kirby kirby_(series) waddle_dee gooey_(kirby) no_humans bandana_waddle_dee kirby_air_ride kirby_and_the_forgotten_land,场景/背景插画师 · 自然/风景 · 科幻/机甲 · 线稿/速写 · 场景插画,https://danbooru.donmai.us/artists/1547339
1483175,seihekiog,843,200,全年龄向,0.005,综合向插画师,同人为主,女性主体,泳装/内衣/手足/局部,,姿势/动态,idolmaster|gakuen_idolmaster|azur_lane,gakuen_idolmaster hanami_ume idolmaster kaya_rinha white_choker side-tie_bikini_bottom white_bikini taihou_(azur_lane),综合向插画师 · 泳装/内衣 · 手足/局部 · 姿势/动态 · 同人为主,https://danbooru.donmai.us/artists/1483175
1335201,bluefield,843,200,全年龄向,0.0,同人角色专精,同人为主,群像/多人,体型特征/制服/职场,漫画分镜,差分/变体,hololive|hololive_english|zenless_zone_zero,hololive_english hololive mori_calliope virtual_youtuber takanashi_kiara hoshimachi_suisei hakos_baelz star_in_eye,同人角色专精 · 体型特征 · 制服/职场 · 漫画分镜 · 差分/变体,https://danbooru.donmai.us/artists/1335201
1248846,hetza_(hellshock),842,200,全年龄向,0.015,机甲/军事题材,原创/同人混合,男性主体,军事/枪械/战斗/动作,特效/后期/漫画分镜,单人立绘,dairoku_ryouhei|chain_paradox|signalis,dairoku_ryouhei chain_paradox transparent_background blood_on_clothes holstered belt_pouch leg_armor gun,机甲/军事题材 · 军事/枪械 · 战斗/动作 · 特效/后期 · 单人立绘,https://danbooru.donmai.us/artists/1248846
1290697,iahfy,841,200,轻度色气,0.105,百合专精,原创/同人混合,双人/CP,体型特征/裸体/暴露,单色/灰度/漫画分镜,肖像/半身,avatar_legends|the_legend_of_korra|marvel,synth_(iahfy) the_legend_of_korra korra avatar_legends asami_sato patreon_username muscular_female bluesky_username,百合专精 · 体型特征 · 裸体/暴露 · 单色/灰度 · 肖像/半身,https://danbooru.donmai.us/artists/1290697
1503162,kupa_(jesterwii),841,200,硬核R18,0.66,单色线稿派,同人为主,男性主体,裸体/暴露/体型特征,单色/灰度/线稿/速写,姿势/动态,genshin_impact|zenless_zone_zero|arknights,bilibili_username blur_censor spot_color loli aino_(genshin_impact) besna_(oc) monochrome greyscale,硬核R18 · 单色线稿派 · 裸体/暴露 · 体型特征 · 单色/灰度 · 姿势/动态,https://danbooru.donmai.us/artists/1503162
599160,cream_(nipakupa),846,200,全年龄向,0.0,综合向插画师,同人为主,群像/多人,校园/日常/治愈,,差分/变体,love_live!|love_live!_nijigasaki_high_school_idol_club|love_live!_sunshine!!,love_live! love_live!_nijigasaki_high_school_idol_club love_live!_sunshine!! birthday tsushima_yoshiko nijigasaki_school_uniform uranohoshi_school_uniform love_live!_sunshine!!_the_school_idol_movie_over_the_rainbow,综合向插画师 · 校园 · 日常/治愈 · 差分/变体 · 同人为主,https://danbooru.donmai.us/artists/599160
1383212,rizu_(rizunm),841,200,全年龄向,0.0,像素/复古画师,原创/同人混合,非人物/静物,兽人/furry/日常/治愈,像素画/极简/留白,姿势/动态,pokemon|hololive|final_fantasy,no_humans food_focus pokemon_focus still_life long-tailed_tit tit_(bird) pokemon_(creature) artist_name,像素/复古画师 · 兽人/furry · 日常/治愈 · 像素画 · 姿势/动态,https://danbooru.donmai.us/artists/1383212
1354609,jyt,840,200,轻度色气,0.265,综合向插画师,原创/同人混合,男性主体,神话/宗教/裸体/暴露,漫画分镜/赛璐璐/平涂,漫画/多格,blue_archive|wuthering_waves|bilibili,blue_archive plana_(blue_archive) tachi-e halo purple_halo qbz-95 pink_halo transparent_background,综合向插画师 · 神话/宗教 · 裸体/暴露 · 漫画分镜 · 漫画/多格,https://danbooru.donmai.us/artists/1354609
469102,hemogurobin_a1c,840,200,轻度色气,0.035,同人角色专精,同人为主,群像/多人,兽耳/亚人/日常/治愈,,俯视/仰视,touhou|touhou_(pc-98)|granblue_fantasy,touhou hecatia_lapislazuli earth_(ornament) moon_(ornament) multicolored_skirt hecatia_lapislazuli_(earth) wakasagihime mugetsu_(touhou),同人角色专精 · 兽耳/亚人 · 日常/治愈 · 俯视/仰视 · 同人为主,https://danbooru.donmai.us/artists/469102
1296244,op_na_yarou,840,200,全年龄向,0.0,原创角色设计师,原创为主,男性主体,角色扮演/异装/BL/腐向,漫画分镜,肖像/半身,nijisanji|vocaloid|touhou,rigel_(op_na_yarou) no_nose quad_tails crossdressing_(mtf) crossdressing trap narrowed_eyes eve_(op_na_yarou),原创角色设计师 · 角色扮演/异装 · BL/腐向 · 漫画分镜 · 肖像/半身,https://danbooru.donmai.us/artists/1296244
1296460,akino_shuu,840,200,全年龄向,0.0,同人角色专精,同人为主,群像/多人,角色扮演/异装/和风,漫画分镜,俯视/仰视,kantai_collection|dragon_quest|sennen_sensou_aigis,kantai_collection grecale_(kancolle) twitter_username conte_di_cavour_(kancolle) grecale_(swimsuit)_(kancolle) abyssal_ship striped_neckerchief thonburi_(kancolle),同人角色专精 · 角色扮演/异装 · 和风 · 漫画分镜 · 俯视/仰视,https://danbooru.donmai.us/artists/1296460
1272447,fuya_(tempupupu),839,200,情色向,0.37,R18情色向画师,同人为主,群像/多人,体型特征/裸体/暴露,单色/灰度/漫画分镜,姿势/动态,blue_archive|fate/grand_order|fate_(series),patreon_logo patreon_username huge_breasts artist_name areola_slip nipples penis web_address,情色向 · R18情色向画师 · 体型特征 · 裸体/暴露 · 单色/灰度 · 姿势/动态,https://danbooru.donmai.us/artists/1272447
644137,y.ssanoha,838,200,全年龄向,0.02,机甲/军事题材,同人为主,群像/多人,军事/枪械/制服/职场,漫画分镜/单色/灰度,漫画/多格,warship_girls_r|arknights|azur_lane,warship_girls_r chinese_text admiral_(warship_girls_r) british_admiral_(y.ssanoha) hood_(warship_girls_r) unicorn_(warship_girls_r) saratoga_(warship_girls_r) naval_uniform,机甲/军事题材 · 军事/枪械 · 制服/职场 · 漫画分镜 · 漫画/多格,https://danbooru.donmai.us/artists/644137
616163,hayashiya_zankurou,838,200,轻度色气,0.0,像素/复古画师,同人为主,群像/多人,战斗/动作/泳装/内衣,单色/灰度/特效/后期,差分/变体,nyanko_daisensou|mahou_shoujo_madoka_magica|mahou_shoujo_madoka_magica_(anime),nyanko_daisensou cat_(nyanko_daisensou) akemi_homura kaname_madoka mahou_shoujo_madoka_magica_(anime) mahou_shoujo_madoka_magica nosebleed mitakihara_school_uniform,像素/复古画师 · 战斗/动作 · 泳装/内衣 · 单色/灰度 · 差分/变体,https://danbooru.donmai.us/artists/616163
728032,alpha_(yukai_na_nakamatachi),838,200,轻度色气,0.245,综合向插画师,同人为主,双人/CP,裸体/暴露/恋爱/情感,特效/后期,俯视/仰视,w.l.o_sekai_ren'ai_kikou|sousaku_kanojo_no_renai_koushiki|blue_archive,w.l.o_sekai_ren'ai_kikou sousaku_kanojo_no_renai_koushiki arisa_crain_femiluna okiba_ga_nai! kuroda_yuuki kusaka_aina ayase_aisa tsukimizaka_kiriha,综合向插画师 · 裸体/暴露 · 恋爱/情感 · 特效/后期 · 俯视/仰视,https://danbooru.donmai.us/artists/728032
2102378,shikito_(yawa0w0),838,200,全年龄向,0.0,奇幻/魔法题材,同人为主,群像/多人,兽耳/亚人/奇幻/魔法,线稿/速写/单色/灰度,肖像/半身,mahou_shoujo_no_majo_saiban|meitantei_precure!|precure,mahou_shoujo_no_majo_saiban tachibana_sherry sakuraba_ema deerstalker braided_hair_rings black_capelet natsume_an-an nikaido_hiro,奇幻/魔法题材 · 兽耳/亚人 · 奇幻/魔法 · 线稿/速写 · 肖像/半身,https://danbooru.donmai.us/artists/2102378
1864716,miranofuudoria,837,200,全年龄向,0.0,单色线稿派,同人为主,群像/多人,神话/宗教/兽耳/亚人,单色/灰度/漫画分镜,漫画/多格,blue_archive|comiket_107|mahou_shoujo_no_majo_saiban,blue_archive mika_(blue_archive) halo chibi sakurako_(blue_archive) nagisa_(blue_archive) single_side_bun hanako_(blue_archive),单色线稿派 · 神话/宗教 · 兽耳/亚人 · 单色/灰度 · 漫画/多格,https://danbooru.donmai.us/artists/1864716
564239,hirano_katsuyuki,836,200,全年龄向,0.0,综合向插画师,同人为主,群像/多人,兽耳/亚人/军事/枪械,,俯视/仰视,touhou|touhou_spell_carnival|attouteki_yuugi_mugen_souls_z,touhou_spell_carnival touhou attouteki_yuugi_mugen_souls_z a-pose pointing_out_the_details transparent_background genkai_tokki_moero_crystal attouteki_yuugi_mugen_souls,综合向插画师 · 兽耳/亚人 · 军事/枪械 · 俯视/仰视 · 同人为主,https://danbooru.donmai.us/artists/564239
2310897,mizikayo,834,200,情色向,0.475,R18情色向画师,同人为主,女性主体,体型特征/神话/宗教,漫画分镜,差分/变体,blue_archive|goddess_of_victory:_nikke|wuthering_waves,rio_(blue_archive) doodle_sensei_(blue_archive) sensei_(blue_archive) millennium_science_school_logo blue_archive spoken_character huge_breasts hair_behind_ear,情色向 · R18情色向画师 · 体型特征 · 神话/宗教 · 漫画分镜 · 差分/变体,https://danbooru.donmai.us/artists/2310897
555596,ouma_tokiichi,835,200,硬核R18,0.795,R18情色向画师,同人为主,男性主体,裸体/暴露/体型特征,单色/灰度/漫画分镜,漫画/多格,touhou|blue_archive|comiket_107,touhou shikishi aged_up male_pubic_hair mob_cap remilia_scarlet nipples pubic_hair,硬核R18 · R18情色向画师 · 裸体/暴露 · 体型特征 · 单色/灰度 · 漫画/多格,https://danbooru.donmai.us/artists/555596
620144,ryouka_(suzuya),834,200,轻度色气,0.045,像素/复古画师,原创为主,男性主体,泳装/内衣/裸体/暴露,漫画分镜,姿势/动态,otona_no_moeoh|dengeki_moeoh|kanojo_no_seiiki,kanojo_no_seiiki sougetsu_saya ange_vierge hana_x_hana otona_no_moeoh tsukune_(ryouka) iio_shirina akiyoshi_fuyuka,像素/复古画师 · 泳装/内衣 · 裸体/暴露 · 漫画分镜 · 姿势/动态,https://danbooru.donmai.us/artists/620144
1316880,mae_(maesanpicture),834,200,情色向,0.145,单色线稿派,同人为主,女性主体,裸体/暴露/日常/治愈,单色/灰度/线稿/速写,差分/变体,kantai_collection|futaba_channel|shigoto_neko,samidare_(kancolle) kantai_collection twitter_username greyscale monochrome shigure_(kancolle) swept_bangs nipples,情色向 · 单色线稿派 · 裸体/暴露 · 日常/治愈 · 单色/灰度 · 差分/变体,https://danbooru.donmai.us/artists/1316880
623995,wata_do_chinkuru,833,200,全年龄向,0.005,机甲/军事题材,同人为主,群像/多人,军事/枪械/制服/职场,漫画分镜/线稿/速写,漫画/多格,girls_und_panzer|umamusume|girls_und_panzer_senshadou_daisakusen!,girls_und_panzer itsumi_erika nishizumi_miho kuromorimine_school_uniform nishizumi_maho kuromorimine_military_uniform akaboshi_koume garrison_cap,机甲/军事题材 · 军事/枪械 · 制服/职场 · 漫画分镜 · 漫画/多格,https://danbooru.donmai.us/artists/623995
1643655,festa11307070,832,200,情色向,0.28,综合向插画师,同人为主,女性主体,体型特征/泳装/内衣,特效/后期/漫画分镜,俯视/仰视,nijisanji|hololive|hololive_english,nijisanji virtual_youtuber furen_e_lustario suzuhara_lulu presenting_bra suzuhara_lulu_(1st_costume) furen_e_lustario_(houkago_stride) breasts_in_a_box,情色向 · 综合向插画师 · 体型特征 · 泳装/内衣 · 特效/后期 · 俯视/仰视,https://danbooru.donmai.us/artists/1643655
2443047,yamato_nadeshiko_(nadeshiko0328),832,200,全年龄向,0.0,单色线稿派,同人为主,群像/多人,都市/街景/日常/治愈,单色/灰度/漫画分镜,漫画/多格,kantai_collection|fate/grand_order|fate_(series),northern_ocean_princess seaport_princess abyssal_ship mittens muppo kantai_collection moomin twitter_username,单色线稿派 · 都市/街景 · 日常/治愈 · 单色/灰度 · 漫画/多格,https://danbooru.donmai.us/artists/2443047
1261393,seneto,832,200,硬核R18,0.62,BL/腐向专精,同人为主,群像/多人,BL/腐向/裸体/暴露,漫画分镜,姿势/动态,idolmaster|gakuen_idolmaster|idolmaster_million_live!,suou_momoko idolmaster shota gakuen_idolmaster idolmaster_million_live! kodomo_doushi pee mahou_shoujo_no_majo_saiban,硬核R18 · BL/腐向专精 · BL/腐向 · 裸体/暴露 · 漫画分镜 · 姿势/动态,https://danbooru.donmai.us/artists/1261393
1324764,poch4n,832,200,全年龄向,0.01,传统手绘媒介,原创为主,男性主体,体型特征/军事/枪械,单色/灰度/线稿/速写,设定/图解,olverse|genshin_impact|darkstalkers,paper_background artist_logo kumako_(poch4n) logo sho_pao_(poch4n) timid_office_lady_(poch4n) sun_qi_(poch4n) olverse,传统手绘媒介 · 体型特征 · 军事/枪械 · 单色/灰度 · 设定/图解,https://danbooru.donmai.us/artists/1324764
395957,itou_yuuji,831,200,情色向,0.49,R18情色向画师,同人为主,群像/多人,裸体/暴露/体型特征,单色/灰度/漫画分镜,姿势/动态,touhou|blue_archive|kantai_collection,touhou bar_censor yorigami_shion yorigami_jo'on censored loli pussy chikuma_kai_ni_(kancolle),情色向 · R18情色向画师 · 裸体/暴露 · 体型特征 · 单色/灰度 · 姿势/动态,https://danbooru.donmai.us/artists/395957
1577302,unowen,830,200,全年龄向,0.0,日常/治愈系,同人为主,群像/多人,日常/治愈/自然/风景,特效/后期,俯视/仰视,kantai_collection|umamusume|genshin_impact,enemy_lifebuoy_(kancolle) kantai_collection umamusume t-head_admiral horse_girl horse_ears gotland_(kancolle) bokukawauso,日常/治愈系 · 日常/治愈 · 自然/风景 · 特效/后期 · 俯视/仰视,https://danbooru.donmai.us/artists/1577302
395101,caffein,829,200,全年龄向,0.005,同人角色专精,同人为主,男性主体,音乐/偶像/日常/治愈,漫画分镜/单色/灰度,漫画/多格,vocaloid|utau|project_diva_(series),yowane_haku vocaloid kaito_(vocaloid) meiko_(vocaloid) kaito_(vocaloid3) akita_neru striped_bow master_(vocaloid),同人角色专精 · 音乐/偶像 · 日常/治愈 · 漫画分镜 · 漫画/多格,https://danbooru.donmai.us/artists/395101
2235680,machi_(machi0910),828,200,情色向,0.425,日常/治愈系,原创/同人混合,男性主体,裸体/暴露/手足/局部,特效/后期,姿势/动态,honkai:_star_rail|honkai_(series)|comiket_108,machi_(machi0910)_(person) honkai:_star_rail honkai_(series) cyrene_(honkai:_star_rail) cyrene_(demiurge)_(honkai:_star_rail) purple_rose castorice_(honkai:_star_rail) twitter_username,情色向 · 日常/治愈系 · 裸体/暴露 · 手足/局部 · 特效/后期 · 姿势/动态,https://danbooru.donmai.us/artists/2235680
1341442,jizeru_(giselebon),828,200,全年龄向,0.0,漫画/剧情向,同人为主,非人物/静物,自然/风景/配饰/首饰,漫画分镜/单色/灰度,漫画/多格,touhou|legacy_of_lunatic_kingdom|comiket_89,joutouguu_mayumi kicchou_yachie touhou turtle_shell armored_dress otter_spirit_(touhou) green_hood vambraces,漫画/剧情向 · 自然/风景 · 配饰/首饰 · 漫画分镜 · 漫画/多格,https://danbooru.donmai.us/artists/1341442
382003,umekichi,828,200,轻度色气,0.195,百合专精,同人为主,群像/多人,校园/裸体/暴露,线稿/速写/单色/灰度,姿势/动态,saki_(manga)|love_live!|girls_und_panzer,saki_(manga) saki_achiga-hen touhou_tag_dream girls_und_panzer love_live! wrestling_outfit love_live!_school_idol_project otonokizaka_school_uniform,百合专精 · 校园 · 裸体/暴露 · 线稿/速写 · 姿势/动态,https://danbooru.donmai.us/artists/382003
633864,yuugure_pairo,828,200,硬核R18,0.585,奇幻/魔法题材,同人为主,男性主体,奇幻/魔法/裸体/暴露,,姿势/动态,genseishinki_sacred_virth,genseishinki_sacred_virth tierna_aeride_throne yuuki_setsu sacred_claire sacred_noire magical_girl rape tachi-e,硬核R18 · 奇幻/魔法题材 · 奇幻/魔法 · 裸体/暴露 · 姿势/动态 · 同人为主,https://danbooru.donmai.us/artists/633864
653294,matsuda_(matsukichi),826,200,全年龄向,0.005,综合向插画师,原创/同人混合,男性主体,角色扮演/异装/军事/枪械,线稿/速写/单色/灰度,场景插画,touhou|umamusume|final_fantasy,highleg_leotard touhou signature mr._c.b._(umamusume) mr._c.b._(clear_bliss)_(umamusume) highleg evil_twin_lil-la_(cosplay) strapless_leotard,综合向插画师 · 角色扮演/异装 · 军事/枪械 · 线稿/速写 · 场景插画,https://danbooru.donmai.us/artists/653294
2026616,lokulo_no_mawashimono,826,200,情色向,0.135,原创角色设计师,原创为主,群像/多人,体型特征/兽耳/亚人,抽象/几何/漫画分镜,姿势/动态,2channel|iwara.tv|twitter,lokulo-chan_(lokulo_no_mawashimono) jaggy_lines oekaki cat_ear_hairband bandaids_on_nipples loli purple_bowtie pasties,情色向 · 原创角色设计师 · 体型特征 · 兽耳/亚人 · 抽象/几何 · 姿势/动态,https://danbooru.donmai.us/artists/2026616
1460026,sutahiro_(donta),826,200,全年龄向,0.0,机甲/军事题材,同人为主,群像/多人,军事/枪械/制服/职场,漫画分镜/单色/灰度,漫画/多格,girls_und_panzer|fate/grand_order|fate_(series),girls_und_panzer itsumi_erika tsuji_renta akiyama_yukari ooarai_military_uniform poop nishizumi_miho takebe_saori,机甲/军事题材 · 军事/枪械 · 制服/职场 · 漫画分镜 · 漫画/多格,https://danbooru.donmai.us/artists/1460026
400639,amazuyu_tatsuki,826,200,全年龄向,0.005,像素/复古画师,同人为主,群像/多人,泳装/内衣/和风,像素画,俯视/仰视,utawarerumono_(series)|to_heart_(series)|to_heart_2,utawarerumono_(series) utawarerumono:_lost_flag to_heart_2 kuon_(utawarerumono) to_heart_(series) utawarerumono:_chiriyuku_mono_e_no_komoriuta utawarerumono:_itsuwari_no_kamen kousaka_tamaki,像素/复古画师 · 泳装/内衣 · 和风 · 像素画 · 俯视/仰视,https://danbooru.donmai.us/artists/400639
1540374,ameno_(a_meno0),826,200,全年龄向,0.0,同人角色专精,同人为主,双人/CP,军事/枪械/自然/风景,单色/灰度/漫画分镜,差分/变体,fire_emblem|fire_emblem_awakening|fire_emblem_heroes,lucina_(fire_emblem) fire_emblem_awakening fire_emblem brand_of_the_exalt male_robin_(fire_emblem) chrom_(fire_emblem) fire_emblem_heroes tiara,同人角色专精 · 军事/枪械 · 自然/风景 · 单色/灰度 · 差分/变体,https://danbooru.donmai.us/artists/1540374
512324,ucmm,824,200,全年龄向,0.0,同人角色专精,同人为主,男性主体,奇幻/魔法/军事/枪械,,单人立绘,divine_gate|fate_(series)|fate/kaleid_liner_prisma_illya,divine_gate transparent_background shadow gochuumon_wa_usagi_desu_ka? fate/kaleid_liner_prisma_illya floating_hair dungeon_ni_deai_wo_motomeru_no_wa_machigatteiru_darou_ka kono_subarashii_sekai_ni_shukufuku_wo!,同人角色专精 · 奇幻/魔法 · 军事/枪械 · 单人立绘 · 同人为主,https://danbooru.donmai.us/artists/512324
624106,ichiba_youichi,824,200,全年龄向,0.0,单色线稿派,同人为主,群像/多人,和风/自然/风景,单色/灰度/漫画分镜,漫画/多格,touhou|pokemon|cookie_(touhou),page_number touhou human_village_(touhou) kurodani_yamame mob_cap kappa_mob_(touhou) greyscale hat_with_ears,单色线稿派 · 和风 · 自然/风景 · 单色/灰度 · 漫画/多格,https://danbooru.donmai.us/artists/624106
1538822,marumikan,824,200,全年龄向,0.0,单色线稿派,同人为主,群像/多人,校园/兽耳/亚人,单色/灰度/漫画分镜,漫画/多格,cool_na_megami-sama_to_issho_ni_sundara_amayakashisugite_ponkotsu_ni_shiteshimatta_ken_ni_tsuite|irodori_koukou_gasshoubu_yori|nijisanji,cool_na_megami-sama_to_issho_ni_sundara_amayakashisugite_ponkotsu_ni_shiteshimatta_ken_ni_tsuite akihara_haruto mikoto_rei irodori_koukou_gasshoubu_yori akabane_koume shiratori_aria kise_hiyoko comic,单色线稿派 · 校园 · 兽耳/亚人 · 单色/灰度 · 漫画/多格,https://danbooru.donmai.us/artists/1538822
1566291,jellytits-7,824,200,硬核R18,0.77,R18情色向画师,同人为主,女性主体,裸体/暴露/手足/局部,漫画分镜,姿势/动态,idolmaster|blue_archive|idolmaster_cinderella_girls,penis bar_censor sex hetero nipples uncensored hinoa male_pubic_hair,硬核R18 · R18情色向画师 · 裸体/暴露 · 手足/局部 · 漫画分镜 · 姿势/动态,https://danbooru.donmai.us/artists/1566291
533470,aoi_(annbi),824,200,全年龄向,0.0,同人角色专精,同人为主,群像/多人,奇幻/魔法/和风,单色/灰度/漫画分镜,漫画/多格,touhou|reitaisai|touhou_(pc-98),touhou kirisame_marisa alice_margatroid hat_bow page_number mitsugashira_enoko_(dog) frilled_hairband mitsugashira_enoko,同人角色专精 · 奇幻/魔法 · 和风 · 单色/灰度 · 漫画/多格,https://danbooru.donmai.us/artists/533470
1894816,harumina_mau,824,200,全年龄向,0.015,漫画/剧情向,原创/同人混合,群像/多人,兽耳/亚人/日常/治愈,漫画分镜/线稿/速写,漫画/多格,nijisanji|hololive|danganronpa_(series),ange_katrina ange_katrina_(1st_costume) nijisanji chibi_only yurie_mouth ant_girl virtual_youtuber chibi,漫画/剧情向 · 兽耳/亚人 · 日常/治愈 · 漫画分镜 · 漫画/多格,https://danbooru.donmai.us/artists/1894816
1508621,aogisa,823,200,全年龄向,0.0,综合向插画师,同人为主,男性主体,兽耳/亚人/配饰/首饰,线稿/速写/素描/炭笔,肖像/半身,kantai_collection|umamusume|azur_lane,katsuragi_ace_(umamusume) kantai_collection hatsuzuki_(kancolle) taihou_(kancolle) umamusume perseus_(azur_lane) stay_gold_(umamusume) horse_girl,综合向插画师 · 兽耳/亚人 · 配饰/首饰 · 线稿/速写 · 肖像/半身,https://danbooru.donmai.us/artists/1508621
1333434,jabara_tornado,823,200,情色向,0.165,综合向插画师,同人为主,女性主体,体型特征/裸体/暴露,,设定/图解,idolmaster|idolmaster_(classic)|precure,idolmaster_(classic) shijou_takane idolmaster gigantic_breasts alternate_breast_size_(larger) huge_breasts precure miura_azusa,情色向 · 综合向插画师 · 体型特征 · 裸体/暴露 · 设定/图解 · 同人为主,https://danbooru.donmai.us/artists/1333434
543472,porurin,823,200,全年龄向,0.01,日常/治愈系,同人为主,群像/多人,日常/治愈/泳装/内衣,漫画分镜/拼贴/混合,漫画/多格,cafe-chan_to_break_time|umamusume|touhou,cafe-chan_to_break_time cafe_(cafe-chan_to_break_time) tea_(cafe-chan_to_break_time) coffee_beans midori_(cafe-chan_to_break_time) ringo_(cafe-chan_to_break_time) mikan_(cafe-chan_to_break_time) milk_(cafe-chan_to_break_time),日常/治愈系 · 日常/治愈 · 泳装/内衣 · 漫画分镜 · 漫画/多格,https://danbooru.donmai.us/artists/543472
1410087,amagi_(amagi626),823,200,全年龄向,0.0,同人角色专精,同人为主,群像/多人,和风/校园,漫画分镜/单色/灰度,差分/变体,touhou|idolmaster|gakuen_idolmaster,touhou contemporary reisen_udongein_inaba frog_hair_ornament kochiya_sanae flandre_scarlet hair_intakes apple_gumi,同人角色专精 · 和风 · 校园 · 漫画分镜 · 差分/变体,https://danbooru.donmai.us/artists/1410087
692790,lm_(legoman),822,200,硬核R18,0.78,单色线稿派,同人为主,群像/多人,裸体/暴露/体型特征,线稿/速写/单色/灰度,姿势/动态,the_legend_of_zelda|the_legend_of_zelda:_skyward_sword|pokemon,lineart lips the_legend_of_zelda:_skyward_sword uncensored stiletto_heels thick_thighs wide_hips the_legend_of_zelda,硬核R18 · 单色线稿派 · 裸体/暴露 · 体型特征 · 线稿/速写 · 姿势/动态,https://danbooru.donmai.us/artists/692790
586547,konpeto,822,200,硬核R18,0.735,R18情色向画师,同人为主,男性主体,裸体/暴露/泳装/内衣,线稿/速写/漫画分镜,姿势/动态,mario_(series)|pokemon|samurai_spirits,bar_censor princess_peach penis hetero sphere_earrings censored clothed_female_nude_male mario_(series),硬核R18 · R18情色向画师 · 裸体/暴露 · 泳装/内衣 · 线稿/速写 · 姿势/动态,https://danbooru.donmai.us/artists/586547
1289888,ransusan,820,200,轻度色气,0.025,兽耳/亚人专精,同人为主,女性主体,兽耳/亚人/体型特征,漫画分镜,姿势/动态,kemono_friends|trickcal|blue_archive,kemono_friends kaban_(kemono_friends) serval_(kemono_friends) nonoka_(ransusan) print_bowtie print_bow inari-chan_(ransusan) extra_ears,兽耳/亚人专精 · 兽耳/亚人 · 体型特征 · 漫画分镜 · 姿势/动态,https://danbooru.donmai.us/artists/1289888
1483182,xiujia_yihuizi,820,200,轻度色气,0.005,传统手绘媒介,同人为主,群像/多人,体型特征/神话/宗教,线稿/速写/素描/炭笔,姿势/动态,blue_archive|yu-gi-oh!|girls'_frontline,blue_archive rio_(blue_archive) huge_breasts narrow_waist nonomi_(blue_archive) halo rio_(armed)_(blue_archive) millennium_science_school_logo,传统手绘媒介 · 体型特征 · 神话/宗教 · 线稿/速写 · 姿势/动态,https://danbooru.donmai.us/artists/1483182
1332543,berusuke_(beru_no_su),819,200,全年龄向,0.0,单色线稿派,同人为主,群像/多人,兽耳/亚人/日常/治愈,单色/灰度/漫画分镜,漫画/多格,touhou|umamusume|castlevania_(series),touhou shameimaru_aya_(newsboy) flandre_scarlet komeiji_koishi matara_okina greyscale disembodied_linked_eye comic,单色线稿派 · 兽耳/亚人 · 日常/治愈 · 单色/灰度 · 漫画/多格,https://danbooru.donmai.us/artists/1332543
1548037,mata_(matasoup),819,200,全年龄向,0.055,日常/治愈系,同人为主,群像/多人,日常/治愈/兽耳/亚人,漫画分镜/单色/灰度,漫画/多格,touhou|zenless_zone_zero|umamusume,touhou hakurei_reimu yellow_ascot frilled_hair_tubes frilled_bow izayoi_sakuya kazami_yuuka kochiya_sanae,日常/治愈系 · 日常/治愈 · 兽耳/亚人 · 漫画分镜 · 漫画/多格,https://danbooru.donmai.us/artists/1548037
382128,t2r,819,200,全年龄向,0.01,综合向插画师,同人为主,女性主体,校园/泳装/内衣,,设定/图解,umamusume|kantai_collection|blue_archive,umamusume horse_girl horse_ears horse_tail kantai_collection ear_ornament ear_covers tracen_swimsuit,综合向插画师 · 校园 · 泳装/内衣 · 设定/图解 · 同人为主,https://danbooru.donmai.us/artists/382128
408766,mosho,818,200,全年龄向,0.005,综合向插画师,同人为主,群像/多人,自然/风景/兽耳/亚人,单色/灰度,肖像/半身,touhou|pokemon|kantai_collection,touhou shikishi dated signature mob_cap art_tools_in_frame disembodied_linked_eye hat_ribbon,综合向插画师 · 自然/风景 · 兽耳/亚人 · 单色/灰度 · 肖像/半身,https://danbooru.donmai.us/artists/408766
1625650,ninai,818,200,硬核R18,0.65,R18情色向画师,同人为主,男性主体,手足/局部/裸体/暴露,,俯视/仰视,zenless_zone_zero|honkai_(series)|honkai:_star_rail,zenless_zone_zero bound_ankles soles feet honkai_(series) bound_legs artist_name chun-li,硬核R18 · R18情色向画师 · 手足/局部 · 裸体/暴露 · 俯视/仰视 · 同人为主,https://danbooru.donmai.us/artists/1625650
639127,barbariank,818,200,情色向,0.195,原创角色设计师,原创为主,女性主体,裸体/暴露/体型特征,线稿/速写/单色/灰度,姿势/动态,monster_girl_encyclopedia|genshin_impact|dungeons_&_dragons,pubic_tattoo monster_girl_encyclopedia barb-tan dungeons_&_dragons monster_girl ayla_(barbariank) baphomet_(monster_girl_encyclopedia) tattoo,情色向 · 原创角色设计师 · 裸体/暴露 · 体型特征 · 线稿/速写 · 姿势/动态,https://danbooru.donmai.us/artists/639127
595657,rei_(rei's_room),818,200,情色向,0.305,日常/治愈系,同人为主,女性主体,裸体/暴露/泳装/内衣,漫画分镜/单色/灰度,姿势/动态,hololive|blue_archive|gakuen_idolmaster,gakuen_idolmaster hololive yukihana_lamy idolmaster virtual_youtuber hanami_ume blue_archive shirogane_noel,情色向 · 日常/治愈系 · 裸体/暴露 · 泳装/内衣 · 漫画分镜 · 姿势/动态,https://danbooru.donmai.us/artists/595657
1336609,kurou_(quadruple_zero),817,200,情色向,0.11,日常/治愈系,原创/同人混合,群像/多人,泳装/内衣/体型特征,特效/后期,姿势/动态,gochuumon_wa_usagi_desu_ka?|watashi_no_tame_ni_nuginasai!|comic_cune,watashi_no_tame_ni_nuginasai! shirakawa_kokona comic_cune ninose_shizuku gochuumon_wa_usagi_desu_ka? ujimatsu_chiya micro_bikini maid_bikini,情色向 · 日常/治愈系 · 泳装/内衣 · 体型特征 · 特效/后期 · 姿势/动态,https://danbooru.donmai.us/artists/1336609
499189,amasora_taichi,817,200,硬核R18,0.64,R18情色向画师,同人为主,女性主体,裸体/暴露/体型特征,单色/灰度,姿势/动态,girls_und_panzer|pokemon|kemono_friends,girls_und_panzer mosaic_censoring nipples censored penis melody_(projektmelody)_(1st_costume) ooarai_school_uniform akiyama_yukari,硬核R18 · R18情色向画师 · 裸体/暴露 · 体型特征 · 单色/灰度 · 姿势/动态,https://danbooru.donmai.us/artists/499189
1839470,tama_(tamatamo),816,200,硬核R18,0.86,R18情色向画师,原创/同人混合,群像/多人,裸体/暴露/体型特征,漫画分镜,姿势/动态,honkai_(series)|honkai_impact_3rd|genshin_impact,theresa_apocalypse honkai_impact_3rd honkai_(series) mosaic_censoring genshin_impact gliter_(elsword) player_character_(mabinogi) mabinogi,硬核R18 · R18情色向画师 · 裸体/暴露 · 体型特征 · 漫画分镜 · 姿势/动态,https://danbooru.donmai.us/artists/1839470
460288,tsuji_santa,816,200,轻度色气,0.03,综合向插画师,原创/同人混合,双人/CP,体型特征/音乐/偶像,,设定/图解,nitroplus|sumaga|kimi_to_kanojo_to_kanojo_no_koi.,nitroplus super_sonico sumaga tanima_hazumi super_pochaco tanima_tsutsumi kimi_to_kanojo_to_kanojo_no_koi. nagai-san_(nagachichi_nagai-san),综合向插画师 · 体型特征 · 音乐/偶像 · 设定/图解 · 原创/同人混合,https://danbooru.donmai.us/artists/460288
611141,makuran,816,200,情色向,0.355,传统手绘媒介,同人为主,群像/多人,裸体/暴露/体型特征,漫画分镜,姿势/动态,watashi_ni_tenshi_ga_maiorita!|genshin_impact|idolmaster,watashi_ni_tenshi_ga_maiorita! himesaka_noa hoshino_hinata loli momiji_(makuran) ryuzaki_kaoru idolmaster_cinderella_girls genshin_impact,情色向 · 传统手绘媒介 · 裸体/暴露 · 体型特征 · 漫画分镜 · 姿势/动态,https://danbooru.donmai.us/artists/611141
1056631,gentsuki,815,200,轻度色气,0.125,原创角色设计师,原创为主,男性主体,泳装/内衣/体育/运动,单色/灰度/漫画分镜,俯视/仰视,kimi_omou_koi,kuroe_(kimi_omou_koi) kimi_omou_koi mia-chan_(gentsuki) track_kouhai_(gentsuki) track_senpai_(gentsuki) gal_girl_(gentsuki) property_manager_(gentsuki) sensei_(gentsuki),原创角色设计师 · 泳装/内衣 · 体育/运动 · 单色/灰度 · 俯视/仰视,https://danbooru.donmai.us/artists/1056631
1254888,chita_(ketchup),815,200,全年龄向,0.0,兽耳/亚人专精,原创为主,非人物/静物,兽耳/亚人/和风,光影/氛围/特效/后期,姿势/动态,hololive|pokemon|touhou,signature short_eyebrows fox_girl fox_tail fox_ears depth_of_field mole_on_breast tail_raised,兽耳/亚人专精 · 兽耳/亚人 · 和风 · 光影/氛围 · 姿势/动态,https://danbooru.donmai.us/artists/1254888
1491299,tottotonero,814,200,硬核R18,0.65,兽耳/亚人专精,同人为主,男性主体,裸体/暴露/兽人/furry,漫画分镜/单色/灰度,姿势/动态,pokemon|pokemon_(anime)|pokemon_horizons,pokemon_horizons liko_(pokemon) pokemon_(anime) pokemon bar_censor penis coral_(pokemon) alternate_breast_size_(larger),硬核R18 · 兽耳/亚人专精 · 裸体/暴露 · 兽人/furry · 漫画分镜 · 姿势/动态,https://danbooru.donmai.us/artists/1491299
1866071,robo_mikan,814,200,硬核R18,0.965,R18情色向画师,原创为主,男性主体,裸体/暴露/体型特征,漫画分镜,姿势/动态,blue_archive|monster_musume_td|twinkle_star_knights,loli bar_censor penis clothed_female_nude_male sounding femdom urethral_insertion shuro_(blue_archive),硬核R18 · R18情色向画师 · 裸体/暴露 · 体型特征 · 漫画分镜 · 姿势/动态,https://danbooru.donmai.us/artists/1866071
659768,hiro_(hirohiro31),814,200,全年龄向,0.0,综合向插画师,原创/同人混合,男性主体,兽耳/亚人/奇幻/魔法,光影/氛围,肖像/半身,hololive|vocaloid|fate/grand_order,hololive shirakami_fubuki virtual_youtuber yukihana_lamy albino haku_(sen_to_chihiro_no_kamikakushi) shirakami_fubuki_(street) animal_ear_piercing,综合向插画师 · 兽耳/亚人 · 奇幻/魔法 · 光影/氛围 · 肖像/半身,https://danbooru.donmai.us/artists/659768
1888083,gawako,813,200,全年龄向,0.005,原创角色设计师,原创为主,群像/多人,自然/风景/都市/街景,线稿/速写/素描/炭笔,场景插画,arknights|genshin_impact|chainsaw_man,valentina_(gawako) rene_(gawako) nuit_(gawako) grey_suit amyu_(gawako) mera_(gawako) subtitled artist_name,原创角色设计师 · 自然/风景 · 都市/街景 · 线稿/速写 · 场景插画,https://danbooru.donmai.us/artists/1888083
694729,ricegnat,812,200,情色向,0.495,传统手绘媒介,同人为主,群像/多人,裸体/暴露/兽耳/亚人,线稿/速写/素描/炭笔,姿势/动态,nijisanji|nijisanji_en|indie_virtual_youtuber,selen_tatsuki nijisanji_en pomu_rainpuff dokibird nijisanji mint_fantome futanari virtual_youtuber,情色向 · 传统手绘媒介 · 裸体/暴露 · 兽耳/亚人 · 线稿/速写 · 姿势/动态,https://danbooru.donmai.us/artists/694729
390362,arnest,813,200,全年龄向,0.005,同人角色专精,同人为主,群像/多人,兽耳/亚人/配饰/首饰,漫画分镜/线稿/速写,表情/表演,touhou|voiceroid|comiket_107,touhou alice_margatroid patchouli_knowledge frilled_hairband red_hairband shanghai_doll lolita_hairband mob_cap,同人角色专精 · 兽耳/亚人 · 配饰/首饰 · 漫画分镜 · 表情/表演,https://danbooru.donmai.us/artists/390362
692913,felutiahime,812,200,全年龄向,0.0,综合向插画师,同人为主,群像/多人,兽耳/亚人/音乐/偶像,漫画分镜,差分/变体,hololive|hololive_english|hololive_dev_is,hololive hoshimachi_suisei bellezza_felutia sakura_miko virtual_youtuber star_in_eye hololive_dev_is chando_(ado),综合向插画师 · 兽耳/亚人 · 音乐/偶像 · 漫画分镜 · 差分/变体,https://danbooru.donmai.us/artists/692913
377322,momiji_mao,811,200,全年龄向,0.0,场景/背景插画师,原创为主,非人物/静物,日常/治愈/恐怖/猎奇,漫画分镜/单色/灰度,漫画/多格,starbucks|issho_ni_gohan_tabetai|comiket_101,food_focus still_life no_humans realistic vegetable garnish meat seafood,场景/背景插画师 · 日常/治愈 · 恐怖/猎奇 · 漫画分镜 · 漫画/多格,https://danbooru.donmai.us/artists/377322
488911,sen_(astronomy),811,200,轻度色气,0.055,综合向插画师,同人为主,双人/CP,和风/神话/宗教,单色/灰度/漫画分镜,姿势/动态,fate_(series)|fate/grand_order|blue_archive,kiyohime_(fate) fate_(series) fate/grand_order kiyohime_(first_ascension)_(fate) fate/kaleid_liner_prisma_illya multiple_horns illyasviel_von_einzbern utsumi_erice_(lancer),综合向插画师 · 和风 · 神话/宗教 · 单色/灰度 · 姿势/动态,https://danbooru.donmai.us/artists/488911
377158,kawata_hisashi,810,200,全年龄向,0.0,传统手绘媒介,同人为主,群像/多人,军事/枪械/泳装/内衣,线稿/速写/素描/炭笔,单人立绘,dungeon_travelers_2|kantai_collection|aquaplus,dungeon_travelers_2 aquaplus alisia_heart mefmera to_heart_2 to_heart_(series) utawarerumono_(series) to_heart_2_dungeon_travelers,传统手绘媒介 · 军事/枪械 · 泳装/内衣 · 线稿/速写 · 单人立绘,https://danbooru.donmai.us/artists/377158
606687,abe_kanari,810,200,全年龄向,0.0,综合向插画师,同人为主,群像/多人,校园/奇幻/魔法,漫画分镜,差分/变体,high_school_fleet|love_live!|umamusume,high_school_fleet yokosuka_girls_marine_high_school_uniform misaki_akeno shiretoko_rin irizaki_mei munetani_mashiro tateishi_shima susan_reyes,综合向插画师 · 校园 · 奇幻/魔法 · 漫画分镜 · 差分/变体,https://danbooru.donmai.us/artists/606687
1265197,kadose_ara,810,200,全年龄向,0.0,漫画/剧情向,同人为主,群像/多人,自然/风景/日常/治愈,漫画分镜/特效/后期,漫画/多格,atelier_(series)|atelier_resleriana|atelier_ryza,atelier_resleriana resna_sternenlicht atelier_(series) 4koma valeria_(atelier) deformed company_name sideways_mouth,漫画/剧情向 · 自然/风景 · 日常/治愈 · 漫画分镜 · 漫画/多格,https://danbooru.donmai.us/artists/1265197
540282,mazjojo,810,200,硬核R18,0.845,BL/腐向专精,同人为主,男性主体,BL/腐向/裸体/暴露,特效/后期,俯视/仰视,bacchikoi!|full_service_(mazjojo)|fire_emblem,bacchikoi! kanada_toshu bara yaoi nakahara_masaru full_service_(mazjojo) yanai_ichiru large_pectorals,硬核R18 · BL/腐向专精 · BL/腐向 · 裸体/暴露 · 特效/后期 · 俯视/仰视,https://danbooru.donmai.us/artists/540282
1424995,pochincoff,810,200,硬核R18,0.9,机甲/军事题材,原创/同人混合,男性主体,科幻/机甲/裸体/暴露,单色/灰度/漫画分镜,姿势/动态,warframe|fireball_(series)|pokemon,warframe robot robot_joints drossel_von_flugel fireball_(series) blue_sclera white_skin anus,硬核R18 · 机甲/军事题材 · 科幻/机甲 · 裸体/暴露 · 单色/灰度 · 姿势/动态,https://danbooru.donmai.us/artists/1424995
692305,9rimson,809,200,情色向,0.33,R18情色向画师,同人为主,女性主体,裸体/暴露/体型特征,线稿/速写/素描/炭笔,肖像/半身,nijisanji|umamusume|pokemon,large_areolae dated signature pretty_series nijisanji onipan! nipples alternate_breast_size_(larger),情色向 · R18情色向画师 · 裸体/暴露 · 体型特征 · 线稿/速写 · 肖像/半身,https://danbooru.donmai.us/artists/692305
1781914,miclot,809,200,全年龄向,0.0,场景/背景插画师,同人为主,非人物/静物,日常/治愈/自然/风景,漫画分镜,姿势/动态,kirby_(series)|pokemon|kirby_air_ride,kirby kirby_(series) no_humans food_focus waddle_dee blush_stickers food_name lettuce,场景/背景插画师 · 日常/治愈 · 自然/风景 · 漫画分镜 · 姿势/动态,https://danbooru.donmai.us/artists/1781914
430933,kiri_futoshi,809,200,全年龄向,0.0,BL/腐向专精,同人为主,男性主体,BL/腐向/兽人/furry,线稿/速写/漫画分镜,表情/表演,mickey_mouse_&_friends|ensemble_stars!|monsters_inc.,mickey_mouse_&_friends mikejima_madara daisy_duck ensemble_stars! duck_girl humanization goofy minnie_mouse,BL/腐向专精 · BL/腐向 · 兽人/furry · 线稿/速写 · 表情/表演,https://danbooru.donmai.us/artists/430933
1675246,hyde_(tabakko),808,200,全年龄向,0.0,兽耳/亚人专精,同人为主,群像/多人,兽耳/亚人/科幻/机甲,单色/灰度/拼贴/混合,肖像/半身,hololive|hololive_english|fbkingdom_story,shirakami_fubuki hololive shirakami_fubuki_(1st_costume) virtual_youtuber animal_ear_piercing pentagram fox_girl sukonbu_(shirakami_fubuki),兽耳/亚人专精 · 兽耳/亚人 · 科幻/机甲 · 单色/灰度 · 肖像/半身,https://danbooru.donmai.us/artists/1675246
1399065,nagishiro_mito,808,200,全年龄向,0.005,兽耳/亚人专精,原创为主,男性主体,兽耳/亚人/和风,特效/后期,场景插画,hololive|genshin_impact|honkai:_star_rail,idea_(nagishiro_mito) shirakami_fubuki agemaki_knot pentagram multicolored_tail extra_ears fox_girl white_tail,兽耳/亚人专精 · 兽耳/亚人 · 和风 · 特效/后期 · 场景插画,https://danbooru.donmai.us/artists/1399065
1172327,amazon_(taitaitaira),806,200,情色向,0.235,单色线稿派,同人为主,男性主体,体型特征/裸体/暴露,单色/灰度/漫画分镜,漫画/多格,touhou|one-punch_man|sengoku_otome,touhou morichika_rinnosuke kazami_yuuka kirisame_marisa sepia gigantic_breasts natsuki_(amazon) large_areolae,情色向 · 单色线稿派 · 体型特征 · 裸体/暴露 · 单色/灰度 · 漫画/多格,https://danbooru.donmai.us/artists/1172327
1583299,okpriko,806,200,硬核R18,0.745,R18情色向画师,同人为主,群像/多人,裸体/暴露/体型特征,特效/后期/漫画分镜,俯视/仰视,love_live!|love_live!_nijigasaki_high_school_idol_club|pokemon,love_live!_nijigasaki_high_school_idol_club love_live! takasaki_yu blonde_girl_(okpriko) futanari futa_with_female female_pubic_hair pubic_hair,硬核R18 · R18情色向画师 · 裸体/暴露 · 体型特征 · 特效/后期 · 俯视/仰视,https://danbooru.donmai.us/artists/1583299
2255099,teddypocky,805,200,轻度色气,0.0,综合向插画师,同人为主,群像/多人,体型特征/泳装/内衣,特效/后期,姿势/动态,phase_connect|goddess_of_victory:_nikke|hololive,phase_connect washing_vehicle goddess_of_victory:_nikke holding_sponge sponge beachball soap_bubbles palm_tree,综合向插画师 · 体型特征 · 泳装/内衣 · 特效/后期 · 姿势/动态,https://danbooru.donmai.us/artists/2255099
537674,mutsuki_(moonknives),805,200,轻度色气,0.125,日常/治愈系,同人为主,双人/CP,裸体/暴露/自然/风景,特效/后期,姿势/动态,cardcaptor_sakura|dragon_quest|air_(visual_novel),kinomoto_sakura cardcaptor_sakura loli kero_(cardcaptor_sakura) fuuin_no_tsue daidouji_tomoyo cardcaptor_sakura_clear_card_arc kamio_misuzu,日常/治愈系 · 裸体/暴露 · 自然/风景 · 特效/后期 · 姿势/动态,https://danbooru.donmai.us/artists/537674
1793511,tama_(tamago),805,200,全年龄向,0.0,综合向插画师,同人为主,女性主体,泳装/内衣/手足/局部,光影/氛围,俯视/仰视,kantai_collection|.live|idolmaster,satin_panties satin satin_bra .live kantai_collection underwear_only kakyouin_chieri virtual_youtuber,综合向插画师 · 泳装/内衣 · 手足/局部 · 光影/氛围 · 俯视/仰视,https://danbooru.donmai.us/artists/1793511
492399,alp,804,200,情色向,0.325,综合向插画师,同人为主,群像/多人,裸体/暴露/泳装/内衣,单色/灰度/漫画分镜,姿势/动态,love_live!|otaku_tomodachi_to_no_sex_wa_saikou_ni_kimochi_ii|love_live!_sunshine!!,miyoshi_suzu otaku_tomodachi_to_no_sex_wa_saikou_ni_kimochi_ii love_live! amoral_island love_live!_sunshine!! terashima_saki_(amoral_island) hikawa_uka_(amoral_island) love_live!_nijigasaki_high_school_idol_club,情色向 · 综合向插画师 · 裸体/暴露 · 泳装/内衣 · 单色/灰度 · 姿势/动态,https://danbooru.donmai.us/artists/492399
546988,infinote,804,200,轻度色气,0.125,原创角色设计师,原创为主,女性主体,制服/职场/泳装/内衣,,设定/图解,evangelion:_3.0_you_can_(not)_redo|neon_genesis_evangelion|rebuild_of_evangelion,sashou_mihiro_(infinote) yashiki_yuuko_(infinote) artist_logo logo eyes_visible_through_hair thighband_pantyhose office_lady implied_sex,原创角色设计师 · 制服/职场 · 泳装/内衣 · 设定/图解 · 原创为主,https://danbooru.donmai.us/artists/546988
1907123,migolu,804,200,全年龄向,0.0,综合向插画师,同人为主,群像/多人,音乐/偶像/和风,,差分/变体,idolmaster|gakuen_idolmaster|umamusume,bang_dream! gakuen_idolmaster mahou_shoujo_no_majo_saiban idolmaster bang_dream!_it's_mygo!!!!! twitter_username project_sekai umamusume,综合向插画师 · 音乐/偶像 · 和风 · 差分/变体 · 同人为主,https://danbooru.donmai.us/artists/1907123
1405522,nanoless,803,200,轻度色气,0.13,兽耳/亚人专精,同人为主,女性主体,兽耳/亚人/裸体/暴露,光影/氛围,单人立绘,indie_virtual_youtuber|hololive|vshojo,nano_(nanoless) patreon_username indie_virtual_youtuber virtual_youtuber silvervale sinder_(vtuber) gamer_supps twitter_username,兽耳/亚人专精 · 兽耳/亚人 · 裸体/暴露 · 光影/氛围 · 单人立绘,https://danbooru.donmai.us/artists/1405522
415367,socha,804,200,全年龄向,0.0,同人角色专精,同人为主,群像/多人,和风/兽耳/亚人,单色/灰度,单人立绘,touhou|marisa_of_liartop_mountain|touhou_danmaku_kagura,touhou marisa_of_liartop_mountain transparent_background danmaku mob_cap chibi_only skirt_set chibi,同人角色专精 · 和风 · 兽耳/亚人 · 单色/灰度 · 单人立绘,https://danbooru.donmai.us/artists/415367
1647038,nishikujic,802,200,全年龄向,0.0,同人角色专精,同人为主,男性主体,战斗/动作/BL/腐向,单色/灰度,肖像/半身,project_moon|limbus_company|library_of_ruina,project_moon limbus_company e.g.o_(project_moon) library_of_ruina ryoshu_(project_moon) la_manchaland's_don_quixote_(project_moon) don_quixote_(project_moon) yi_sang_(project_moon),同人角色专精 · 战斗/动作 · BL/腐向 · 单色/灰度 · 肖像/半身,https://danbooru.donmai.us/artists/1647038
1351873,henyaan_(oreizm),802,200,情色向,0.43,单色线稿派,同人为主,男性主体,裸体/暴露/校园,单色/灰度/漫画分镜,单人立绘,girls_und_panzer|higurashi_no_naku_koro_ni|sousou_no_frieren,nishizumi_miho girls_und_panzer ooarai_school_uniform greyscale monochrome higurashi_no_naku_koro_ni bar_censor hetero,情色向 · 单色线稿派 · 裸体/暴露 · 校园 · 单色/灰度 · 单人立绘,https://danbooru.donmai.us/artists/1351873
1727078,lemon89h,802,200,全年龄向,0.0,原创角色设计师,原创为主,男性主体,军事/枪械/和风,,单人立绘,final_fantasy|pandora_hearts|vocaloid,embroidery floral_background gold_embroidery chinese_peony peony_(flower) fashion gradient_dress rococo_movement,原创角色设计师 · 军事/枪械 · 和风 · 单人立绘 · 原创为主,https://danbooru.donmai.us/artists/1727078
520116,namaniku_atk,802,200,轻度色气,0.04,传统手绘媒介,原创/同人混合,男性主体,科幻/机甲/体型特征,单色/灰度/线稿/速写,俯视/仰视,soukou_akki_muramasa|fate/grand_order|fate_(series),soukou_akki_muramasa sansei_muramasa pantylines kurono-san_wa_occult_ga_suki! nitroplus ayane_ichijou kurono-san nikola_tesla_(fate),传统手绘媒介 · 科幻/机甲 · 体型特征 · 单色/灰度 · 俯视/仰视,https://danbooru.donmai.us/artists/520116
467219,kojima_saya,802,200,情色向,0.395,单色线稿派,同人为主,男性主体,裸体/暴露/兽耳/亚人,单色/灰度/漫画分镜,姿势/动态,blue_archive|fate_(series)|fate/grand_order,blue_archive maken-shi_no_maken_ni_yoru_maken_no_tame_no_harem_life greyscale monochrome anus rin_(blue_archive) halo wakamo_(swimsuit)_(blue_archive),情色向 · 单色线稿派 · 裸体/暴露 · 兽耳/亚人 · 单色/灰度 · 姿势/动态,https://danbooru.donmai.us/artists/467219
559548,diesel-turbo,801,200,全年龄向,0.0,综合向插画师,同人为主,非人物/静物,军事/枪械/音乐/偶像,特效/后期,设定/图解,lycoris_recoil|lyrical_nanoha|idolmaster,lycoris_recoil nishikigi_chisato lyrical_nanoha inoue_takina mahou_shoujo_lyrical_nanoha lycoris_uniform hojo_karen happy_birthday,综合向插画师 · 军事/枪械 · 音乐/偶像 · 特效/后期 · 设定/图解,https://danbooru.donmai.us/artists/559548
552672,m.m,801,200,全年龄向,0.0,原创角色设计师,原创为主,非人物/静物,兽耳/亚人/战斗/动作,单色/灰度/特效/后期,姿势/动态,blue_archive|saru_getchu|black_jack_(series),koshirae_tsurugi_(m.m) hijikata-san_(m.m) penguin bike_shorts track_jacket antenna_hair low_ponytail bird,原创角色设计师 · 兽耳/亚人 · 战斗/动作 · 单色/灰度 · 姿势/动态,https://danbooru.donmai.us/artists/552672
2336855,nodachi_(nodati51),799,200,全年龄向,0.0,综合向插画师,同人为主,男性主体,兽耳/亚人/科幻/机甲,漫画分镜/单色/灰度,漫画/多格,zenless_zone_zero|umamusume|genshin_impact,zenless_zone_zero wise_(zenless_zone_zero) hoshimi_miyabi yixuan_(zenless_zone_zero) ellen_joe aurelia_academy_school_uniform rulership_(umamusume) remielle_dan,综合向插画师 · 兽耳/亚人 · 科幻/机甲 · 漫画分镜 · 漫画/多格,https://danbooru.donmai.us/artists/2336855
456403,yu-ta,799,200,硬核R18,0.855,R18情色向画师,同人为主,群像/多人,裸体/暴露/体型特征,单色/灰度/线稿/速写,姿势/动态,love_live!|blue_archive|love_live!_school_idol_project,irisdina_bernhard pussy schwarzesmarken censored mosaic_censoring love_live!_school_idol_project muv-luv_alternative bar_censor,硬核R18 · R18情色向画师 · 裸体/暴露 · 体型特征 · 单色/灰度 · 姿势/动态,https://danbooru.donmai.us/artists/456403
383183,hirasaka_makoto,799,200,全年龄向,0.0,奇幻/魔法题材,同人为主,非人物/静物,奇幻/魔法/女仆/侍女,单色/灰度/漫画分镜,漫画/多格,touhou|touhou_lostword|fate/stay_night,page_number touhou star_sapphire fairy_wings fairy luna_child sunny_milk waist_bow,奇幻/魔法题材 · 奇幻/魔法 · 女仆/侍女 · 单色/灰度 · 漫画/多格,https://danbooru.donmai.us/artists/383183
1626464,takahashi_kurage,798,200,全年龄向,0.0,同人角色专精,同人为主,群像/多人,制服/职场/军事/枪械,,设定/图解,girls_und_panzer|girls_und_panzer_motto_love_love_sakusen_desu!|yani_neko,girls_und_panzer sakaguchi_karina ooarai_school_uniform adapted_uniform ooarai_military_uniform sawa_azusa military_uniform nishihara_yasoko,同人角色专精 · 制服/职场 · 军事/枪械 · 设定/图解 · 同人为主,https://danbooru.donmai.us/artists/1626464
1685312,noah_(tettsui-sole),797,200,全年龄向,0.035,综合向插画师,同人为主,群像/多人,神话/宗教/兽耳/亚人,单色/灰度/线稿/速写,姿势/动态,helltaker|utdr_(toby_fox)|undertale,helltaker justice_(helltaker) undyne undertale utdr_(toby_fox) judgement_(helltaker) head_fins lucifer_(helltaker),综合向插画师 · 神话/宗教 · 兽耳/亚人 · 单色/灰度 · 姿势/动态,https://danbooru.donmai.us/artists/1685312
437111,rioshi,797,200,全年龄向,0.0,漫画/剧情向,同人为主,群像/多人,神话/宗教/兽耳/亚人,漫画分镜/线稿/速写,漫画/多格,blue_archive|umamusume|fate_(series),yuuka_(blue_archive) colored_speech_bubble doodle_sensei_(blue_archive) sensei_(blue_archive) blue_archive tokai_teio_(umamusume) symboli_rudolf_(umamusume) tracen_school_uniform,漫画/剧情向 · 神话/宗教 · 兽耳/亚人 · 漫画分镜 · 漫画/多格,https://danbooru.donmai.us/artists/437111
431067,sumeragi_kohaku,796,200,轻度色气,0.325,日常/治愈系,同人为主,男性主体,裸体/暴露/日常/治愈,拼贴/混合/单色/灰度,俯视/仰视,doukyuusei_(series)|doukyuusei|doukyuusei_2,doukyuusei_(series) doukyuusei doukyuusei_2 bustafellows shu_(bustafellows) limbo_(bustafellows) mozu_(bustafellows) doukyuusei_school_uniform,日常/治愈系 · 裸体/暴露 · 日常/治愈 · 拼贴/混合 · 俯视/仰视,https://danbooru.donmai.us/artists/431067
2102998,hightguy,796,200,全年龄向,0.0,场景/背景插画师,同人为主,非人物/静物,军事/枪械/兽人/furry,特效/后期/线稿/速写,俯视/仰视,hollow_knight|hollow_knight:_silksong|plants_vs._zombies,film_grain hollow_knight hornet_(hollow_knight) plants_vs._zombies sentient_plant hollow_knight:_silksong halftone knight_(hollow_knight),场景/背景插画师 · 军事/枪械 · 兽人/furry · 特效/后期 · 俯视/仰视,https://danbooru.donmai.us/artists/2102998
389757,miwa_shirow,796,200,全年龄向,0.0,机甲/军事题材,同人为主,男性主体,科幻/机甲/军事/枪械,单色/灰度/漫画分镜,漫画/多格,fate_(series)|fate/grand_order|vocaloid,fate:lost_einherjar kokoro_(vocaloid) aslaug_(fate) sigurd_(fate) brynhild_(fate) 7th_dragon_(series) ragnar_lodbrok_(fate) samurai_(7th_dragon_series),机甲/军事题材 · 科幻/机甲 · 军事/枪械 · 单色/灰度 · 漫画/多格,https://danbooru.donmai.us/artists/389757
1657261,qiandaiyiyu,795,200,轻度色气,0.17,百合专精,原创/同人混合,群像/多人,裸体/暴露/体型特征,极简/留白/单色/灰度,差分/变体,zenless_zone_zero|vocaloid|spy_x_family,rin_(qiandaiyiyu) patreon_username twitter_strip_game zenless_zone_zero ellen_joe shark_tail belle_(zenless_zone_zero) twitter_cutting_game,百合专精 · 裸体/暴露 · 体型特征 · 极简/留白 · 差分/变体,https://danbooru.donmai.us/artists/1657261
1303178,tenshin_amaguri_(inobeeto),795,200,全年龄向,0.0,单色线稿派,同人为主,群像/多人,校园/和风,单色/灰度/漫画分镜,漫画/多格,kantai_collection|kantai_collection_(anime)|kancolle_arcade,kantai_collection shigure_(kancolle) michishio_(kancolle) yamashiro_(kancolle) michishio_kai_ni_(kancolle) fusou_(kancolle) asagumo_(kancolle) shigure_kai_ni_(kancolle),单色线稿派 · 校园 · 和风 · 单色/灰度 · 漫画/多格,https://danbooru.donmai.us/artists/1303178
1163944,poronegi,794,200,全年龄向,0.0,兽耳/亚人专精,同人为主,群像/多人,兽耳/亚人/和风,漫画分镜/单色/灰度,漫画/多格,touhou|trickcal|little_red_riding_hood_(fairy_tale),touhou imaizumi_kagerou ibuki_suika sekibanki grass_root_youkai_network brown_horns brown_border wolf_girl,兽耳/亚人专精 · 兽耳/亚人 · 和风 · 漫画分镜 · 漫画/多格,https://danbooru.donmai.us/artists/1163944
1762430,mukakin,794,200,全年龄向,0.0,同人角色专精,同人为主,群像/多人,日常/治愈/校园,漫画分镜/单色/灰度,漫画/多格,umamusume|pokemon|desktop_mate,mr._c.b._(umamusume) katsuragi_ace_(umamusume) sirius_symboli_(umamusume) umamusume horse_girl horse_ears horse_tail symboli_rudolf_(umamusume),同人角色专精 · 日常/治愈 · 校园 · 漫画分镜 · 漫画/多格,https://danbooru.donmai.us/artists/1762430
521532,seramikku,794,200,全年龄向,0.0,单色线稿派,同人为主,男性主体,角色扮演/异装/校园,单色/灰度/漫画分镜,漫画/多格,blue_archive|kawaihara_senpai_wa_kawaii_ga_suki!|onii-chan_wa_oshimai!,kawaihara_senpai_wa_kawaii_ga_suki! saotome_hibiki kawaihara_yae blue_archive greyscale monochrome puffy_long_sleeves kikyou_(blue_archive),单色线稿派 · 角色扮演/异装 · 校园 · 单色/灰度 · 漫画/多格,https://danbooru.donmai.us/artists/521532
1407537,chacharan,793,200,硬核R18,0.71,R18情色向画师,原创为主,男性主体,裸体/暴露/泳装/内衣,漫画分镜/特效/后期,漫画/多格,fate_(series)|fate/grand_order|fate/apocrypha,mizutani_mikoto_(chacharan) aomi_yuuki_(chacharan) nanase_mio_(chacharan) tachibana_tomoya_(chacharan) bar_censor akizuki_kanade_(chacharan) fate/grand_order fate_(series),硬核R18 · R18情色向画师 · 裸体/暴露 · 泳装/内衣 · 漫画分镜 · 漫画/多格,https://danbooru.donmai.us/artists/1407537
752566,riz,793,200,情色向,0.28,综合向插画师,原创/同人混合,群像/多人,体型特征/裸体/暴露,漫画分镜/线稿/速写,差分/变体,mario_(series)|pokemon|pokemon_sword_and_shield,thick_lips anne_(riz) midori_(riz) mario_(series) speckled_areolae princess_peach sphere_earrings thick_thighs,情色向 · 综合向插画师 · 体型特征 · 裸体/暴露 · 漫画分镜 · 差分/变体,https://danbooru.donmai.us/artists/752566
1333982,muuran,793,200,全年龄向,0.0,像素/复古画师,同人为主,非人物/静物,兽耳/亚人/军事/枪械,极简/留白/线稿/速写,单人立绘,hololive|umamusume|azur_lane,hololive chibi nakiri_ayame virtual_youtuber nakiri_ayame_(1st_costume) twitter_username meowfficer_(azur_lane) negative_space,像素/复古画师 · 兽耳/亚人 · 军事/枪械 · 极简/留白 · 单人立绘,https://danbooru.donmai.us/artists/1333982
1593233,sakimori_dan,793,200,情色向,0.445,日常/治愈系,原创/同人混合,男性主体,裸体/暴露/神话/宗教,单色/灰度/漫画分镜,姿势/动态,princess_connect!|blue_archive|azur_lane,oppai_loli yuuki_(princess_connect!) princess_connect! yui_(princess_connect!) akari_(princess_connect!) bar_censor nun_headdress hetero,情色向 · 日常/治愈系 · 裸体/暴露 · 神话/宗教 · 单色/灰度 · 姿势/动态,https://danbooru.donmai.us/artists/1593233
1329367,sakimori_(hououbds),793,200,全年龄向,0.0,奇幻/魔法题材,原创为主,群像/多人,自然/风景/奇幻/魔法,特效/后期/光影/氛围,场景插画,vocaloid|yuuyake_koyake,scenery fantasy light_particles wide_shot colorful field grass cloudy_sky,奇幻/魔法题材 · 自然/风景 · 奇幻/魔法 · 特效/后期 · 场景插画,https://danbooru.donmai.us/artists/1329367
673479,nogi_takayoshi,793,200,全年龄向,0.005,原创角色设计师,原创为主,女性主体,自然/风景/泳装/内衣,,俯视/仰视,fate_(series)|fate/grand_order|artwhirl_mahou_gakuen_no_otome-tachi,luca_(nogi_takayoshi) fate/grand_order fate_(series) priscilla_(artwhirl) artwhirl_mahou_gakuen_no_otome-tachi heterochromia artoria_pendragon_(fate) long_hair_between_eyes,原创角色设计师 · 自然/风景 · 泳装/内衣 · 俯视/仰视 · 原创为主,https://danbooru.donmai.us/artists/673479
1604733,seiru_(prairie),791,200,全年龄向,0.0,综合向插画师,同人为主,男性主体,泳装/内衣/手足/局部,,差分/变体,genshin_impact|honkai:_star_rail|honkai_(series),genshin_impact hu_tao_(genshin_impact) boo_tao_(genshin_impact) vision_(genshin_impact) plum_blossoms yelan_(genshin_impact) honkai:_star_rail flower-shaped_pupils,综合向插画师 · 泳装/内衣 · 手足/局部 · 差分/变体 · 同人为主,https://danbooru.donmai.us/artists/1604733
1650179,radishkek,790,200,硬核R18,0.805,R18情色向画师,同人为主,男性主体,裸体/暴露/体型特征,漫画分镜,姿势/动态,fate_(series)|fate/grand_order|fate/samurai_remnant,fate/grand_order fate_(series) uncensored cum penis ejaculation sex scathach-skadi_(swimsuit_ruler)_(second_ascension)_(fate),硬核R18 · R18情色向画师 · 裸体/暴露 · 体型特征 · 漫画分镜 · 姿势/动态,https://danbooru.donmai.us/artists/1650179
1418034,echj,790,200,全年龄向,0.0,综合向插画师,同人为主,群像/多人,军事/枪械/自然/风景,,差分/变体,arknights|wuthering_waves|blue_archive,arknights wuthering_waves punishing:_gray_raven amiya_(arknights) tacet_mark_(wuthering_waves) arknights:_endfield mechanical_hands female_rover_(wuthering_waves),综合向插画师 · 军事/枪械 · 自然/风景 · 差分/变体 · 同人为主,https://danbooru.donmai.us/artists/1418034
1332741,bacius,790,200,全年龄向,0.005,单色线稿派,同人为主,群像/多人,战斗/动作/军事/枪械,单色/灰度/漫画分镜,漫画/多格,umamusume|kantai_collection|comiket_106,umamusume tracen_school_uniform horse_girl horse_ears horse_tail summer_uniform ear_ornament greyscale,单色线稿派 · 战斗/动作 · 军事/枪械 · 单色/灰度 · 漫画/多格,https://danbooru.donmai.us/artists/1332741
1482465,themaestronoob,789,200,情色向,0.26,综合向插画师,原创/同人混合,群像/多人,裸体/暴露/体型特征,,设定/图解,warhammer_40k|mass_effect_(series)|bleach,warhammer_40k artist_logo dated futanari ralamian monster_girl calendar_(medium) tree_bark,情色向 · 综合向插画师 · 裸体/暴露 · 体型特征 · 设定/图解 · 原创/同人混合,https://danbooru.donmai.us/artists/1482465
468823,koutaro,789,200,轻度色气,0.035,原创角色设计师,原创为主,群像/多人,校园/泳装/内衣,,俯视/仰视,tropical_kiss|toranoana|tropical_vacation,uwabaki tropical_kiss twitter_username old_school_swimsuit himuro_rikka school_swimsuit aoi_matsuri hinata_hanabi,原创角色设计师 · 校园 · 泳装/内衣 · 俯视/仰视 · 原创为主,https://danbooru.donmai.us/artists/468823
479070,karory,788,200,轻度色气,0.15,原创角色设计师,原创为主,男性主体,裸体/暴露/校园,漫画分镜,姿势/动态,seiso_bitch_na_miko_senpai|go-toubun_no_hanayome|dengeki_moeoh,hoshimiya_amane_(karory) aomi_maika_(karory) seiso_bitch_na_miko_senpai sakaguchi_rin aomi_kanon_(karory) watanabe_taiki uesugi_fuutarou go-toubun_no_hanayome,原创角色设计师 · 裸体/暴露 · 校园 · 漫画分镜 · 姿势/动态,https://danbooru.donmai.us/artists/479070
2400828,daaku_(koizumi_arata),787,200,全年龄向,0.0,同人角色专精,同人为主,群像/多人,体型特征/角色扮演/异装,漫画分镜/特效/后期,漫画/多格,hololive|hololive_english|chainsaw_man,ouro_kronii hololive_english hololive virtual_youtuber nerissa_ravencroft ouro_kronii_(maid) hair_intakes uneven_horns,同人角色专精 · 体型特征 · 角色扮演/异装 · 漫画分镜 · 漫画/多格,https://danbooru.donmai.us/artists/2400828
384641,kasuga_yukihito,787,200,轻度色气,0.065,综合向插画师,同人为主,男性主体,裸体/暴露/军事/枪械,单色/灰度/线稿/速写,姿势/动态,emil_chronicle_online|touhou|mahou_sensei_negima!,emil_chronicle_online mahou_sensei_negima! rena_erindel pangya hasegawa_chisame elsword touhou bastet_lore,综合向插画师 · 裸体/暴露 · 军事/枪械 · 单色/灰度 · 姿势/动态,https://danbooru.donmai.us/artists/384641
1940538,lazyartlazy12,787,200,全年龄向,0.0,漫画/剧情向,原创/同人混合,群像/多人,自然/风景/体型特征,漫画分镜,漫画/多格,fate/grand_order|fate_(series)|honkai:_star_rail,taida_(lazyartlazy12) fate/grand_order fate_(series) if_they_mated talking astolfo_(fate) keianna_(crazymashufan) comic,漫画/剧情向 · 自然/风景 · 体型特征 · 漫画分镜 · 漫画/多格,https://danbooru.donmai.us/artists/1940538
563190,ao_banana,787,200,硬核R18,0.805,单色线稿派,同人为主,男性主体,裸体/暴露/体型特征,单色/灰度/漫画分镜,姿势/动态,fate_(series)|fate/grand_order|blue_archive,large_areolae fate/grand_order fate_(series) katsushika_hokusai_(fate) nipples huge_breasts command_spell circe_(fate),硬核R18 · 单色线稿派 · 裸体/暴露 · 体型特征 · 单色/灰度 · 姿势/动态,https://danbooru.donmai.us/artists/563190
1429620,takanashi_kei_(hitsujikan),786,200,全年龄向,0.01,综合向插画师,原创/同人混合,双人/CP,角色扮演/异装/泳装/内衣,单色/灰度,肖像/半身,kantai_collection|z/x|fate_(series),black_gold_bunny_(takanashi_kei) platinum_bunny_(takanashi_kei) amatsukaze_(kancolle) kantai_collection shimakaze_(kancolle) amatsukaze_kai_ni_(kancolle) lisa_brunhild z/x,综合向插画师 · 角色扮演/异装 · 泳装/内衣 · 单色/灰度 · 肖像/半身,https://danbooru.donmai.us/artists/1429620
1377750,kurokoshou_(emuburemu123),787,200,硬核R18,0.725,R18情色向画师,同人为主,群像/多人,裸体/暴露/泳装/内衣,漫画分镜,姿势/动态,kantai_collection|hololive|kore_wa_zombie_desu_ka?,kantai_collection german_flag sex union_jack admiral_(kancolle) italian_flag mosaic_censoring japanese_flag,硬核R18 · R18情色向画师 · 裸体/暴露 · 泳装/内衣 · 漫画分镜 · 姿势/动态,https://danbooru.donmai.us/artists/1377750
493756,tsukiyo_(skymint),786,200,全年龄向,0.0,传统手绘媒介,原创为主,群像/多人,军事/枪械/音乐/偶像,传统绘画,漫画/多格,indie_virtual_youtuber|vocaloid|iriam,multiple_scoops checkerboard_cookie cupcake hourglass chibi borrowed_character fork cookie,传统手绘媒介 · 军事/枪械 · 音乐/偶像 · 传统绘画 · 漫画/多格,https://danbooru.donmai.us/artists/493756
1697110,takepoison,785,200,全年龄向,0.06,日常/治愈系,同人为主,男性主体,日常/治愈/恋爱/情感,漫画分镜/单色/灰度,漫画/多格,aimai_moratorium|summer_pockets|anemoi,aimai_moratorium rindou_yui rindou_fumi rindou_kotori rindou_moyu brother_and_sister short_braid cat_hair_ornament,日常/治愈系 · 日常/治愈 · 恋爱/情感 · 漫画分镜 · 漫画/多格,https://danbooru.donmai.us/artists/1697110
1585983,yakob_labo,785,200,硬核R18,0.65,原创角色设计师,原创为主,女性主体,裸体/暴露/校园,漫画分镜/线稿/速写,单人立绘,zenless_zone_zero|blue_archive|girls'_frontline,minya_(yakob_labo) sayano_(yakob_labo) kouhai-chan_(yakob_labo) stomach_bulge brown_twintails_girl_(yakob_labo) clothed_sex sex corin_wickes,硬核R18 · 原创角色设计师 · 裸体/暴露 · 校园 · 漫画分镜 · 单人立绘,https://danbooru.donmai.us/artists/1585983
404255,ideolo,785,200,全年龄向,0.0,日常/治愈系,同人为主,群像/多人,神话/宗教/兽耳/亚人,线稿/速写/素描/炭笔,差分/变体,blue_archive|ragnarok:_guild_masters|ragnarok_online,blue_archive hoshino_(blue_archive) warlock_(ragnarok_online) ragnarok:_guild_masters ragnarok_online pink_halo halo nonomi_(blue_archive),日常/治愈系 · 神话/宗教 · 兽耳/亚人 · 线稿/速写 · 差分/变体,https://danbooru.donmai.us/artists/404255
1892828,orphen_(pink_seito),785,200,硬核R18,0.77,R18情色向画师,同人为主,群像/多人,裸体/暴露/体型特征,漫画分镜,姿势/动态,fairy_tail|fate_(series)|fate/grand_order,uncensored cana_alberona mirajane_strauss erza_scarlet fairy_tail penis nipples group_sex,硬核R18 · R18情色向画师 · 裸体/暴露 · 体型特征 · 漫画分镜 · 姿势/动态,https://danbooru.donmai.us/artists/1892828
548807,shinanoya_(satanicad),785,200,全年龄向,0.0,同人角色专精,同人为主,非人物/静物,校园/兽耳/亚人,单色/灰度/线稿/速写,姿势/动态,love_live!|love_live!_hasu_no_sora_jogakuin_school_idol_club|love_live!_nijigasaki_high_school_idol_club,love_live!_hasu_no_sora_jogakuin_school_idol_club hasu_no_sora_school_uniform love_live! winter_uniform osawa_rurino sailor_dress medium_dress brown_dress,同人角色专精 · 校园 · 兽耳/亚人 · 单色/灰度 · 姿势/动态,https://danbooru.donmai.us/artists/548807
402826,kumadano,785,200,情色向,0.25,同人角色专精,同人为主,男性主体,神话/宗教/裸体/暴露,单色/灰度/漫画分镜,姿势/动态,blue_archive|touhou|comiket_84,blue_archive halo otogi_(blue_archive) utaha_(blue_archive) ichika_(blue_archive) micro_bikini hibiki_(blue_archive) mirai_(blue_archive),情色向 · 同人角色专精 · 神话/宗教 · 裸体/暴露 · 单色/灰度 · 姿势/动态,https://danbooru.donmai.us/artists/402826
676643,kotoyama,784,200,全年龄向,0.0,单色线稿派,原创/同人混合,男性主体,制服/职场/科幻/机甲,单色/灰度/线稿/速写,漫画/多格,dagashi_kashi|yofukashi_no_uta|idolmaster,dagashi_kashi shidare_hotaru yofukashi_no_uta endou_saya greyscale nanakusa_nazuna_(yofukashi_no_uta) monochrome ringed_eyes,单色线稿派 · 制服/职场 · 科幻/机甲 · 单色/灰度 · 漫画/多格,https://danbooru.donmai.us/artists/676643
565436,wakura_(gcdan),784,200,情色向,0.35,原创角色设计师,原创/同人混合,群像/多人,体型特征/裸体/暴露,漫画分镜,俯视/仰视,bocchi_the_rock!|nijisanji|fate/grand_order,teikoku_saikyou_no_kyonyuu_onna_kishi_dan_saimin_seifuku gotoh_hitori bocchi_the_rock! huge_breasts cube_hair_ornament leveria_(saimin_seifuku) nijisanji gumroad_username,情色向 · 原创角色设计师 · 体型特征 · 裸体/暴露 · 漫画分镜 · 俯视/仰视,https://danbooru.donmai.us/artists/565436
422178,kiku_hitomoji,784,200,全年龄向,0.0,漫画/剧情向,同人为主,群像/多人,战斗/动作/奇幻/魔法,漫画分镜/单色/灰度,漫画/多格,touhou|granblue_fantasy|idolmaster,hong_meiling touhou 5koma vyrn_(granblue_fantasy) 4koma granblue_fantasy expressive_clothes lyria_(granblue_fantasy),漫画/剧情向 · 战斗/动作 · 奇幻/魔法 · 漫画分镜 · 漫画/多格,https://danbooru.donmai.us/artists/422178
1968774,onyhakase,783,200,轻度色气,0.085,原创角色设计师,原创为主,群像/多人,体型特征/裸体/暴露,漫画分镜,姿势/动态,blue_archive|final_fantasy|trickcal,assistant_(onyhakase) twintail_girl_(onyhakase) kitsune-chan_(onyhakase) loli black_hair_girl_(onyhakase) flat_chest rounded_collar jitome-chan_(onyhakase),原创角色设计师 · 体型特征 · 裸体/暴露 · 漫画分镜 · 姿势/动态,https://danbooru.donmai.us/artists/1968774
1269684,nannacy7,783,200,全年龄向,0.0,综合向插画师,同人为主,女性主体,校园/泳装/内衣,,差分/变体,umamusume|idolmaster|gakuen_idolmaster,umamusume horse_girl horse_ears gakuen_idolmaster idolmaster ear_covers katsuragi_lilja horse_tail,综合向插画师 · 校园 · 泳装/内衣 · 差分/变体 · 同人为主,https://danbooru.donmai.us/artists/1269684
652560,yonu_(yonurime),783,200,全年龄向,0.0,单色线稿派,同人为主,群像/多人,和风/日常/治愈,单色/灰度/漫画分镜,漫画/多格,touhou|umamusume|grimoire_of_usami,touhou narita_brian_(umamusume) kirisame_marisa mayano_top_gun_(umamusume) hakurei_reimu frilled_hair_tubes grimoire_of_usami greyscale,单色线稿派 · 和风 · 日常/治愈 · 单色/灰度 · 漫画/多格,https://danbooru.donmai.us/artists/652560
1570457,hajika,783,200,硬核R18,0.985,R18情色向画师,同人为主,男性主体,裸体/暴露/泳装/内衣,特效/后期/漫画分镜,姿势/动态,honkai:_star_rail|honkai_(series)|zenless_zone_zero,honkai:_star_rail honkai_(series) mosaic_censoring rape sex male_endministrator_(arknights) penis hilichurl_(genshin_impact),硬核R18 · R18情色向画师 · 裸体/暴露 · 泳装/内衣 · 特效/后期 · 姿势/动态,https://danbooru.donmai.us/artists/1570457
672246,musouzuki,781,200,硬核R18,0.995,R18情色向画师,原创为主,群像/多人,裸体/暴露/体型特征,漫画分镜,姿势/动态,blue_archive|idolmaster|idolmaster_cinderella_girls,loli bar_censor futa_with_female kodomo_doushi penis censored futanari sex,硬核R18 · R18情色向画师 · 裸体/暴露 · 体型特征 · 漫画分镜 · 姿势/动态,https://danbooru.donmai.us/artists/672246
1260687,daizu_(melon-lemon),781,200,轻度色气,0.145,原创角色设计师,原创为主,群像/多人,兽耳/亚人/泳装/内衣,特效/后期/单色/灰度,单人立绘,touhou|amazon_(company)|blue_archive,detached_ahoge tenshi_kaiwai mary_janes akudamakin-chan_(daizu_(melon-lemon)) loli used_tissue no_sclera remote_control_vibrator,原创角色设计师 · 兽耳/亚人 · 泳装/内衣 · 特效/后期 · 单人立绘,https://danbooru.donmai.us/artists/1260687
1378108,mina_cream,781,200,轻度色气,0.155,百合专精,同人为主,双人/CP,裸体/暴露/泳装/内衣,线稿/速写/素描/炭笔,姿势/动态,fire_emblem|persona|persona_5,dated persona fire_emblem persona_5 takamaki_ann artist_name fire_emblem:_three_houses persona_3,百合专精 · 裸体/暴露 · 泳装/内衣 · 线稿/速写 · 姿势/动态,https://danbooru.donmai.us/artists/1378108
1233461,kimmy77,781,200,轻度色气,0.04,综合向插画师,同人为主,群像/多人,泳装/内衣/裸体/暴露,特效/后期,姿势/动态,rwby|genshin_impact|kaguya-sama_wa_kokurasetai_~tensai-tachi_no_renai_zunousen~,rwby weiss_schnee neopolitan_(rwby) ruby_rose web_address watermark blake_belladonna patreon_username,综合向插画师 · 泳装/内衣 · 裸体/暴露 · 特效/后期 · 姿势/动态,https://danbooru.donmai.us/artists/1233461
2137647,huhi_(huhi_1211),781,200,全年龄向,0.0,综合向插画师,同人为主,群像/多人,音乐/偶像/神话/宗教,特效/后期/单色/灰度,俯视/仰视,stellive|honkai:_star_rail|honkai_(series),stellive akane_lize mole_on_cheek virtual_youtuber arahashi_tabi pienna_(akane_lize) shirayuki_hina neneko_mashiro,综合向插画师 · 音乐/偶像 · 神话/宗教 · 特效/后期 · 俯视/仰视,https://danbooru.donmai.us/artists/2137647
1336913,ramudia_(lamyun),781,200,全年龄向,0.005,综合向插画师,同人为主,群像/多人,手足/局部/兽耳/亚人,线稿/速写/单色/灰度,差分/变体,touhou|curiosities_of_lotus_asia|vocaloid,touhou moriya_suwako frog_print purple_vest tress_ribbon twitter_username pyonta frog,综合向插画师 · 手足/局部 · 兽耳/亚人 · 线稿/速写 · 差分/变体,https://danbooru.donmai.us/artists/1336913
1389687,elfenlied22,781,200,情色向,0.405,同人角色专精,同人为主,男性主体,裸体/暴露/和风,漫画分镜,姿势/动态,fate_(series)|fate/grand_order|fate/apocrypha,fate/grand_order fate_(series) pollux_(fate) fujimaru_ritsuka_(male) kriemhild_(swimsuit_rider)_(first_ascension)_(fate) adele_(fate) kriemhild_(swimsuit_rider)_(fate) kriemhild_(fate),情色向 · 同人角色专精 · 裸体/暴露 · 和风 · 漫画分镜 · 姿势/动态,https://danbooru.donmai.us/artists/1389687
1704592,fumitan_(humitan),780,200,轻度色气,0.105,原创角色设计师,原创为主,群像/多人,奇幻/魔法/校园,单色/灰度/漫画分镜,漫画/多格,a_priest's_journey_in_a_rpg_world|taimanin_(series)|nijisanji,a_priest's_journey_in_a_rpg_world greyscale monochrome kayonohime laina_(yanagida_fumita) licole merielle fuuma_kotarou_(taimanin_series),原创角色设计师 · 奇幻/魔法 · 校园 · 单色/灰度 · 漫画/多格,https://danbooru.donmai.us/artists/1704592
1942696,ekrea_jan,780,200,轻度色气,0.175,原创角色设计师,原创为主,男性主体,裸体/暴露/体型特征,,俯视/仰视,elden_ring|elden_ring_nightreign|elden_ring:_shadow_of_the_erdtree,elden_ring miquella_(elden_ring) elden_ring:_shadow_of_the_erdtree monster_girl maou-chan_(ekrea_jan) elden_ring_nightreign large_horns mohg_lord_of_blood,原创角色设计师 · 裸体/暴露 · 体型特征 · 俯视/仰视 · 原创为主,https://danbooru.donmai.us/artists/1942696
1603239,soon_(c-u-soon),779,200,硬核R18,0.52,R18情色向画师,原创/同人混合,双人/CP,裸体/暴露/手足/局部,漫画分镜,漫画/多格,hololive|pokemon|dead_or_alive,ryona uruha_rushia helena_douglas blue_leggings rape petite uruha_rushia_(1st_costume) yu-gi-oh!_sevens,硬核R18 · R18情色向画师 · 裸体/暴露 · 手足/局部 · 漫画分镜 · 漫画/多格,https://danbooru.donmai.us/artists/1603239
487821,derauea,778,200,情色向,0.35,同人角色专精,同人为主,男性主体,体型特征/裸体/暴露,,姿势/动态,motto!_haramase!_(series)|motto!_haramase!_honoo_no_oppai_isekai_oppai_bunny_gakuen!|honoo_no_haramase_oppai_ero_appli_gakuen,motto!_haramase!_honoo_no_oppai_isekai_oppai_bunny_gakuen! motto!_haramase!_(series) usami_runa star_in_eye tachi-e transparent_background hiphighs symbol_in_eye,情色向 · 同人角色专精 · 体型特征 · 裸体/暴露 · 姿势/动态 · 同人为主,https://danbooru.donmai.us/artists/487821
613190,shirotsumekusa,778,200,全年龄向,0.09,同人角色专精,同人为主,群像/多人,日常/治愈/自然/风景,漫画分镜/单色/灰度,漫画/多格,fate_(series)|fate/stay_night|fate/grand_order,saber_(fate) fate/stay_night artoria_pendragon_(fate) fate_(series) tohsaka_rin emiya_shirou fate/grand_order matou_sakura,同人角色专精 · 日常/治愈 · 自然/风景 · 漫画分镜 · 漫画/多格,https://danbooru.donmai.us/artists/613190
481777,tasaka_shinnosuke,778,200,轻度色气,0.09,综合向插画师,同人为主,男性主体,体型特征/奇幻/魔法,单色/灰度/光影/氛围,肖像/半身,precure|dragon_ball|fate/kaleid_liner_prisma_illya,metem_puella fate/kaleid_liner_prisma_illya precure chloe_von_einzbern sennen_sensou_aigis dragon_ball super_saiyan dokidoki!_precure,综合向插画师 · 体型特征 · 奇幻/魔法 · 单色/灰度 · 肖像/半身,https://danbooru.donmai.us/artists/481777
387217,kobayashi_chisato,777,200,全年龄向,0.0,日常/治愈系,原创为主,女性主体,校园/泳装/内衣,,俯视/仰视,shuu_4_de_heya_ni_asobi_ni_kuru_koakuma_girl_ha_kubittake!|genshin_impact|taiko_no_tatsujin,kuroe_misa_(shuu_4_de_heya_ni_asobi_ni_kuru_koakuma_girl_ha_kubittake!) shuu_4_de_heya_ni_asobi_ni_kuru_koakuma_girl_ha_kubittake! suou_sakura_(kobayashi_chisato) pantyshot plaid_skirt striped_bowtie plaid_clothes school_bag,日常/治愈系 · 校园 · 泳装/内衣 · 俯视/仰视 · 原创为主,https://danbooru.donmai.us/artists/387217
695961,tori_(minamopa),777,200,硬核R18,0.69,R18情色向画师,同人为主,男性主体,裸体/暴露/体型特征,特效/后期/单色/灰度,姿势/动态,touhou|rance_(series)|rance_x,mix_tou rance_x rance_(series) time_paradox aged_up touhou maribel_hearn mosaic_censoring,硬核R18 · R18情色向画师 · 裸体/暴露 · 体型特征 · 特效/后期 · 姿势/动态,https://danbooru.donmai.us/artists/695961
1647282,rakeemspoon,775,200,情色向,0.265,传统手绘媒介,同人为主,群像/多人,体型特征/裸体/暴露,线稿/速写/素描/炭笔,姿势/动态,one-punch_man|sousou_no_frieren|pokemon,tatsumaki one-punch_man saitama_(one-punch_man) natsuki_(doki_doki_literature_club) doki_doki_literature_club frieren wide_hips sousou_no_frieren,情色向 · 传统手绘媒介 · 体型特征 · 裸体/暴露 · 线稿/速写 · 姿势/动态,https://danbooru.donmai.us/artists/1647282
620675,ukata,775,200,全年龄向,0.0,综合向插画师,同人为主,群像/多人,和风/BL/腐向,特效/后期/漫画分镜,设定/图解,genshin_impact|splatoon_(series)|mario_(series),callie_(splatoon) inkling splatoon_(series) marie_(splatoon) tentacle_hair aether_(genshin_impact) genshin_impact scaramouche_(genshin_impact),综合向插画师 · 和风 · BL/腐向 · 特效/后期 · 设定/图解,https://danbooru.donmai.us/artists/620675
1423466,yappen,775,200,全年龄向,0.005,综合向插画师,同人为主,群像/多人,军事/枪械/校园,,俯视/仰视,voiceroid|xenoblade_chronicles_(series)|cevio,natsuki_karin cevio voiceroid xenoblade_chronicles_(series) xenoblade_chronicles_2 tsurumaki_maki synthesizer_v pyra_(xenoblade),综合向插画师 · 军事/枪械 · 校园 · 俯视/仰视 · 同人为主,https://danbooru.donmai.us/artists/1423466
714740,gazing_eye,775,200,轻度色气,0.15,兽耳/亚人专精,同人为主,群像/多人,兽人/furry/裸体/暴露,漫画分镜,漫画/多格,pokemon|pokemon_(anime)|pokemon_horizons,pokemon_(anime) web_address pokemon pokemon_horizons serena_(pokemon) miette_(pokemon) pokemon_the_series:_xy pokemon_masters_ex,兽耳/亚人专精 · 兽人/furry · 裸体/暴露 · 漫画分镜 · 漫画/多格,https://danbooru.donmai.us/artists/714740
1526603,ancesra,775,200,硬核R18,0.7,兽耳/亚人专精,同人为主,非人物/静物,兽人/furry/裸体/暴露,线稿/速写/素描/炭笔,姿势/动态,pokemon|sonic_(series)|sonic_the_hedgehog_(archie_comics),two-tone_fur snout body_fur patreon_username furry_female pawpads white_fur web_address,硬核R18 · 兽耳/亚人专精 · 兽人/furry · 裸体/暴露 · 线稿/速写 · 姿势/动态,https://danbooru.donmai.us/artists/1526603
1558807,hatano_kiyoshi,775,200,全年龄向,0.0,同人角色专精,同人为主,群像/多人,奇幻/魔法/女仆/侍女,漫画分镜/线稿/速写,漫画/多格,yu-gi-oh!|metal_slug|who_wants_to_be_a_millionaire?,laundry_dragonmaid duel_monster yu-gi-oh! wa_maid dragon_girl eldlich_the_golden_lord dragon_horns dragon_tail,同人角色专精 · 奇幻/魔法 · 女仆/侍女 · 漫画分镜 · 漫画/多格,https://danbooru.donmai.us/artists/1558807
725767,givuchoko,774,200,轻度色气,0.105,综合向插画师,同人为主,群像/多人,泳装/内衣/裸体/暴露,特效/后期/线稿/速写,俯视/仰视,touhou|chouhakai!!_barbarossa|re:zero_kara_hajimeru_isekai_seikatsu,chouhakai!!_barbarossa touhou amateras_records disembodied_linked_eye komeiji_satori komeiji_koishi eyeball re:zero_kara_hajimeru_isekai_seikatsu,综合向插画师 · 泳装/内衣 · 裸体/暴露 · 特效/后期 · 俯视/仰视,https://danbooru.donmai.us/artists/725767
1313063,munmu-san,774,200,全年龄向,0.0,单色线稿派,同人为主,群像/多人,制服/职场/军事/枪械,单色/灰度/漫画分镜,漫画/多格,kantai_collection|godzilla_(series)|godzilla_minus_one,hisamura_natsuki_(munmu-san) kantai_collection comic greyscale tuscaloosa_(kancolle) phoenix_(kancolle) monochrome minneapolis_(kancolle),单色线稿派 · 制服/职场 · 军事/枪械 · 单色/灰度 · 漫画/多格,https://danbooru.donmai.us/artists/1313063
1302483,reverse_(bluefencer),774,200,全年龄向,0.0,奇幻/魔法题材,同人为主,群像/多人,奇幻/魔法/校园,漫画分镜,漫画/多格,mahou_shoujo_madoka_magica|magia_record:_mahou_shoujo_madoka_magica_gaiden|mahou_shoujo_madoka_magica:_hangyaku_no_monogatari,magia_record:_mahou_shoujo_madoka_magica_gaiden mahou_shoujo_madoka_magica tamaki_iroha tamaki_ui kamihama_university_affiliated_school_uniform nanami_yachiyo takarazaki_school_uniform minami_rena,奇幻/魔法题材 · 奇幻/魔法 · 校园 · 漫画分镜 · 漫画/多格,https://danbooru.donmai.us/artists/1302483
381987,miyasu_risa,774,200,全年龄向,0.035,同人角色专精,同人为主,男性主体,校园/和风,,表情/表演,honoo_no_haramase_tenkousei,honoo_no_haramase_tenkousei shirahana_school_uniform 2000s_(style) transparent_background yuzuki_hotaru mikami_yuuko narahashi_kaede minami_arisa,同人角色专精 · 校园 · 和风 · 表情/表演 · 同人为主,https://danbooru.donmai.us/artists/381987
1296491,kamukamu_(ars),774,200,情色向,0.38,R18情色向画师,同人为主,男性主体,裸体/暴露/泳装/内衣,单色/灰度/漫画分镜,姿势/动态,touhou|hakurei_frontier_spell_strive|genshin_impact,touhou flandre_scarlet slingshot_swimsuit white_slingshot_swimsuit black_slingshot_swimsuit bar_censor areola_slip hakurei_frontier_spell_strive,情色向 · R18情色向画师 · 裸体/暴露 · 泳装/内衣 · 单色/灰度 · 姿势/动态,https://danbooru.donmai.us/artists/1296491
1298851,harusame_(unmei_no_ikasumi),773,200,硬核R18,0.65,百合专精,同人为主,群像/多人,裸体/暴露/手足/局部,单色/灰度/特效/后期,姿势/动态,touhou|sunken_fossil_world|touhou_(pc-98),touhou merlin_prismriver lunasa_prismriver flandre_scarlet mosaic_censoring huge_testicles uvula toutetsu_yuuma,硬核R18 · 百合专精 · 裸体/暴露 · 手足/局部 · 单色/灰度 · 姿势/动态,https://danbooru.donmai.us/artists/1298851
1320176,katou_shinobu,772,200,全年龄向,0.005,综合向插画师,同人为主,群像/多人,体型特征/泳装/内衣,,差分/变体,kantai_collection|umamusume|pokemon,kantai_collection one-hour_drawing_challenge twitter_username dated richard_p._leary_(kancolle) almond_eye_(natsuzora_chirutime)_(umamusume) heywood_l._edwards_(kancolle) umamusume,综合向插画师 · 体型特征 · 泳装/内衣 · 差分/变体 · 同人为主,https://danbooru.donmai.us/artists/1320176
1693378,kawai_ritsu_(rits_meg),772,200,全年龄向,0.05,百合专精,同人为主,双人/CP,校园/泳装/内衣,漫画分镜/线稿/速写,俯视/仰视,umamusume|bocchi_the_rock!|idolmaster,kita_ikuyo bocchi_the_rock! gotoh_hitori umamusume horse_girl shuka_high_school_uniform horse_ears project_sekai,百合专精 · 校园 · 泳装/内衣 · 漫画分镜 · 俯视/仰视,https://danbooru.donmai.us/artists/1693378
590546,onija_tarou,772,200,轻度色气,0.055,综合向插画师,原创/同人混合,男性主体,体型特征/裸体/暴露,线稿/速写/素描/炭笔,姿势/动态,dream_c_club|dream_c_club_(series)|higurashi_no_naku_koro_ni,jaggy_lines oekaki web_address watermark dream_c_club dream_c_club_(series) receptionist_(dream_c_club) dream_c_club_zero,综合向插画师 · 体型特征 · 裸体/暴露 · 线稿/速写 · 姿势/动态,https://danbooru.donmai.us/artists/590546
383662,hairu,772,200,情色向,0.425,R18情色向画师,同人为主,群像/多人,裸体/暴露/泳装/内衣,赛璐璐/平涂/单色/灰度,姿势/动态,monogatari_(series)|nisemonogatari|to_love-ru,nisemonogatari monogatari_(series) kujikawa_rise bakemonogatari danball_senki to_love-ru persona_4 jessica_kaios,情色向 · R18情色向画师 · 裸体/暴露 · 泳装/内衣 · 赛璐璐/平涂 · 姿势/动态,https://danbooru.donmai.us/artists/383662
1495362,yonedatomo_mizu,771,200,全年龄向,0.0,漫画/剧情向,同人为主,群像/多人,校园/配饰/首饰,漫画分镜/特效/后期,漫画/多格,umamusume|cygames|zombie_land_saga,orfevre_(umamusume) tracen_school_uniform umamusume ear_covers curren_chan_(umamusume) horse_girl horse_ears ear_bow,漫画/剧情向 · 校园 · 配饰/首饰 · 漫画分镜 · 漫画/多格,https://danbooru.donmai.us/artists/1495362
722965,yuuma_(skirthike),771,200,轻度色气,0.04,漫画/剧情向,同人为主,群像/多人,神话/宗教/泳装/内衣,漫画分镜/单色/灰度,漫画/多格,blue_archive|outerplane|idolmaster,4koma blue_archive outerplane comic loli halo hidden_camera sensei_(blue_archive),漫画/剧情向 · 神话/宗教 · 泳装/内衣 · 漫画分镜 · 漫画/多格,https://danbooru.donmai.us/artists/722965
1554118,tab_head,770,200,轻度色气,0.125,同人角色专精,同人为主,女性主体,兽耳/亚人/裸体/暴露,单色/灰度/漫画分镜,肖像/半身,arknights|arknights:_endfield|ore_no_imouto_ga_konna_ni_kawaii_wake_ga_nai,arknights arknights:_endfield crownslayer_(arknights) doctor_(arknights) texas_(arknights) hyena_girl hyena_ears shu_(arknights),同人角色专精 · 兽耳/亚人 · 裸体/暴露 · 单色/灰度 · 肖像/半身,https://danbooru.donmai.us/artists/1554118
1272117,kitahara_tomoe_(kitahara_koubou),770,200,全年龄向,0.0,百合专精,同人为主,群像/多人,百合/GL/战斗/动作,漫画分镜,漫画/多格,genshin_impact|love_live!|pokemon,genshin_impact lumine_(genshin_impact) paimon_(genshin_impact) nilou_(genshin_impact) columbina_(genshin_impact) sandrone_(genshin_impact) twitter_username mualani_(genshin_impact),百合专精 · 百合/GL · 战斗/动作 · 漫画分镜 · 漫画/多格,https://danbooru.donmai.us/artists/1272117
1373876,aurahack,769,200,轻度色气,0.27,机甲/军事题材,原创为主,群像/多人,科幻/机甲/裸体/暴露,特效/后期/线稿/速写,设定/图解,guilty_gear|guilty_gear_strive|the_legend_of_zelda,catherine_(aurahack) ascari_megane_(aurahack) patreon_username web_address artist_logo bandaid_on_nose cyberpunk levin_(aurahack),机甲/军事题材 · 科幻/机甲 · 裸体/暴露 · 特效/后期 · 设定/图解,https://danbooru.donmai.us/artists/1373876
591806,konno_tohiro,769,200,情色向,0.085,兽耳/亚人专精,同人为主,双人/CP,体型特征/兽人/furry,漫画分镜,姿势/动态,pokemon|xenoblade_chronicles_(series)|xenoblade_chronicles_2,huge_breasts pokemon thick_thighs alternate_breast_size_(larger) curvy xenoblade_chronicles_2 areola_slip xenoblade_chronicles_(series),情色向 · 兽耳/亚人专精 · 体型特征 · 兽人/furry · 漫画分镜 · 姿势/动态,https://danbooru.donmai.us/artists/591806
1581427,akino_ell,769,200,全年龄向,0.0,综合向插画师,同人为主,非人物/静物,校园/日常/治愈,漫画分镜/特效/后期,漫画/多格,go-toubun_no_hanayome|anpanman|pokemon,nakano_itsuki go-toubun_no_hanayome asahiyama_high_school_uniform star_hair_ornament nakano_miku nakano_nino nakano_yotsuba uesugi_fuutarou,综合向插画师 · 校园 · 日常/治愈 · 漫画分镜 · 漫画/多格,https://danbooru.donmai.us/artists/1581427
387923,omar_dogan,768,200,全年龄向,0.0,综合向插画师,同人为主,群像/多人,配饰/首饰/泳装/内衣,单色/灰度/漫画分镜,肖像/半身,persona|persona_5|street_fighter,signature lips art_tools_in_frame cursive pink_lips persona thick_lips white_border,综合向插画师 · 配饰/首饰 · 泳装/内衣 · 单色/灰度 · 肖像/半身,https://danbooru.donmai.us/artists/387923
377602,eretto,768,200,全年龄向,0.01,综合向插画师,同人为主,群像/多人,兽耳/亚人/泳装/内衣,,俯视/仰视,blue_archive|kantai_collection|princess_connect!,mizushima_serika cafe_sourire karyl_(princess_connect!) bokutachi_no_remake princess_connect! blue_archive shino_aki kantai_collection,综合向插画师 · 兽耳/亚人 · 泳装/内衣 · 俯视/仰视 · 同人为主,https://danbooru.donmai.us/artists/377602
1436721,sousou_(sousouworks),768,200,全年龄向,0.0,原创角色设计师,原创为主,非人物/静物,自然/风景/都市/街景,单色/灰度/特效/后期,场景插画,fate/grand_order|fate_(series)|science_adventure,depth_of_field illustration.media sunset transparent_umbrella cloudy_sky backpack romancing_saga_re;universe occultic;nine,原创角色设计师 · 自然/风景 · 都市/街景 · 单色/灰度 · 场景插画,https://danbooru.donmai.us/artists/1436721
1251763,yuto_(dialique),767,200,全年龄向,0.055,综合向插画师,同人为主,群像/多人,自然/风景/裸体/暴露,单色/灰度/光影/氛围,俯视/仰视,haiyore!_nyaruko-san|hololive|ore_twintail_ni_narimasu,haiyore!_nyaruko-san nyarlathotep_(nyaruko-san) ore_twintail_ni_narimasu tsube_aika cthugha_(nyaruko-san) checkered_bowtie yasaka_mahiro azki_(hololive),综合向插画师 · 自然/风景 · 裸体/暴露 · 单色/灰度 · 俯视/仰视,https://danbooru.donmai.us/artists/1251763
1319209,misumi_(niku-kyu),767,200,全年龄向,0.0,漫画/剧情向,同人为主,群像/多人,制服/职场/校园,漫画分镜,漫画/多格,kantai_collection|umamusume|real_life,twitter_username kantai_collection umamusume admiral_(kancolle) horse_girl horse_ears tracen_school_uniform comic,漫画/剧情向 · 制服/职场 · 校园 · 漫画分镜 · 漫画/多格,https://danbooru.donmai.us/artists/1319209
688830,fuukadia_(narcolepsy),767,200,全年龄向,0.0,奇幻/魔法题材,同人为主,群像/多人,奇幻/魔法/音乐/偶像,漫画分镜/单色/灰度,漫画/多格,mahou_shoujo_no_majo_saiban|touhou|book_off,mahou_shoujo_no_majo_saiban natsume_an-an jogasaki_noah nikaido_hiro hasumi_leia tono_hanna saeki_miria sakuraba_ema,奇幻/魔法题材 · 奇幻/魔法 · 音乐/偶像 · 漫画分镜 · 漫画/多格,https://danbooru.donmai.us/artists/688830
2564170,betanonbeet,767,200,全年龄向,0.045,日常/治愈系,同人为主,双人/CP,神话/宗教/日常/治愈,特效/后期/单色/灰度,肖像/半身,blue_archive|umamusume|arknights,blue_archive kazusa_(blue_archive) sensei_(blue_archive) polaroid_photo heart_in_eye kikyou_(blue_archive) doodle_sensei_(blue_archive) pink_halo,日常/治愈系 · 神话/宗教 · 日常/治愈 · 特效/后期 · 肖像/半身,https://danbooru.donmai.us/artists/2564170
551147,at_classics,766,200,轻度色气,0.0,奇幻/魔法题材,原创/同人混合,群像/多人,奇幻/魔法/体型特征,,肖像/半身,touhou|bishoujo_senshi_sailor_moon|dragon_quest,sample_watermark watermark touhou artist_name bishoujo_senshi_sailor_moon sailor_senshi_uniform covered_nipples aino_minako,奇幻/魔法题材 · 奇幻/魔法 · 体型特征 · 肖像/半身 · 原创/同人混合,https://danbooru.donmai.us/artists/551147
1469173,neon-tetora,766,200,全年龄向,0.0,单色线稿派,同人为主,男性主体,和风/自然/风景,单色/灰度/漫画分镜,漫画/多格,voiceroid|talkex|fate/grand_order,voiceroid touhoku_kiritan talkex otomachi_una tsukuyomi_ai greyscale headgear monochrome,单色线稿派 · 和风 · 自然/风景 · 单色/灰度 · 漫画/多格,https://danbooru.donmai.us/artists/1469173
493411,binsen,766,200,轻度色气,0.245,同人角色专精,同人为主,男性主体,裸体/暴露/兽耳/亚人,单色/灰度/漫画分镜,姿势/动态,idolmaster|idolmaster_million_live!|idolmaster_million_live!_theater_days,idolmaster_million_live! idolmaster hakozaki_serika tokoro_megumi miyao_miya nanao_yuriko idolmaster_million_live!_theater_days female_pubic_hair,同人角色专精 · 裸体/暴露 · 兽耳/亚人 · 单色/灰度 · 姿势/动态,https://danbooru.donmai.us/artists/493411
580347,nollety,765,200,情色向,0.425,奇幻/魔法题材,同人为主,男性主体,裸体/暴露/体型特征,线稿/速写/漫画分镜,俯视/仰视,youkai_watch|shin_megami_tensei|medarot,youkai_watch youkai_(youkai_watch) fubukihime pixie_(megami_tensei) shin_megami_tensei demon_(megami_tensei) medarot traditional_youkai,情色向 · 奇幻/魔法题材 · 裸体/暴露 · 体型特征 · 线稿/速写 · 俯视/仰视,https://danbooru.donmai.us/artists/580347
550469,saki_chisuzu,766,200,轻度色气,0.245,百合专精,原创/同人混合,双人/CP,手足/局部/裸体/暴露,线稿/速写/素描/炭笔,俯视/仰视,kantai_collection|idolmaster|idolmaster_cinderella_girls,idolmaster_cinderella_girls kantai_collection idolmaster ichinose_shiki soles foot_focus feet foot_worship,百合专精 · 手足/局部 · 裸体/暴露 · 线稿/速写 · 俯视/仰视,https://danbooru.donmai.us/artists/550469
500631,kozaki_yuusuke,764,200,全年龄向,0.0,综合向插画师,同人为主,男性主体,战斗/动作/BL/腐向,特效/后期/单色/灰度,设定/图解,fire_emblem|fire_emblem_heroes|fire_emblem_fates,fire_emblem fire_emblem_heroes fire_emblem_fates transparent_background desperadrops amamine_mika eikthyrnir_(fire_emblem) ratatoskr_(fire_emblem),综合向插画师 · 战斗/动作 · BL/腐向 · 特效/后期 · 设定/图解,https://danbooru.donmai.us/artists/500631
1884139,redi_(rasec_asdjh),764,200,情色向,0.435,综合向插画师,同人为主,群像/多人,裸体/暴露/体型特征,特效/后期/线稿/速写,俯视/仰视,hololive|hololive_english|goddess_of_victory:_nikke,hololive_english mint_fantome hololive virtual_youtuber commander_(nikke) densetsu.exe goddess_of_victory:_nikke ouro_kronii,情色向 · 综合向插画师 · 裸体/暴露 · 体型特征 · 特效/后期 · 俯视/仰视,https://danbooru.donmai.us/artists/1884139
1504916,cromachina,764,200,硬核R18,0.95,R18情色向画师,同人为主,男性主体,裸体/暴露/体型特征,漫画分镜,姿势/动态,blue_archive|kobayashi-san_chi_no_maidragon|zenless_zone_zero,oppai_loli loli clitoral_hood mosaic_censoring penis blue_archive cum pussy,硬核R18 · R18情色向画师 · 裸体/暴露 · 体型特征 · 漫画分镜 · 姿势/动态,https://danbooru.donmai.us/artists/1504916
1226883,mashuu_masaki,764,200,全年龄向,0.0,单色线稿派,同人为主,群像/多人,和风/配饰/首饰,单色/灰度/漫画分镜,漫画/多格,touhou,haniyasushin_keiki touhou yakumo_yukari hakurei_reimu kochiya_sanae yasaka_kanako frog_hair_ornament greyscale,单色线稿派 · 和风 · 配饰/首饰 · 单色/灰度 · 漫画/多格,https://danbooru.donmai.us/artists/1226883
642629,tanaka_ryou,763,200,情色向,0.005,日常/治愈系,同人为主,群像/多人,裸体/暴露/泳装/内衣,特效/后期/赛璐璐/平涂,俯视/仰视,super_real_mahjong|super_real_mahjong_p6|super_real_mahjong_p4,super_real_mahjong hayasaka_akira fujiwara_aya shoko_(super_real_mahjong) asahina_natsuki 1990s_(style) asahina_yurina toono_mizuki,情色向 · 日常/治愈系 · 裸体/暴露 · 泳装/内衣 · 特效/后期 · 俯视/仰视,https://danbooru.donmai.us/artists/642629
507644,poprication,763,200,全年龄向,0.0,单色线稿派,同人为主,非人物/静物,日常/治愈/百合/GL,单色/灰度/漫画分镜,漫画/多格,touhou|forbidden_scrollery|touhou_unreal_mahjong,kirisame_marisa hakurei_reimu touhou frilled_hair_tubes frilled_bow hair_tubes missing_headwear greyscale,单色线稿派 · 日常/治愈 · 百合/GL · 单色/灰度 · 漫画/多格,https://danbooru.donmai.us/artists/507644
618270,nanaroku_(fortress76),763,200,全年龄向,0.035,机甲/军事题材,原创/同人混合,非人物/静物,军事/枪械/科幻/机甲,单色/灰度/漫画分镜,漫画/多格,touhou|z/x|lazy_dungeon_master,konpaku_youmu touhou z/x yui_(z/x) lazy_dungeon_master pixiv_mahou_gakuen niku_kuroinu shisui_haruka,机甲/军事题材 · 军事/枪械 · 科幻/机甲 · 单色/灰度 · 漫画/多格,https://danbooru.donmai.us/artists/618270
555281,seki_(red_shine),763,200,轻度色气,0.155,百合专精,同人为主,群像/多人,军事/枪械/兽耳/亚人,漫画分镜/单色/灰度,漫画/多格,kemono_friends|voiceroid|splatoon_(series),kemono_friends kaban_(kemono_friends) serval_(kemono_friends) pith_helmet northern_white-faced_owl_(kemono_friends) hat_feather print_bowtie print_bow,百合专精 · 军事/枪械 · 兽耳/亚人 · 漫画分镜 · 漫画/多格,https://danbooru.donmai.us/artists/555281
563470,gogiga_gagagigo,763,200,全年龄向,0.0,单色线稿派,同人为主,非人物/静物,奇幻/魔法/手足/局部,单色/灰度/漫画分镜,漫画/多格,mahou_shoujo_madoka_magica|mahou_shoujo_madoka_magica_(anime)|kemono_friends,mahou_shoujo_madoka_magica_(anime) mahou_shoujo_madoka_magica akemi_homura akemi_homura_(magical_girl) kaname_madoka greyscale kaname_madoka_(magical_girl) magical_girl,单色线稿派 · 奇幻/魔法 · 手足/局部 · 单色/灰度 · 漫画/多格,https://danbooru.donmai.us/artists/563470
1159968,taketora_suzume,762,200,轻度色气,0.04,综合向插画师,同人为主,群像/多人,泳装/内衣/裸体/暴露,单色/灰度/漫画分镜,差分/变体,kantai_collection|blue_archive|gundam,kuroshio_(kancolle) oyashio_(kancolle) kantai_collection kagerou_(kancolle) hayashio_(kancolle) one-hour_drawing_challenge kagerou_kai_ni_(kancolle) kasumi_(blue_archive),综合向插画师 · 泳装/内衣 · 裸体/暴露 · 单色/灰度 · 差分/变体,https://danbooru.donmai.us/artists/1159968
659788,pochi_(pochi-goya),762,200,全年龄向,0.0,综合向插画师,同人为主,男性主体,恐怖/猎奇/配饰/首饰,单色/灰度/线稿/速写,肖像/半身,hololive|hololive_indonesia|indie_virtual_youtuber,pavolia_reine hololive_indonesia pochimaru_(vtuber) ane_naru_mono chiyo_(ane_naru_mono) hololive virtual_youtuber urd_(fate),综合向插画师 · 恐怖/猎奇 · 配饰/首饰 · 单色/灰度 · 肖像/半身,https://danbooru.donmai.us/artists/659788
467168,kotoba_noriaki,761,200,全年龄向,0.015,原创角色设计师,原创为主,群像/多人,军事/枪械/科幻/机甲,单色/灰度/漫画分镜,表情/表演,dust_514|eve_online|magic:_the_gathering,karahara_shima dated signature dust_514 eve_online burn_scar brown_theme amarr_empire_(eve_online),原创角色设计师 · 军事/枪械 · 科幻/机甲 · 单色/灰度 · 表情/表演,https://danbooru.donmai.us/artists/467168
858094,michairu,759,200,轻度色气,0.055,百合专精,同人为主,双人/CP,泳装/内衣/校园,,俯视/仰视,yuusha_de_aru|yuuki_yuuna_wa_yuusha_de_aru|goddess_of_victory:_nikke,yuusha_de_aru yuuki_yuuna yuuki_yuuna_wa_yuusha_de_aru tougou_mimori kokona_sugarcraft_(michairu) goddess_of_victory:_nikke mia_restrain_(michairu) rapi_(nikke),百合专精 · 泳装/内衣 · 校园 · 俯视/仰视 · 同人为主,https://danbooru.donmai.us/artists/858094
1681885,nitamako_(sakamalh),759,200,全年龄向,0.0,同人角色专精,同人为主,群像/多人,自然/风景/泳装/内衣,特效/后期,差分/变体,kantai_collection|umamusume|blue_archive,kantai_collection hornet_(kancolle) triangle_bikini_top suzuya_(kancolle) pola_(kancolle) thighband_pantyhose string_bikini takao_(kancolle),同人角色专精 · 自然/风景 · 泳装/内衣 · 特效/后期 · 差分/变体,https://danbooru.donmai.us/artists/1681885
1650884,kajimakoto,759,200,硬核R18,0.58,兽耳/亚人专精,同人为主,女性主体,裸体/暴露/兽耳/亚人,漫画分镜,姿势/动态,hololive|indie_virtual_youtuber|hololive_english,nekomata_okayu ryuzen_nikomi hololive virtual_youtuber halo_ornament whale_hair_ornament bar_censor mole_on_cheek,硬核R18 · 兽耳/亚人专精 · 裸体/暴露 · 兽耳/亚人 · 漫画分镜 · 姿势/动态,https://danbooru.donmai.us/artists/1650884
726701,mokufuu,759,200,全年龄向,0.005,综合向插画师,原创/同人混合,女性主体,校园/体育/运动,单色/灰度/漫画分镜,表情/表演,hibike!_euphonium|jikkyou_powerful_pro_yakyuu|power_pro_appli,girl_(mokufuu) power_pro_appli jikkyou_powerful_pro_yakyuu hibike!_euphonium ball_hands rayman_limbs oumae_kumiko signature,综合向插画师 · 校园 · 体育/运动 · 单色/灰度 · 表情/表演,https://danbooru.donmai.us/artists/726701
1633613,nyong_nyong,759,200,情色向,0.41,像素/复古画师,同人为主,群像/多人,裸体/暴露/奇幻/魔法,像素画/特效/后期,单人立绘,touhou|black_souls|black_souls_2,black_souls terraria black_souls_2 dorothy_(black_souls) victoria_(black_souls) touhou low-tied_medium_hair reference_inset,情色向 · 像素/复古画师 · 裸体/暴露 · 奇幻/魔法 · 像素画 · 单人立绘,https://danbooru.donmai.us/artists/1633613
650854,greenteaneko,758,200,情色向,0.275,漫画/剧情向,同人为主,群像/多人,兽耳/亚人/日常/治愈,漫画分镜,漫画/多格,blue_archive|arknights|honkai:_star_rail,square_4koma bilingual_text chinese_text mixed-language_text 4koma comic sensei_(blue_archive) english_text,情色向 · 漫画/剧情向 · 兽耳/亚人 · 日常/治愈 · 漫画分镜 · 漫画/多格,https://danbooru.donmai.us/artists/650854
1600095,yuri_kyanon,757,200,全年龄向,0.0,百合专精,同人为主,双人/CP,兽耳/亚人/恋爱/情感,漫画分镜/线稿/速写,差分/变体,hololive|hololive_english|gundam,nerissa_ravencroft hololive_english shiori_novella uneven_horns asymmetrical_horns hololive fuwawa_abyssgard mococo_abyssgard,百合专精 · 兽耳/亚人 · 恋爱/情感 · 漫画分镜 · 差分/变体,https://danbooru.donmai.us/artists/1600095
1290893,kokaki_mumose,757,200,全年龄向,0.015,综合向插画师,同人为主,群像/多人,校园/军事/枪械,漫画分镜/单色/灰度,场景插画,null-meta|abysmal|honkai_(series),null-meta uozumi_kurumi souen_chiaki agoshi_sakina takada_shiyuki moneko_(kokaki_mumose) abysmal hair_horns,综合向插画师 · 校园 · 军事/枪械 · 漫画分镜 · 场景插画,https://danbooru.donmai.us/artists/1290893
1267900,yukia_(firstaid0),757,200,全年龄向,0.09,同人角色专精,同人为主,男性主体,恋爱/情感/裸体/暴露,单色/灰度/漫画分镜,差分/变体,fire_emblem|fire_emblem:_genealogy_of_the_holy_war|fire_emblem_heroes,julia_(fire_emblem) fire_emblem:_genealogy_of_the_holy_war seliph_(fire_emblem) half-siblings fire_emblem brother_and_sister circlet fire_emblem_heroes,同人角色专精 · 恋爱/情感 · 裸体/暴露 · 单色/灰度 · 差分/变体,https://danbooru.donmai.us/artists/1267900
590270,satou_shouji,757,200,轻度色气,0.045,机甲/军事题材,同人为主,群像/多人,军事/枪械/科幻/机甲,单色/灰度/漫画分镜,姿势/动态,highschool_of_the_dead|triage_x|precure,highschool_of_the_dead triage_x fujimi_high_school_uniform miyamoto_rei busujima_saeko fingerprint_mark fingerprint kiba_mikoto,机甲/军事题材 · 军事/枪械 · 科幻/机甲 · 单色/灰度 · 姿势/动态,https://danbooru.donmai.us/artists/590270
1298851,harusame_(unmei_no_ikasumi),773,200,硬核R18,0.65,百合专精,同人为主,群像/多人,裸体/暴露/手足/局部,单色/灰度/特效/后期,姿势/动态,touhou|sunken_fossil_world|touhou_(pc-98),touhou merlin_prismriver lunasa_prismriver flandre_scarlet mosaic_censoring huge_testicles uvula toutetsu_yuuma,硬核R18 · 百合专精 · 裸体/暴露 · 手足/局部 · 单色/灰度 · 姿势/动态,https://danbooru.donmai.us/artists/1298851
1320176,katou_shinobu,772,200,全年龄向,0.005,综合向插画师,同人为主,群像/多人,体型特征/泳装/内衣,,差分/变体,kantai_collection|umamusume|pokemon,kantai_collection one-hour_drawing_challenge twitter_username dated richard_p._leary_(kancolle) almond_eye_(natsuzora_chirutime)_(umamusume) heywood_l._edwards_(kancolle) umamusume,综合向插画师 · 体型特征 · 泳装/内衣 · 差分/变体 · 同人为主,https://danbooru.donmai.us/artists/1320176
383662,hairu,772,200,情色向,0.425,R18情色向画师,同人为主,群像/多人,裸体/暴露/泳装/内衣,赛璐璐/平涂/单色/灰度,姿势/动态,monogatari_(series)|nisemonogatari|to_love-ru,nisemonogatari monogatari_(series) kujikawa_rise bakemonogatari danball_senki to_love-ru persona_4 jessica_kaios,情色向 · R18情色向画师 · 裸体/暴露 · 泳装/内衣 · 赛璐璐/平涂 · 姿势/动态,https://danbooru.donmai.us/artists/383662
590546,onija_tarou,772,200,轻度色气,0.055,综合向插画师,原创/同人混合,男性主体,体型特征/裸体/暴露,线稿/速写/素描/炭笔,姿势/动态,dream_c_club|dream_c_club_(series)|higurashi_no_naku_koro_ni,jaggy_lines oekaki web_address watermark dream_c_club dream_c_club_(series) receptionist_(dream_c_club) dream_c_club_zero,综合向插画师 · 体型特征 · 裸体/暴露 · 线稿/速写 · 姿势/动态,https://danbooru.donmai.us/artists/590546
1693378,kawai_ritsu_(rits_meg),772,200,全年龄向,0.05,百合专精,同人为主,双人/CP,校园/泳装/内衣,漫画分镜/线稿/速写,俯视/仰视,umamusume|bocchi_the_rock!|idolmaster,kita_ikuyo bocchi_the_rock! gotoh_hitori umamusume horse_girl shuka_high_school_uniform horse_ears project_sekai,百合专精 · 校园 · 泳装/内衣 · 漫画分镜 · 俯视/仰视,https://danbooru.donmai.us/artists/1693378
1495362,yonedatomo_mizu,771,200,全年龄向,0.0,漫画/剧情向,同人为主,群像/多人,校园/配饰/首饰,漫画分镜/特效/后期,漫画/多格,umamusume|cygames|zombie_land_saga,orfevre_(umamusume) tracen_school_uniform umamusume ear_covers curren_chan_(umamusume) horse_girl horse_ears ear_bow,漫画/剧情向 · 校园 · 配饰/首饰 · 漫画分镜 · 漫画/多格,https://danbooru.donmai.us/artists/1495362
722965,yuuma_(skirthike),771,200,轻度色气,0.04,漫画/剧情向,同人为主,群像/多人,神话/宗教/泳装/内衣,漫画分镜/单色/灰度,漫画/多格,blue_archive|outerplane|idolmaster,4koma blue_archive outerplane comic loli halo hidden_camera sensei_(blue_archive),漫画/剧情向 · 神话/宗教 · 泳装/内衣 · 漫画分镜 · 漫画/多格,https://danbooru.donmai.us/artists/722965
1272117,kitahara_tomoe_(kitahara_koubou),770,200,全年龄向,0.0,百合专精,同人为主,群像/多人,百合/GL/战斗/动作,漫画分镜,漫画/多格,genshin_impact|love_live!|pokemon,genshin_impact lumine_(genshin_impact) paimon_(genshin_impact) nilou_(genshin_impact) columbina_(genshin_impact) sandrone_(genshin_impact) twitter_username mualani_(genshin_impact),百合专精 · 百合/GL · 战斗/动作 · 漫画分镜 · 漫画/多格,https://danbooru.donmai.us/artists/1272117
1373876,aurahack,769,200,轻度色气,0.27,机甲/军事题材,原创为主,群像/多人,科幻/机甲/裸体/暴露,特效/后期/线稿/速写,设定/图解,guilty_gear|guilty_gear_strive|the_legend_of_zelda,catherine_(aurahack) ascari_megane_(aurahack) patreon_username web_address artist_logo bandaid_on_nose cyberpunk levin_(aurahack),机甲/军事题材 · 科幻/机甲 · 裸体/暴露 · 特效/后期 · 设定/图解,https://danbooru.donmai.us/artists/1373876
1554118,tab_head,770,200,轻度色气,0.125,同人角色专精,同人为主,女性主体,兽耳/亚人/裸体/暴露,单色/灰度/漫画分镜,肖像/半身,arknights|arknights:_endfield|ore_no_imouto_ga_konna_ni_kawaii_wake_ga_nai,arknights arknights:_endfield crownslayer_(arknights) doctor_(arknights) texas_(arknights) hyena_girl hyena_ears shu_(arknights),同人角色专精 · 兽耳/亚人 · 裸体/暴露 · 单色/灰度 · 肖像/半身,https://danbooru.donmai.us/artists/1554118
591806,konno_tohiro,769,200,情色向,0.085,兽耳/亚人专精,同人为主,双人/CP,体型特征/兽人/furry,漫画分镜,姿势/动态,pokemon|xenoblade_chronicles_(series)|xenoblade_chronicles_2,huge_breasts pokemon thick_thighs alternate_breast_size_(larger) curvy xenoblade_chronicles_2 areola_slip xenoblade_chronicles_(series),情色向 · 兽耳/亚人专精 · 体型特征 · 兽人/furry · 漫画分镜 · 姿势/动态,https://danbooru.donmai.us/artists/591806
1581427,akino_ell,769,200,全年龄向,0.0,综合向插画师,同人为主,非人物/静物,校园/日常/治愈,漫画分镜/特效/后期,漫画/多格,go-toubun_no_hanayome|anpanman|pokemon,nakano_itsuki go-toubun_no_hanayome asahiyama_high_school_uniform star_hair_ornament nakano_miku nakano_nino nakano_yotsuba uesugi_fuutarou,综合向插画师 · 校园 · 日常/治愈 · 漫画分镜 · 漫画/多格,https://danbooru.donmai.us/artists/1581427
387923,omar_dogan,768,200,全年龄向,0.0,综合向插画师,同人为主,群像/多人,配饰/首饰/泳装/内衣,单色/灰度/漫画分镜,肖像/半身,persona|persona_5|street_fighter,signature lips art_tools_in_frame cursive pink_lips persona thick_lips white_border,综合向插画师 · 配饰/首饰 · 泳装/内衣 · 单色/灰度 · 肖像/半身,https://danbooru.donmai.us/artists/387923
377602,eretto,768,200,全年龄向,0.01,综合向插画师,同人为主,群像/多人,兽耳/亚人/泳装/内衣,,俯视/仰视,blue_archive|kantai_collection|princess_connect!,mizushima_serika cafe_sourire karyl_(princess_connect!) bokutachi_no_remake princess_connect! blue_archive shino_aki kantai_collection,综合向插画师 · 兽耳/亚人 · 泳装/内衣 · 俯视/仰视 · 同人为主,https://danbooru.donmai.us/artists/377602
1436721,sousou_(sousouworks),768,200,全年龄向,0.0,原创角色设计师,原创为主,非人物/静物,自然/风景/都市/街景,单色/灰度/特效/后期,场景插画,fate/grand_order|fate_(series)|science_adventure,depth_of_field illustration.media sunset transparent_umbrella cloudy_sky backpack romancing_saga_re;universe occultic;nine,原创角色设计师 · 自然/风景 · 都市/街景 · 单色/灰度 · 场景插画,https://danbooru.donmai.us/artists/1436721
1251763,yuto_(dialique),767,200,全年龄向,0.055,综合向插画师,同人为主,群像/多人,自然/风景/裸体/暴露,单色/灰度/光影/氛围,俯视/仰视,haiyore!_nyaruko-san|hololive|ore_twintail_ni_narimasu,haiyore!_nyaruko-san nyarlathotep_(nyaruko-san) ore_twintail_ni_narimasu tsube_aika cthugha_(nyaruko-san) checkered_bowtie yasaka_mahiro azki_(hololive),综合向插画师 · 自然/风景 · 裸体/暴露 · 单色/灰度 · 俯视/仰视,https://danbooru.donmai.us/artists/1251763
1319209,misumi_(niku-kyu),767,200,全年龄向,0.0,漫画/剧情向,同人为主,群像/多人,制服/职场/校园,漫画分镜,漫画/多格,kantai_collection|umamusume|real_life,twitter_username kantai_collection umamusume admiral_(kancolle) horse_girl horse_ears tracen_school_uniform comic,漫画/剧情向 · 制服/职场 · 校园 · 漫画分镜 · 漫画/多格,https://danbooru.donmai.us/artists/1319209
2564170,betanonbeet,767,200,全年龄向,0.045,日常/治愈系,同人为主,双人/CP,神话/宗教/日常/治愈,特效/后期/单色/灰度,肖像/半身,blue_archive|umamusume|arknights,blue_archive kazusa_(blue_archive) sensei_(blue_archive) polaroid_photo heart_in_eye kikyou_(blue_archive) doodle_sensei_(blue_archive) pink_halo,日常/治愈系 · 神话/宗教 · 日常/治愈 · 特效/后期 · 肖像/半身,https://danbooru.donmai.us/artists/2564170
688830,fuukadia_(narcolepsy),767,200,全年龄向,0.0,奇幻/魔法题材,同人为主,群像/多人,奇幻/魔法/音乐/偶像,漫画分镜/单色/灰度,漫画/多格,mahou_shoujo_no_majo_saiban|touhou|book_off,mahou_shoujo_no_majo_saiban natsume_an-an jogasaki_noah nikaido_hiro hasumi_leia tono_hanna saeki_miria sakuraba_ema,奇幻/魔法题材 · 奇幻/魔法 · 音乐/偶像 · 漫画分镜 · 漫画/多格,https://danbooru.donmai.us/artists/688830
551147,at_classics,766,200,轻度色气,0.0,奇幻/魔法题材,原创/同人混合,群像/多人,奇幻/魔法/体型特征,,肖像/半身,touhou|bishoujo_senshi_sailor_moon|dragon_quest,sample_watermark watermark touhou artist_name bishoujo_senshi_sailor_moon sailor_senshi_uniform covered_nipples aino_minako,奇幻/魔法题材 · 奇幻/魔法 · 体型特征 · 肖像/半身 · 原创/同人混合,https://danbooru.donmai.us/artists/551147
1469173,neon-tetora,766,200,全年龄向,0.0,单色线稿派,同人为主,男性主体,和风/自然/风景,单色/灰度/漫画分镜,漫画/多格,voiceroid|talkex|fate/grand_order,voiceroid touhoku_kiritan talkex otomachi_una tsukuyomi_ai greyscale headgear monochrome,单色线稿派 · 和风 · 自然/风景 · 单色/灰度 · 漫画/多格,https://danbooru.donmai.us/artists/1469173
493411,binsen,766,200,轻度色气,0.245,同人角色专精,同人为主,男性主体,裸体/暴露/兽耳/亚人,单色/灰度/漫画分镜,姿势/动态,idolmaster|idolmaster_million_live!|idolmaster_million_live!_theater_days,idolmaster_million_live! idolmaster hakozaki_serika tokoro_megumi miyao_miya nanao_yuriko idolmaster_million_live!_theater_days female_pubic_hair,同人角色专精 · 裸体/暴露 · 兽耳/亚人 · 单色/灰度 · 姿势/动态,https://danbooru.donmai.us/artists/493411
580347,nollety,765,200,情色向,0.425,奇幻/魔法题材,同人为主,男性主体,裸体/暴露/体型特征,线稿/速写/漫画分镜,俯视/仰视,youkai_watch|shin_megami_tensei|medarot,youkai_watch youkai_(youkai_watch) fubukihime pixie_(megami_tensei) shin_megami_tensei demon_(megami_tensei) medarot traditional_youkai,情色向 · 奇幻/魔法题材 · 裸体/暴露 · 体型特征 · 线稿/速写 · 俯视/仰视,https://danbooru.donmai.us/artists/580347
550469,saki_chisuzu,766,200,轻度色气,0.245,百合专精,原创/同人混合,双人/CP,手足/局部/裸体/暴露,线稿/速写/素描/炭笔,俯视/仰视,kantai_collection|idolmaster|idolmaster_cinderella_girls,idolmaster_cinderella_girls kantai_collection idolmaster ichinose_shiki soles foot_focus feet foot_worship,百合专精 · 手足/局部 · 裸体/暴露 · 线稿/速写 · 俯视/仰视,https://danbooru.donmai.us/artists/550469
1884139,redi_(rasec_asdjh),764,200,情色向,0.435,综合向插画师,同人为主,群像/多人,裸体/暴露/体型特征,特效/后期/线稿/速写,俯视/仰视,hololive|hololive_english|goddess_of_victory:_nikke,hololive_english mint_fantome hololive virtual_youtuber commander_(nikke) densetsu.exe goddess_of_victory:_nikke ouro_kronii,情色向 · 综合向插画师 · 裸体/暴露 · 体型特征 · 特效/后期 · 俯视/仰视,https://danbooru.donmai.us/artists/1884139
1226883,mashuu_masaki,764,200,全年龄向,0.0,单色线稿派,同人为主,群像/多人,和风/配饰/首饰,单色/灰度/漫画分镜,漫画/多格,touhou,haniyasushin_keiki touhou yakumo_yukari hakurei_reimu kochiya_sanae yasaka_kanako frog_hair_ornament greyscale,单色线稿派 · 和风 · 配饰/首饰 · 单色/灰度 · 漫画/多格,https://danbooru.donmai.us/artists/1226883
500631,kozaki_yuusuke,764,200,全年龄向,0.0,综合向插画师,同人为主,男性主体,战斗/动作/BL/腐向,特效/后期/单色/灰度,设定/图解,fire_emblem|fire_emblem_heroes|fire_emblem_fates,fire_emblem fire_emblem_heroes fire_emblem_fates transparent_background desperadrops amamine_mika eikthyrnir_(fire_emblem) ratatoskr_(fire_emblem),综合向插画师 · 战斗/动作 · BL/腐向 · 特效/后期 · 设定/图解,https://danbooru.donmai.us/artists/500631
1504916,cromachina,764,200,硬核R18,0.95,R18情色向画师,同人为主,男性主体,裸体/暴露/体型特征,漫画分镜,姿势/动态,blue_archive|kobayashi-san_chi_no_maidragon|zenless_zone_zero,oppai_loli loli clitoral_hood mosaic_censoring penis blue_archive cum pussy,硬核R18 · R18情色向画师 · 裸体/暴露 · 体型特征 · 漫画分镜 · 姿势/动态,https://danbooru.donmai.us/artists/1504916
642629,tanaka_ryou,763,200,情色向,0.005,日常/治愈系,同人为主,群像/多人,裸体/暴露/泳装/内衣,特效/后期/赛璐璐/平涂,俯视/仰视,super_real_mahjong|super_real_mahjong_p6|super_real_mahjong_p4,super_real_mahjong hayasaka_akira fujiwara_aya shoko_(super_real_mahjong) asahina_natsuki 1990s_(style) asahina_yurina toono_mizuki,情色向 · 日常/治愈系 · 裸体/暴露 · 泳装/内衣 · 特效/后期 · 俯视/仰视,https://danbooru.donmai.us/artists/642629
507644,poprication,763,200,全年龄向,0.0,单色线稿派,同人为主,非人物/静物,日常/治愈/百合/GL,单色/灰度/漫画分镜,漫画/多格,touhou|forbidden_scrollery|touhou_unreal_mahjong,kirisame_marisa hakurei_reimu touhou frilled_hair_tubes frilled_bow hair_tubes missing_headwear greyscale,单色线稿派 · 日常/治愈 · 百合/GL · 单色/灰度 · 漫画/多格,https://danbooru.donmai.us/artists/507644
618270,nanaroku_(fortress76),763,200,全年龄向,0.035,机甲/军事题材,原创/同人混合,非人物/静物,军事/枪械/科幻/机甲,单色/灰度/漫画分镜,漫画/多格,touhou|z/x|lazy_dungeon_master,konpaku_youmu touhou z/x yui_(z/x) lazy_dungeon_master pixiv_mahou_gakuen niku_kuroinu shisui_haruka,机甲/军事题材 · 军事/枪械 · 科幻/机甲 · 单色/灰度 · 漫画/多格,https://danbooru.donmai.us/artists/618270
555281,seki_(red_shine),763,200,轻度色气,0.155,百合专精,同人为主,群像/多人,军事/枪械/兽耳/亚人,漫画分镜/单色/灰度,漫画/多格,kemono_friends|voiceroid|splatoon_(series),kemono_friends kaban_(kemono_friends) serval_(kemono_friends) pith_helmet northern_white-faced_owl_(kemono_friends) hat_feather print_bowtie print_bow,百合专精 · 军事/枪械 · 兽耳/亚人 · 漫画分镜 · 漫画/多格,https://danbooru.donmai.us/artists/555281
563470,gogiga_gagagigo,763,200,全年龄向,0.0,单色线稿派,同人为主,非人物/静物,奇幻/魔法/手足/局部,单色/灰度/漫画分镜,漫画/多格,mahou_shoujo_madoka_magica|mahou_shoujo_madoka_magica_(anime)|kemono_friends,mahou_shoujo_madoka_magica_(anime) mahou_shoujo_madoka_magica akemi_homura akemi_homura_(magical_girl) kaname_madoka greyscale kaname_madoka_(magical_girl) magical_girl,单色线稿派 · 奇幻/魔法 · 手足/局部 · 单色/灰度 · 漫画/多格,https://danbooru.donmai.us/artists/563470
1159968,taketora_suzume,762,200,轻度色气,0.04,综合向插画师,同人为主,群像/多人,泳装/内衣/裸体/暴露,单色/灰度/漫画分镜,差分/变体,kantai_collection|blue_archive|gundam,kuroshio_(kancolle) oyashio_(kancolle) kantai_collection kagerou_(kancolle) hayashio_(kancolle) one-hour_drawing_challenge kagerou_kai_ni_(kancolle) kasumi_(blue_archive),综合向插画师 · 泳装/内衣 · 裸体/暴露 · 单色/灰度 · 差分/变体,https://danbooru.donmai.us/artists/1159968
659788,pochi_(pochi-goya),762,200,全年龄向,0.0,综合向插画师,同人为主,男性主体,恐怖/猎奇/配饰/首饰,单色/灰度/线稿/速写,肖像/半身,hololive|hololive_indonesia|indie_virtual_youtuber,pavolia_reine hololive_indonesia pochimaru_(vtuber) ane_naru_mono chiyo_(ane_naru_mono) hololive virtual_youtuber urd_(fate),综合向插画师 · 恐怖/猎奇 · 配饰/首饰 · 单色/灰度 · 肖像/半身,https://danbooru.donmai.us/artists/659788
467168,kotoba_noriaki,761,200,全年龄向,0.015,原创角色设计师,原创为主,群像/多人,军事/枪械/科幻/机甲,单色/灰度/漫画分镜,表情/表演,dust_514|eve_online|magic:_the_gathering,karahara_shima dated signature dust_514 eve_online burn_scar brown_theme amarr_empire_(eve_online),原创角色设计师 · 军事/枪械 · 科幻/机甲 · 单色/灰度 · 表情/表演,https://danbooru.donmai.us/artists/467168
858094,michairu,759,200,轻度色气,0.055,百合专精,同人为主,双人/CP,泳装/内衣/校园,,俯视/仰视,yuusha_de_aru|yuuki_yuuna_wa_yuusha_de_aru|goddess_of_victory:_nikke,yuusha_de_aru yuuki_yuuna yuuki_yuuna_wa_yuusha_de_aru tougou_mimori kokona_sugarcraft_(michairu) goddess_of_victory:_nikke mia_restrain_(michairu) rapi_(nikke),百合专精 · 泳装/内衣 · 校园 · 俯视/仰视 · 同人为主,https://danbooru.donmai.us/artists/858094
1681885,nitamako_(sakamalh),759,200,全年龄向,0.0,同人角色专精,同人为主,群像/多人,自然/风景/泳装/内衣,特效/后期,差分/变体,kantai_collection|umamusume|blue_archive,kantai_collection hornet_(kancolle) triangle_bikini_top suzuya_(kancolle) pola_(kancolle) thighband_pantyhose string_bikini takao_(kancolle),同人角色专精 · 自然/风景 · 泳装/内衣 · 特效/后期 · 差分/变体,https://danbooru.donmai.us/artists/1681885
1650884,kajimakoto,759,200,硬核R18,0.58,兽耳/亚人专精,同人为主,女性主体,裸体/暴露/兽耳/亚人,漫画分镜,姿势/动态,hololive|indie_virtual_youtuber|hololive_english,nekomata_okayu ryuzen_nikomi hololive virtual_youtuber halo_ornament whale_hair_ornament bar_censor mole_on_cheek,硬核R18 · 兽耳/亚人专精 · 裸体/暴露 · 兽耳/亚人 · 漫画分镜 · 姿势/动态,https://danbooru.donmai.us/artists/1650884
726701,mokufuu,759,200,全年龄向,0.005,综合向插画师,原创/同人混合,女性主体,校园/体育/运动,单色/灰度/漫画分镜,表情/表演,hibike!_euphonium|jikkyou_powerful_pro_yakyuu|power_pro_appli,girl_(mokufuu) power_pro_appli jikkyou_powerful_pro_yakyuu hibike!_euphonium ball_hands rayman_limbs oumae_kumiko signature,综合向插画师 · 校园 · 体育/运动 · 单色/灰度 · 表情/表演,https://danbooru.donmai.us/artists/726701
1633613,nyong_nyong,759,200,情色向,0.41,像素/复古画师,同人为主,群像/多人,裸体/暴露/奇幻/魔法,像素画/特效/后期,单人立绘,touhou|black_souls|black_souls_2,black_souls terraria black_souls_2 dorothy_(black_souls) victoria_(black_souls) touhou low-tied_medium_hair reference_inset,情色向 · 像素/复古画师 · 裸体/暴露 · 奇幻/魔法 · 像素画 · 单人立绘,https://danbooru.donmai.us/artists/1633613
650854,greenteaneko,758,200,情色向,0.275,漫画/剧情向,同人为主,群像/多人,兽耳/亚人/日常/治愈,漫画分镜,漫画/多格,blue_archive|arknights|honkai:_star_rail,square_4koma bilingual_text chinese_text mixed-language_text 4koma comic sensei_(blue_archive) english_text,情色向 · 漫画/剧情向 · 兽耳/亚人 · 日常/治愈 · 漫画分镜 · 漫画/多格,https://danbooru.donmai.us/artists/650854
1600095,yuri_kyanon,757,200,全年龄向,0.0,百合专精,同人为主,双人/CP,兽耳/亚人/恋爱/情感,漫画分镜/线稿/速写,差分/变体,hololive|hololive_english|gundam,nerissa_ravencroft hololive_english shiori_novella uneven_horns asymmetrical_horns hololive fuwawa_abyssgard mococo_abyssgard,百合专精 · 兽耳/亚人 · 恋爱/情感 · 漫画分镜 · 差分/变体,https://danbooru.donmai.us/artists/1600095
1290893,kokaki_mumose,757,200,全年龄向,0.015,综合向插画师,同人为主,群像/多人,校园/军事/枪械,漫画分镜/单色/灰度,场景插画,null-meta|abysmal|honkai_(series),null-meta uozumi_kurumi souen_chiaki agoshi_sakina takada_shiyuki moneko_(kokaki_mumose) abysmal hair_horns,综合向插画师 · 校园 · 军事/枪械 · 漫画分镜 · 场景插画,https://danbooru.donmai.us/artists/1290893
1267900,yukia_(firstaid0),757,200,全年龄向,0.09,同人角色专精,同人为主,男性主体,恋爱/情感/裸体/暴露,单色/灰度/漫画分镜,差分/变体,fire_emblem|fire_emblem:_genealogy_of_the_holy_war|fire_emblem_heroes,julia_(fire_emblem) fire_emblem:_genealogy_of_the_holy_war seliph_(fire_emblem) half-siblings fire_emblem brother_and_sister circlet fire_emblem_heroes,同人角色专精 · 恋爱/情感 · 裸体/暴露 · 单色/灰度 · 差分/变体,https://danbooru.donmai.us/artists/1267900
590270,satou_shouji,757,200,轻度色气,0.045,机甲/军事题材,同人为主,群像/多人,军事/枪械/科幻/机甲,单色/灰度/漫画分镜,姿势/动态,highschool_of_the_dead|triage_x|precure,highschool_of_the_dead triage_x fujimi_high_school_uniform miyamoto_rei busujima_saeko fingerprint_mark fingerprint kiba_mikoto,机甲/军事题材 · 军事/枪械 · 科幻/机甲 · 单色/灰度 · 姿势/动态,https://danbooru.donmai.us/artists/590270
1297295,gazacy_(dai),756,200,全年龄向,0.0,综合向插画师,同人为主,男性主体,兽人/furry/历史/复古,线稿/速写/素描/炭笔,肖像/半身,idolmaster|idolmaster_cinderella_girls|pokemon,layla_(idolmaster) do_it_yourself!! ninja_to_koroshiya_no_futarigurashi yua_serufu idolmaster_cinderella_girls idolmaster kusagakure_satoko bocchi_the_rock!,综合向插画师 · 兽人/furry · 历史/复古 · 线稿/速写 · 肖像/半身,https://danbooru.donmai.us/artists/1297295
385656,takana_shinno,755,200,全年龄向,0.005,单色线稿派,同人为主,群像/多人,日常/治愈/校园,单色/灰度/漫画分镜,漫画/多格,touhou|kantai_collection|umamusume,kochiya_sanae touhou kantai_collection frog_hair_ornament akigumo_(kancolle) snake_hair_ornament page_number usami_renko,单色线稿派 · 日常/治愈 · 校园 · 单色/灰度 · 漫画/多格,https://danbooru.donmai.us/artists/385656
387581,michii_yuuki,755,200,全年龄向,0.0,综合向插画师,同人为主,非人物/静物,奇幻/魔法/和风,,姿势/动态,idolmaster|idolmaster_cinderella_girls|idolmaster_cinderella_girls_starlight_stage,idolmaster_cinderella_girls idolmaster idolmaster_cinderella_girls_starlight_stage sajo_yukimi yorita_yoshino yusa_kozue hisakawa_nagi asari_nanami,综合向插画师 · 奇幻/魔法 · 和风 · 姿势/动态 · 同人为主,https://danbooru.donmai.us/artists/387581
1781200,jeneral,754,200,硬核R18,0.815,R18情色向画师,同人为主,群像/多人,裸体/暴露/体型特征,特效/后期/单色/灰度,姿势/动态,kono_subarashii_sekai_ni_shukufuku_wo!|persona|persona_5,female_pubic_hair mosaic_censoring pubic_hair nipples nipple_piercing censored pussy bra_pull,硬核R18 · R18情色向画师 · 裸体/暴露 · 体型特征 · 特效/后期 · 姿势/动态,https://danbooru.donmai.us/artists/1781200
468705,mushi024,756,200,硬核R18,0.53,单色线稿派,同人为主,男性主体,裸体/暴露/手足/局部,单色/灰度/线稿/速写,姿势/动态,goddess_of_victory:_nikke|granblue_fantasy|idolmaster,granblue_fantasy goddess_of_victory:_nikke greyscale_with_colored_background pubic_hair uncensored monochrome draph female_pubic_hair,硬核R18 · 单色线稿派 · 裸体/暴露 · 手足/局部 · 单色/灰度 · 姿势/动态,https://danbooru.donmai.us/artists/468705
533090,wokada,753,200,情色向,0.47,原创角色设计师,原创为主,男性主体,裸体/暴露/体型特征,特效/后期/漫画分镜,姿势/动态,vocaloid|national_geographic|shin-kun_no_fuuzoku_oshigoto_nikki,sunao_(wokada) futa_on_male nina_(wokada) 013_(wokada) futa_with_male meguno_(wokada) penis_size_difference futanari,情色向 · 原创角色设计师 · 裸体/暴露 · 体型特征 · 特效/后期 · 姿势/动态,https://danbooru.donmai.us/artists/533090
1458412,somebody_(leiking00),753,200,轻度色气,0.005,同人角色专精,同人为主,群像/多人,泳装/内衣/自然/风景,,姿势/动态,hololive|hololive_english|hololive_dreams,hololive hololive_english irys_(hololive) virtual_youtuber azki_(hololive) mori_calliope mori_calliope_(sleepwear) takanashi_kiara,同人角色专精 · 泳装/内衣 · 自然/风景 · 姿势/动态 · 同人为主,https://danbooru.donmai.us/artists/1458412
1885316,kamikiririp,753,200,全年龄向,0.0,场景/背景插画师,原创为主,非人物/静物,恐怖/猎奇/兽人/furry,单色/灰度/抽象/几何,单人立绘,pokemon|dragon_village_(series)|dragon_village_collection,weibo_watermark animal_focus no_humans black_fur creature white_fur monster_focus creature_focus,场景/背景插画师 · 恐怖/猎奇 · 兽人/furry · 单色/灰度 · 单人立绘,https://danbooru.donmai.us/artists/1885316
620111,masami_chie,753,200,硬核R18,0.545,日常/治愈系,原创为主,双人/CP,裸体/暴露/日常/治愈,,俯视/仰视,ningen_fushin_no_renkinjutsushi_to_moto_heishi_no_homunculus|ren'ai_jakusha_na_osananajimi_shoujo_to_ren'ai_kyousha_na_kanojo|dorei_himekishi_to_dorei_jijo_to_no_slow_life,mel_(ningen_fushin_no_renkinjutsushi_to_moto_heishi_no_homunculus) ningen_fushin_no_renkinjutsushi_to_moto_heishi_no_homunculus ren'ai_jakusha_na_osananajimi_shoujo_to_ren'ai_kyousha_na_kanojo katou_ui aikawa_seira dorei_himekishi_to_dorei_jijo_to_no_slow_life pale_skin mosaic_censoring,硬核R18 · 日常/治愈系 · 裸体/暴露 · 日常/治愈 · 俯视/仰视 · 原创为主,https://danbooru.donmai.us/artists/620111
1465721,mizuumi_(bb),752,200,情色向,0.48,百合专精,同人为主,群像/多人,裸体/暴露/兽人/furry,漫画分镜,姿势/动态,pokemon|pokemon_sun_and_moon|fate_(series),selene_(pokemon) lillie_(pokemon) pokemon_sun_and_moon pokemon futanari large_areolae futa_with_female yuri,情色向 · 百合专精 · 裸体/暴露 · 兽人/furry · 漫画分镜 · 姿势/动态,https://danbooru.donmai.us/artists/1465721
600738,morikura_en,752,200,全年龄向,0.0,原创角色设计师,原创/同人混合,群像/多人,自然/风景/和风,特效/后期,设定/图解,love_live!|love_live!_hasu_no_sora_jogakuin_school_idol_club|pokemon,love_live!_hasu_no_sora_jogakuin_school_idol_club aqua_rose grey_rose graduation album_cover aqua_flower hasu_no_sora_school_uniform racing_miku_(2021),原创角色设计师 · 自然/风景 · 和风 · 特效/后期 · 设定/图解,https://danbooru.donmai.us/artists/600738
1727473,tsukumo_(soar99),752,200,全年龄向,0.0,像素/复古画师,同人为主,群像/多人,军事/枪械/和风,单色/灰度/漫画分镜,漫画/多格,fate_(series)|fate/grand_order|fate/stay_night,saber_(fate) artoria_pendragon_(fate) fate/stay_night emiya_shirou fate_(series) fate/grand_order yellow_theme oshiro_project:re,像素/复古画师 · 军事/枪械 · 和风 · 单色/灰度 · 漫画/多格,https://danbooru.donmai.us/artists/1727473
1307279,chamaji,751,200,全年龄向,0.0,日常/治愈系,同人为主,群像/多人,和风/日常/治愈,漫画分镜/单色/灰度,漫画/多格,touhou|pokemon|.live,touhou hakurei_reimu frilled_bow komano_aunn sukuna_shinmyoumaru dominions_(game_series) skirt_set hair_tubes,日常/治愈系 · 和风 · 日常/治愈 · 漫画分镜 · 漫画/多格,https://danbooru.donmai.us/artists/1307279
1576995,yoi_naosuke,751,200,情色向,0.19,R18情色向画师,同人为主,群像/多人,泳装/内衣/神话/宗教,漫画分镜,差分/变体,idolmaster|idolmaster_shiny_colors|blue_archive,idolmaster_shiny_colors idolmaster partially_visible_vulva anus_peek blue_archive cameltoe crotch_seam wedgie,情色向 · R18情色向画师 · 泳装/内衣 · 神话/宗教 · 漫画分镜 · 差分/变体,https://danbooru.donmai.us/artists/1576995
408770,ishigaki_takashi,750,200,情色向,0.46,同人角色专精,同人为主,女性主体,裸体/暴露/校园,,姿势/动态,fuuki_iinchou_seira|jujutsu_kaisen,fuuki_iinchou_seira saotome_seira hourai_orihime sakakibara_saori kagami_mirei tachi-e saotome_juria transparent_background,情色向 · 同人角色专精 · 裸体/暴露 · 校园 · 姿势/动态 · 同人为主,https://danbooru.donmai.us/artists/408770
1271689,udon_(shiratama),750,200,轻度色气,0.245,百合专精,同人为主,群像/多人,百合/GL/裸体/暴露,单色/灰度/漫画分镜,漫画/多格,kantai_collection|new_game!|akuma_no_riddle,shoukaku_(kancolle) zuikaku_(kancolle) kantai_collection takao_(kancolle) atago_(kancolle) hachimaki missing_headwear futa_with_female,百合专精 · 百合/GL · 裸体/暴露 · 单色/灰度 · 漫画/多格,https://danbooru.donmai.us/artists/1271689
1621723,yashin_(yasinz),750,200,全年龄向,0.0,综合向插画师,同人为主,群像/多人,校园/体育/运动,特效/后期,单人立绘,kantai_collection|alice_gear_aegis|umamusume,kantai_collection purple_bandeau alice_gear_aegis takanami_(kancolle) zoom_layer aqua_bowtie race_queen nishino_flower_(umamusume),综合向插画师 · 校园 · 体育/运动 · 特效/后期 · 单人立绘,https://danbooru.donmai.us/artists/1621723
1311193,23_(real_xxiii),750,200,情色向,0.15,百合专精,原创为主,双人/CP,体型特征/恋爱/情感,,姿势/动态,same_ningen|gakuen_taisen_valkyries|kasshoku_danchi_e_youkoso,sela_(23) ursula_(23) muscular_female wife_and_wife cross_choker obliques muscular abs,情色向 · 百合专精 · 体型特征 · 恋爱/情感 · 姿势/动态 · 原创为主,https://danbooru.donmai.us/artists/1311193
568814,takatsuki_ichi,750,200,轻度色气,0.13,BL/腐向专精,同人为主,男性主体,BL/腐向/体型特征,单色/灰度/线稿/速写,姿势/动态,promare|boku_no_hero_academia|seikou_tenshi_resistear,promare galo_thymos kray_foresight aiuchi_runa seikou_tenshi_resistear resistear mohawk yaoi,BL/腐向专精 · BL/腐向 · 体型特征 · 单色/灰度 · 姿势/动态,https://danbooru.donmai.us/artists/568814
695697,mawaru_(mawaru),751,200,全年龄向,0.07,兽耳/亚人专精,原创为主,女性主体,兽耳/亚人/和风,线稿/速写/单色/灰度,肖像/半身,dragon_quest|mega_man_(series)|touhou,kukuri_(mawaru) kitsune fox_tail fox_girl fox_ears zouri outline suzubi_(mawaru),兽耳/亚人专精 · 兽耳/亚人 · 和风 · 线稿/速写 · 肖像/半身,https://danbooru.donmai.us/artists/695697
1415322,kotobuki_(tiny_life),749,200,全年龄向,0.0,漫画/剧情向,同人为主,群像/多人,校园/兽耳/亚人,单色/灰度/漫画分镜,漫画/多格,kemono_friends|kemono_friends_3|xenoblade_chronicles_(series),kemono_friends kemono_friends_3 captain_(kemono_friends) narwhal_(kemono_friends) whale_girl blowhole dorsal_fin common_dolphin_(kemono_friends),漫画/剧情向 · 校园 · 兽耳/亚人 · 单色/灰度 · 漫画/多格,https://danbooru.donmai.us/artists/1415322
1645869,ddolbang,749,200,全年龄向,0.0,同人角色专精,同人为主,群像/多人,兽耳/亚人/音乐/偶像,漫画分镜,表情/表演,hololive|hololive_english|v4mirai,hololive_english hololive virtual_youtuber transparent_background gigi_murin_(1st_costume) raora_panthera_(1st_costume) raora_panthera gigi_murin,同人角色专精 · 兽耳/亚人 · 音乐/偶像 · 漫画分镜 · 表情/表演,https://danbooru.donmai.us/artists/1645869
405687,kisetsu,748,200,全年龄向,0.005,机甲/军事题材,同人为主,双人/CP,军事/枪械/兽耳/亚人,拼贴/混合,设定/图解,girls'_frontline|fire_emblem|fire_emblem:_three_houses,girls'_frontline idw_(girls'_frontline) parker-hale_idw ar-18_(girls'_frontline) edelgard_von_hresvelg fire_emblem:_three_houses liz_to_aoi_tori f1_(girls'_frontline),机甲/军事题材 · 军事/枪械 · 兽耳/亚人 · 拼贴/混合 · 设定/图解,https://danbooru.donmai.us/artists/405687
1250465,shiratama_(hockey),748,200,全年龄向,0.0,综合向插画师,同人为主,双人/CP,自然/风景/配饰/首饰,单色/灰度,肖像/半身,touhou|world_witches_series|brave_witches,art_tools_in_frame touhou marker world_witches_series brave_witches eyebrows_hidden_by_hair aleksandra_i._pokryshkin kanno_naoe,综合向插画师 · 自然/风景 · 配饰/首饰 · 单色/灰度 · 肖像/半身,https://danbooru.donmai.us/artists/1250465
1403593,techi_(techi35499),748,200,硬核R18,0.8,单色线稿派,同人为主,男性主体,裸体/暴露/日常/治愈,单色/灰度/漫画分镜,漫画/多格,touhou|comiket_96,touhou moaning bar_censor mob_cap komeiji_koishi patchouli_knowledge crystal_wings greyscale,硬核R18 · 单色线稿派 · 裸体/暴露 · 日常/治愈 · 单色/灰度 · 漫画/多格,https://danbooru.donmai.us/artists/1403593
1442863,haru_(konomi_150),748,200,全年龄向,0.0,百合专精,同人为主,双人/CP,百合/GL/恋爱/情感,漫画分镜,肖像/半身,bocchi_the_rock!|watashi_ga_koibito_ni_nareru_wake_naijan_murimuri!|indie_virtual_youtuber,kita_ikuyo shuka_high_school_uniform bocchi_the_rock! gotoh_hitori watashi_ga_koibito_ni_nareru_wake_naijan_murimuri! amaori_renako cube_hair_ornament sena_ajisai,百合专精 · 百合/GL · 恋爱/情感 · 漫画分镜 · 肖像/半身,https://danbooru.donmai.us/artists/1442863
1296763,kunabishi,748,200,硬核R18,0.78,R18情色向画师,同人为主,男性主体,裸体/暴露/体型特征,单色/灰度/漫画分镜,姿势/动态,fate_(series)|fate/grand_order|blue_archive,nero_claudius_(fate) fate/grand_order fate_(series) queen_draco_(fate) loli queen_draco_(first_ascension)_(fate) koyanskaya_(fate) nipples,硬核R18 · R18情色向画师 · 裸体/暴露 · 体型特征 · 单色/灰度 · 姿势/动态,https://danbooru.donmai.us/artists/1296763
1649532,eufoniuz,747,200,硬核R18,0.92,日常/治愈系,同人为主,群像/多人,裸体/暴露/日常/治愈,赛璐璐/平涂,姿势/动态,umamusume|mushoku_tensei|re:zero_kara_hajimeru_isekai_seikatsu,anime_coloring subscribestar_username umamusume mosaic_censoring sex horse_girl horse_ears penis,硬核R18 · 日常/治愈系 · 裸体/暴露 · 日常/治愈 · 赛璐璐/平涂 · 姿势/动态,https://danbooru.donmai.us/artists/1649532
381967,nigou,747,200,全年龄向,0.005,综合向插画师,同人为主,群像/多人,体育/运动/军事/枪械,单色/灰度/线稿/速写,姿势/动态,idolmaster|idolmaster_cinderella_girls|queen's_blade,idolmaster_cinderella_girls idolmaster queen's_gate soulcalibur_iv baseball_jersey isabella_valentine jersey soulcalibur,综合向插画师 · 体育/运动 · 军事/枪械 · 单色/灰度 · 姿势/动态,https://danbooru.donmai.us/artists/381967
559333,sakimiya_(inschool),748,200,全年龄向,0.0,单色线稿派,同人为主,群像/多人,和风/日常/治愈,单色/灰度/漫画分镜,漫画/多格,kantai_collection|umamusume|blue_archive,zuikaku_(kancolle) kaga_(kancolle) shoukaku_(kancolle) akagi_(kancolle) kantai_collection aged_down comic greyscale,单色线稿派 · 和风 · 日常/治愈 · 单色/灰度 · 漫画/多格,https://danbooru.donmai.us/artists/559333
460986,nakahira_guy,746,200,全年龄向,0.0,传统手绘媒介,同人为主,群像/多人,泳装/内衣/自然/风景,赛璐璐/平涂/线稿/速写,表情/表演,umamusume|girls_und_panzer|tokyo_succubus,tokyo_succubus tenjin_stella girls_und_panzer umamusume mejiro_dober_(umamusume) tenjin_yuuna horse_girl highschool_elf_(nakahira_guy),传统手绘媒介 · 泳装/内衣 · 自然/风景 · 赛璐璐/平涂 · 表情/表演,https://danbooru.donmai.us/artists/460986
1485473,shirokuma_a,746,200,轻度色气,0.01,综合向插画师,同人为主,群像/多人,手足/局部/泳装/内衣,漫画分镜,差分/变体,umamusume|blue_archive|brown_dust_(series),umamusume horse_girl air_groove_(umamusume) horse_tail horse_ears inverted_watch brown_dust_2 brown_dust_(series),综合向插画师 · 手足/局部 · 泳装/内衣 · 漫画分镜 · 差分/变体,https://danbooru.donmai.us/artists/1485473
1302815,vilde_loh_hocen,745,200,轻度色气,0.255,综合向插画师,原创/同人混合,男性主体,泳装/内衣/裸体/暴露,漫画分镜,姿势/动态,fate/grand_order|fate_(series)|zenless_zone_zero,patreon_username fanbox_username web_address rwby kitsu_(vilde_loh_hocen) keirei_(vilde_loh_hocen) toned_female patreon_logo,综合向插画师 · 泳装/内衣 · 裸体/暴露 · 漫画分镜 · 姿势/动态,https://danbooru.donmai.us/artists/1302815
2124337,woodonly,746,200,全年龄向,0.0,百合专精,同人为主,群像/多人,兽耳/亚人/百合/GL,单色/灰度/漫画分镜,漫画/多格,love_live!|love_live!_hasu_no_sora_jogakuin_school_idol_club|real_life,love_live!_hasu_no_sora_jogakuin_school_idol_club love_live! friendly_rivalry momose_ginko choi_kyung joo_ye-ri animification hasu_no_sora_school_uniform,百合专精 · 兽耳/亚人 · 百合/GL · 单色/灰度 · 漫画/多格,https://danbooru.donmai.us/artists/2124337
700368,osashin_(osada),745,200,全年龄向,0.005,同人角色专精,同人为主,女性主体,和风/自然/风景,,差分/变体,touhou|urusei_yatsura|world_cup,kochiya_sanae snake_hair_ornament frog_hair_ornament touhou expressive_clothes hair_tubes gohei single_hair_tube,同人角色专精 · 和风 · 自然/风景 · 差分/变体 · 同人为主,https://danbooru.donmai.us/artists/700368
1423799,rinotuna,745,200,全年龄向,0.0,原创角色设计师,原创为主,男性主体,BL/腐向/体型特征,漫画分镜,单人立绘,girls'_frontline|pokemon|djmax,reference_inset animal_name personification korean_text jatimatic jatimatic_(girls'_frontline) muscular_male pectorals,原创角色设计师 · BL/腐向 · 体型特征 · 漫画分镜 · 单人立绘,https://danbooru.donmai.us/artists/1423799
1535293,noriuma,745,200,全年龄向,0.0,同人角色专精,同人为主,群像/多人,战斗/动作/军事/枪械,特效/后期/单色/灰度,肖像/半身,touhou|linkin_park|real_life,touhou linkin_park hakurei_reimu emily_armstrong kirisame_marisa frilled_hair_tubes frilled_bow twitter_username,同人角色专精 · 战斗/动作 · 军事/枪械 · 特效/后期 · 肖像/半身,https://danbooru.donmai.us/artists/1535293
416910,mizuryu_kei,744,200,情色向,0.265,综合向插画师,同人为主,群像/多人,裸体/暴露/体型特征,单色/灰度/漫画分镜,姿势/动态,hololive|bishoujo_senshi_sailor_moon|final_fantasy,hino_rei mizuno_ami chiba_mamoru bishoujo_senshi_sailor_moon houshou_marine mizuryuland hololive houshou_marine_(1st_costume),情色向 · 综合向插画师 · 裸体/暴露 · 体型特征 · 单色/灰度 · 姿势/动态,https://danbooru.donmai.us/artists/416910
1341439,toraishi_666,743,200,硬核R18,0.58,R18情色向画师,同人为主,男性主体,裸体/暴露/手足/局部,漫画分镜,姿势/动态,fate_(series)|blue_archive|fate/kaleid_liner_prisma_illya,fate/kaleid_liner_prisma_illya heart_censor loli illyasviel_von_einzbern fate_(series) bar_censor blue_archive testament_(fate),硬核R18 · R18情色向画师 · 裸体/暴露 · 手足/局部 · 漫画分镜 · 姿势/动态,https://danbooru.donmai.us/artists/1341439
594656,maki_(seventh_heaven_maxion),743,200,情色向,0.33,综合向插画师,原创/同人混合,男性主体,裸体/暴露/战斗/动作,漫画分镜/光影/氛围,姿势/动态,touhou|touhou_tag_dream|fate/grand_order,roujima_mako touhou_tag_dream wrestling_outfit m.h.s kurutia_dorent singlet kerberos_blade touhou,情色向 · 综合向插画师 · 裸体/暴露 · 战斗/动作 · 漫画分镜 · 姿势/动态,https://danbooru.donmai.us/artists/594656
11425,shiwasu_no_okina,742,200,硬核R18,0.7,R18情色向画师,同人为主,群像/多人,裸体/暴露/校园,漫画分镜/单色/灰度,漫画/多格,100-kai_furareta_zetsubou-teki_ni_motenai_ore_o_awarenda_kareshi_ari_onna_tomodachi_ga_nandemo_eroi_koto_yarasete_kureta!!|honkou_no_zen_joshi_seito_no_ue_no_kuchi_to_shita_no_kuchi_wa_nakayoshi_houdai_datte_shitteru_no_wa_ore_dake?!|honkou_no_zen_joshi_seito_no_ue_no_kuchi_to_shita_no_kuchi_wa_nakayoshi_houdai_datte_shitteru_no_wa_ore_dake?!_sono_2,100-kai_furareta_zetsubou-teki_ni_motenai_ore_o_awarenda_kareshi_ari_onna_tomodachi_ga_nandemo_eroi_koto_yarasete_kureta!! honkou_no_zen_joshi_seito_no_ue_no_kuchi_to_shita_no_kuchi_wa_nakayoshi_houdai_datte_shitteru_no_wa_ore_dake?! rindo_komari hanezawa_miruka honkou_no_zen_joshi_seito_no_ue_no_kuchi_to_shita_no_kuchi_wa_nakayoshi_houdai_datte_shitteru_no_wa_ore_dake?!_sono_2 kunisaki_arisu ayase_riho rindo_chimari,硬核R18 · R18情色向画师 · 裸体/暴露 · 校园 · 漫画分镜 · 漫画/多格,https://danbooru.donmai.us/artists/11425
1429074,pudgeruffian,741,200,情色向,0.465,兽耳/亚人专精,原创为主,群像/多人,裸体/暴露/兽人/furry,,俯视/仰视,little_witch_academia|brand_new_animal|sousou_no_frieren,kody_(pudgeruffian) riley_fairfeather furry_female goat_girl bridge_piercing furry face_piercing goat_ears,情色向 · 兽耳/亚人专精 · 裸体/暴露 · 兽人/furry · 俯视/仰视 · 原创为主,https://danbooru.donmai.us/artists/1429074
599907,aile_(crossroads),741,200,全年龄向,0.005,综合向插画师,同人为主,男性主体,自然/风景/泳装/内衣,,姿势/动态,genshin_impact|blue_archive|honkai_(series),ganyu_(genshin_impact) genshin_impact goat_horns vision_(genshin_impact) honkai_(series) honkai:_star_rail bodystocking velvet_(nikke),综合向插画师 · 自然/风景 · 泳装/内衣 · 姿势/动态 · 同人为主,https://danbooru.donmai.us/artists/599907
1601565,montemasa,741,200,全年龄向,0.02,同人角色专精,同人为主,女性主体,泳装/内衣/体型特征,,肖像/半身,kantai_collection|darkstalkers|dolphin_wave,kantai_collection two-tone_swimsuit murasame_(kancolle) competition_swimsuit suzuya_(kancolle) one-hour_drawing_challenge murasame_kai_ni_(kancolle) intrepid_(kancolle),同人角色专精 · 泳装/内衣 · 体型特征 · 肖像/半身 · 同人为主,https://danbooru.donmai.us/artists/1601565
2336821,kararage_tsune,741,200,全年龄向,0.01,综合向插画师,同人为主,群像/多人,战斗/动作/兽耳/亚人,漫画分镜/单色/灰度,俯视/仰视,touhou|indie_virtual_youtuber|project_sekai,touhou mob_cap hinanawi_tenshi flandre_scarlet yellow_ascot hakurei_reimu frilled_hair_tubes crystal_wings,综合向插画师 · 战斗/动作 · 兽耳/亚人 · 漫画分镜 · 俯视/仰视,https://danbooru.donmai.us/artists/2336821
1465756,mikan_(chipstar182),741,200,全年龄向,0.005,综合向插画师,同人为主,非人物/静物,兽耳/亚人/自然/风景,,肖像/半身,hololive|nijisanji|indie_virtual_youtuber,hololive virtual_youtuber shirogane_noel shiranui_flare bikkuriman_(style) shiranui_flare_(old_design) yukihana_lamy bikkuriman,综合向插画师 · 兽耳/亚人 · 自然/风景 · 肖像/半身 · 同人为主,https://danbooru.donmai.us/artists/1465756
1407552,kuya_(hey36253625),740,200,全年龄向,0.0,同人角色专精,同人为主,双人/CP,和风/配饰/首饰,线稿/速写/素描/炭笔,肖像/半身,touhou|umamusume|touhou_(pc-98),touhou usami_renko maribel_hearn mob_cap corpse_party corpse_party_(style) hat_bow kirisame_marisa,同人角色专精 · 和风 · 配饰/首饰 · 线稿/速写 · 肖像/半身,https://danbooru.donmai.us/artists/1407552
423189,nagami_yuu,740,200,情色向,0.285,原创角色设计师,原创/同人混合,群像/多人,裸体/暴露/神话/宗教,漫画分镜,俯视/仰视,blue_archive|daitai_konnan_de?|hitoyori_xx,mika_(blue_archive) daitai_konnan_de? wing_ornament blue_archive black_pubic_hair female_pubic_hair hitoyori_xx blur_censor,情色向 · 原创角色设计师 · 裸体/暴露 · 神话/宗教 · 漫画分镜 · 俯视/仰视,https://danbooru.donmai.us/artists/423189
436599,zekkyon,740,200,全年龄向,0.03,传统手绘媒介,原创/同人混合,群像/多人,体型特征/泳装/内衣,线稿/速写/素描/炭笔,差分/变体,kantai_collection|ruri_no_houseki|blue_archive,arato_nagi ruri_no_houseki suzuya_(kancolle) kantai_collection kongou_(kancolle) stud_earrings cross-laced_bikini onee-shota,传统手绘媒介 · 体型特征 · 泳装/内衣 · 线稿/速写 · 差分/变体,https://danbooru.donmai.us/artists/436599
638184,mei_(maysroom),739,200,全年龄向,0.0,兽耳/亚人专精,同人为主,男性主体,兽人/furry/BL/腐向,特效/后期/线稿/速写,漫画/多格,pokemon|pokemon_(anime)|pokemon_journeys,ash_ketchum pokemon_journeys pokemon_(anime) pikachu pokemon_(creature) goh_(pokemon) pokemon holding_pokemon,兽耳/亚人专精 · 兽人/furry · BL/腐向 · 特效/后期 · 漫画/多格,https://danbooru.donmai.us/artists/638184
475064,nahaki,739,200,轻度色气,0.09,综合向插画师,原创/同人混合,群像/多人,手足/局部/裸体/暴露,,俯视/仰视,genshin_impact|poker_fate|zenless_zone_zero,genshin_impact hu_tao_(genshin_impact) lilith_(poker_fate) poker_fate sora_ginko foot_focus ryuuou_no_oshigoto! wind_glider,综合向插画师 · 手足/局部 · 裸体/暴露 · 俯视/仰视 · 原创/同人混合,https://danbooru.donmai.us/artists/475064
1567480,nullma,739,200,全年龄向,0.0,场景/背景插画师,同人为主,非人物/静物,兽人/furry/自然/风景,,单人立绘,pokemon|pokemon_mystery_dungeon|pokedan_icma,pokemon_focus pokemon_(creature) animal_focus no_humans pokemon two-tone_fur shiny_pokemon white_fur,场景/背景插画师 · 兽人/furry · 自然/风景 · 单人立绘 · 同人为主,https://danbooru.donmai.us/artists/1567480
1341448,rin_yuu,739,200,全年龄向,0.0,奇幻/魔法题材,同人为主,女性主体,奇幻/魔法/自然/风景,特效/后期,差分/变体,hololive|fate_(series)|fate/grand_order,yukihana_lamy heart_ahoge hololive elf virtual_youtuber colored_tips yukimin_(yukihana_lamy) yukihana_lamy_(1st_costume),奇幻/魔法题材 · 奇幻/魔法 · 自然/风景 · 特效/后期 · 差分/变体,https://danbooru.donmai.us/artists/1341448
383467,sakaki_imasato,738,200,轻度色气,0.215,传统手绘媒介,同人为主,群像/多人,裸体/暴露/体型特征,单色/灰度/线稿/速写,姿势/动态,idolmaster|idolmaster_cinderella_girls|idolmaster_cinderella_girls_starlight_stage,koshimizu_sachiko idolmaster_cinderella_girls idolmaster shirasaka_koume sasaki_chie tachibana_arisu seki_hiromi matsubara_aoi,传统手绘媒介 · 裸体/暴露 · 体型特征 · 单色/灰度 · 姿势/动态,https://danbooru.donmai.us/artists/383467
2458058,takashia,738,200,硬核R18,0.875,R18情色向画师,同人为主,男性主体,裸体/暴露/体型特征,特效/后期/漫画分镜,姿势/动态,honkai:_star_rail|honkai_(series)|genshin_impact,honkai:_star_rail honkai_(series) penis mosaic_censoring paizuri genshin_impact folding_paizuri hetero,硬核R18 · R18情色向画师 · 裸体/暴露 · 体型特征 · 特效/后期 · 姿势/动态,https://danbooru.donmai.us/artists/2458058
1498710,ponzu_rui,738,200,轻度色气,0.215,综合向插画师,同人为主,群像/多人,裸体/暴露/校园,漫画分镜,单人立绘,girls_und_panzer|gundam|gundam_gquuuuuux,girls_und_panzer shiiko_sugai gundam_gquuuuuux gym_shirt gakuen_idolmaster buruma gym_uniform gundam,综合向插画师 · 裸体/暴露 · 校园 · 漫画分镜 · 单人立绘,https://danbooru.donmai.us/artists/1498710
1090060,seijun,737,200,全年龄向,0.0,兽耳/亚人专精,同人为主,群像/多人,兽人/furry/战斗/动作,单色/灰度/漫画分镜,漫画/多格,pokemon|pokemon_red/green/blue/yellow|pokemon_red/green/blue/yellow_(prototype),pokemon_red/green/blue/yellow_(prototype) green_(pokemon) official_style pokemon_red/green/blue/yellow red_(pokemon) blue_oak leaf_(pokemon) pokemon_firered_and_leafgreen,兽耳/亚人专精 · 兽人/furry · 战斗/动作 · 单色/灰度 · 漫画/多格,https://danbooru.donmai.us/artists/1090060
1426989,yoru_nai,736,200,全年龄向,0.0,同人角色专精,同人为主,群像/多人,神话/宗教/兽耳/亚人,线稿/速写/漫画分镜,漫画/多格,blue_archive|trickcal|stella_sora,rectangular_halo blue_archive aris_(blue_archive) green_halo kei_(blue_archive) pink_halo long_hair_between_eyes momoi_(blue_archive),同人角色专精 · 神话/宗教 · 兽耳/亚人 · 线稿/速写 · 漫画/多格,https://danbooru.donmai.us/artists/1426989
1554122,hxd,736,200,轻度色气,0.125,单色线稿派,同人为主,男性主体,神话/宗教/裸体/暴露,单色/灰度/漫画分镜,漫画/多格,fate/grand_order|fate_(series)|blue_archive,fujimaru_ritsuka_(male) silent_comic fate/grand_order fate_(series) florence_nightingale_(berserker)_(fate) greyscale florence_nightingale_(fate) doodle_sensei_(blue_archive),单色线稿派 · 神话/宗教 · 裸体/暴露 · 单色/灰度 · 漫画/多格,https://danbooru.donmai.us/artists/1554122
484322,redcomet,736,200,轻度色气,0.25,综合向插画师,同人为主,女性主体,裸体/暴露/体型特征,特效/后期,姿势/动态,blue_archive|hololive|genshin_impact,hololive blue_archive misumi_yuka virtual_youtuber girthy_penis sakura_miko halo genshin_impact,综合向插画师 · 裸体/暴露 · 体型特征 · 特效/后期 · 姿势/动态,https://danbooru.donmai.us/artists/484322
1320883,ameyama_denshin,736,200,全年龄向,0.05,单色线稿派,同人为主,群像/多人,战斗/动作/兽耳/亚人,单色/灰度/漫画分镜,漫画/多格,touhou|kemono_friends|kemono_friends_3,page_number touhou kirisame_marisa sendai_hakurei_no_miko wriggle_nightbug ex-keine hakurei_reimu_(cosplay) kamishirasawa_keine,单色线稿派 · 战斗/动作 · 兽耳/亚人 · 单色/灰度 · 漫画/多格,https://danbooru.donmai.us/artists/1320883
1854453,waligner,735,200,情色向,0.46,R18情色向画师,同人为主,群像/多人,裸体/暴露/中式,漫画分镜/单色/灰度,姿势/动态,kusuriya_no_hitorigoto|bleach|sousou_no_frieren,maomao_(kusuriya_no_hitorigoto) kusuriya_no_hitorigoto petite jinshi_(kusuriya_no_hitorigoto) kuchiki_rukia bleach maomao_(bubbles)_(kusuriya_no_hitorigoto) mosaic_censoring,情色向 · R18情色向画师 · 裸体/暴露 · 中式 · 漫画分镜 · 姿势/动态,https://danbooru.donmai.us/artists/1854453
1332452,prywinko,735,200,轻度色气,0.045,奇幻/魔法题材,原创/同人混合,群像/多人,体型特征/奇幻/魔法,漫画分镜/特效/后期,差分/变体,marvel|marvel_rivals|x-men,patreon_username marvel marvel_rivals prywinko_(baldur's_gate) gwelda_(prywinko) luna_snow x-men spider-man:_across_the_spider-verse,奇幻/魔法题材 · 体型特征 · 奇幻/魔法 · 漫画分镜 · 差分/变体,https://danbooru.donmai.us/artists/1332452
1538779,wss_(nicoseiga19993411),734,200,全年龄向,0.0,同人角色专精,同人为主,双人/CP,和风/自然/风景,,设定/图解,kantai_collection|cho_kaguya-hime!|tate_no_yuusha_no_nariagari,kantai_collection mikura_(kancolle) bokukawauso otter haruna_(kancolle) watermark pug artist_name,同人角色专精 · 和风 · 自然/风景 · 设定/图解 · 同人为主,https://danbooru.donmai.us/artists/1538779
1444725,yun_cao_bing,734,200,轻度色气,0.185,百合专精,同人为主,群像/多人,百合/GL/裸体/暴露,,设定/图解,mahou_shoujo_no_majo_saiban|girls_band_cry|cho_kaguya-hime!,mahou_shoujo_no_majo_saiban girls_band_cry iseri_nina hina_(girls_band_cry) sakuraba_ema cho_kaguya-hime! sakayori_iroha bang_dream!,百合专精 · 百合/GL · 裸体/暴露 · 设定/图解 · 同人为主,https://danbooru.donmai.us/artists/1444725
1579668,centurii-chan,734,200,全年龄向,0.03,原创角色设计师,原创为主,群像/多人,军事/枪械/战斗/动作,漫画分镜/线稿/速写,漫画/多格,indie_virtual_youtuber|phase_connect|the_elder_scrolls,centurii-chan_(character) rapier-chan_(centurii-chan) phase_connect executioner_maid_(centurii-chan) gyaru_landsknecht_(centurii-chan) roman_armor whiskey_project rinkou_ashelia,原创角色设计师 · 军事/枪械 · 战斗/动作 · 漫画分镜 · 漫画/多格,https://danbooru.donmai.us/artists/1579668
567432,hanekoto,734,200,全年龄向,0.0,兽耳/亚人专精,同人为主,双人/CP,兽耳/亚人/校园,,单人立绘,otonari_no_tenshi-sama_ni_itsu_no_mani_ka_dame_ningen_ni_sarete_ita_ken|blue_archive|fire_emblem,otonari_no_tenshi-sama_ni_itsu_no_mani_ka_dame_ningen_ni_sarete_ita_ken shiina_mahiru_(otonari_no_tenshi-sama) izuna_(blue_archive) pink_eyeshadow transparent_background textless_cover_page tachi-e pink_halo,兽耳/亚人专精 · 兽耳/亚人 · 校园 · 单人立绘 · 同人为主,https://danbooru.donmai.us/artists/567432
2419534,yuimisu,734,200,全年龄向,0.01,原创角色设计师,原创为主,女性主体,都市/街景/日常/治愈,特效/后期/漫画分镜,表情/表演,blue_archive|umamusume|kantai_collection,jirai-chan_(masayo) jirai_kei strong_zero nail_art pleading_face_emoji koyomi_(masayo) emoji lace-trimmed_socks,原创角色设计师 · 都市/街景 · 日常/治愈 · 特效/后期 · 表情/表演,https://danbooru.donmai.us/artists/2419534
1460907,glassy0302,734,200,全年龄向,0.0,兽耳/亚人专精,原创为主,群像/多人,兽人/furry/战斗/动作,漫画分镜/线稿/速写,漫画/多格,pokemon|pokemon_legends:_z-a|pokemon_sword_and_shield,kuraishi_ringo_(glassy0302) apple_hair_ornament pokemon_(creature) bewear food-themed_hair_ornament pokemon pokemon_legends:_z-a twitter_username,兽耳/亚人专精 · 兽人/furry · 战斗/动作 · 漫画分镜 · 漫画/多格,https://danbooru.donmai.us/artists/1460907
377608,mibu_natsuki,734,200,轻度色气,0.05,原创角色设计师,原创为主,群像/多人,校园/体育/运动,漫画分镜,姿势/动态,idolmaster|idolmaster_cinderella_girls|saenai_heroine_no_sodatekata,nitta_minami idolmaster_cinderella_girls idolmaster red_buruma saenai_heroine_no_sodatekata buruma panties_under_pantyhose sawamura_spencer_eriri,原创角色设计师 · 校园 · 体育/运动 · 漫画分镜 · 姿势/动态,https://danbooru.donmai.us/artists/377608
1360689,takatsuki_nato,733,200,全年龄向,0.0,场景/背景插画师,同人为主,非人物/静物,日常/治愈/兽耳/亚人,单色/灰度/特效/后期,表情/表演,umamusume|real_life|touhou,gentildonna_(umamusume) recursive_animalization ear_covers animalization umamusume heart_ear_ornament horse_ears heart-shaped_ornament,场景/背景插画师 · 日常/治愈 · 兽耳/亚人 · 单色/灰度 · 表情/表演,https://danbooru.donmai.us/artists/1360689
496240,inanaki_shiki,733,200,情色向,0.315,日常/治愈系,同人为主,男性主体,泳装/内衣/裸体/暴露,单色/灰度/漫画分镜,差分/变体,yahari_ore_no_seishun_lovecome_wa_machigatteiru.|go-toubun_no_hanayome|amamori_junna_wa_shitsudo_ga_takai,yahari_ore_no_seishun_lovecome_wa_machigatteiru. isshiki_iroha yukinoshita_yukino yuigahama_yui sobu_high_school_uniform yukinoshita_yukino's_mother go-toubun_no_hanayome yuigahama_yui's_mother,情色向 · 日常/治愈系 · 泳装/内衣 · 裸体/暴露 · 单色/灰度 · 差分/变体,https://danbooru.donmai.us/artists/496240
1251510,atg_(wttoo0202),733,200,硬核R18,0.545,R18情色向画师,原创/同人混合,男性主体,裸体/暴露/体型特征,漫画分镜,姿势/动态,medalist_(manga)|spy_x_family|pokemon,loli medalist_(manga) flat_chest yuitsuka_inori mosaic_censoring neverness_to_everness scanlines becky_blackbell,硬核R18 · R18情色向画师 · 裸体/暴露 · 体型特征 · 漫画分镜 · 姿势/动态,https://danbooru.donmai.us/artists/1251510
2040932,funamusea_(artist),733,200,全年龄向,0.015,像素/复古画师,同人为主,男性主体,神话/宗教/恐怖/猎奇,单色/灰度/特效/后期,单人立绘,funamusea|haiiro_teien|oounabara_to_wadanohara,funamusea haiiro_teien oounabara_to_wadanohara mogeko_castle sutare_yume kurai_yonaka kurotsuno ice_scream,像素/复古画师 · 神话/宗教 · 恐怖/猎奇 · 单色/灰度 · 单人立绘,https://danbooru.donmai.us/artists/2040932
381848,nora_higuma,733,200,情色向,0.32,原创角色设计师,原创为主,群像/多人,裸体/暴露/BL/腐向,单色/灰度/漫画分镜,姿势/动态,kantai_collection|granblue_fantasy|gundam,onee-shota shota age_difference hetero nipples surrounded_by_penises kantai_collection penis,情色向 · 原创角色设计师 · 裸体/暴露 · BL/腐向 · 单色/灰度 · 姿势/动态,https://danbooru.donmai.us/artists/381848
615105,erubo,733,200,全年龄向,0.0,原创角色设计师,原创为主,男性主体,BL/腐向/奇幻/魔法,单色/灰度/漫画分镜,漫画/多格,touken_ranbu|granblue_fantasy|shingeki_no_bahamut,mary_(erubo) lop_ear_(erubo) hitsuji_(erubo) yuran_(erubo) yuran_no_papa_(erubo) sheep_boy iris_(erubo) lop_rabbit_ears,原创角色设计师 · BL/腐向 · 奇幻/魔法 · 单色/灰度 · 漫画/多格,https://danbooru.donmai.us/artists/615105
655317,yamabukiiro,733,200,全年龄向,0.0,综合向插画师,同人为主,群像/多人,兽耳/亚人/自然/风景,,差分/变体,genshin_impact|wixoss|indie_virtual_youtuber,wixoss genshin_impact twitter_username sixfonia ameno_kosame lan_(sixfonia) watermark puffy_long_sleeves,综合向插画师 · 兽耳/亚人 · 自然/风景 · 差分/变体 · 同人为主,https://danbooru.donmai.us/artists/655317
1799739,dede_(qwea_00000),732,200,全年龄向,0.0,传统手绘媒介,同人为主,双人/CP,恋爱/情感/兽人/furry,单色/灰度/线稿/速写,漫画/多格,final_fantasy|final_fantasy_ix|pokemon,final_fantasy_ix garnet_til_alexandros_xvii zidane_tribal final_fantasy leon_(pokemon) adelbert_steiner final_fantasy_xiv sonia_(pokemon),传统手绘媒介 · 恋爱/情感 · 兽人/furry · 单色/灰度 · 漫画/多格,https://danbooru.donmai.us/artists/1799739
512760,culter,731,200,轻度色气,0.095,日常/治愈系,同人为主,群像/多人,日常/治愈/自然/风景,单色/灰度/漫画分镜,漫画/多格,touhou|azur_lane|dragon_quest,touhou kirisame_marisa morichika_rinnosuke komeiji_koishi disembodied_linked_eye alice_margatroid hakurei_reimu komeiji_satori,日常/治愈系 · 日常/治愈 · 自然/风景 · 单色/灰度 · 漫画/多格,https://danbooru.donmai.us/artists/512760
1297401,piripun,730,200,全年龄向,0.04,单色线稿派,原创为主,群像/多人,校园/自然/风景,单色/灰度/漫画分镜,漫画/多格,asana_tansaku_kikou|guilty_crown|comiket_107,asana_tansaku_kikou bandage_over_one_eye greyscale bandaged_hand bandaged_arm comic monochrome pant_suit,单色线稿派 · 校园 · 自然/风景 · 单色/灰度 · 漫画/多格,https://danbooru.donmai.us/artists/1297401
712318,akeyama_kitsune,730,200,轻度色气,0.15,同人角色专精,同人为主,女性主体,体型特征/裸体/暴露,特效/后期,姿势/动态,azur_lane|dengeki_moeoh|fate/grand_order,azur_lane zuikaku_(azur_lane) shoukaku_(azur_lane) zuikaku_(the_wind's_true_name)_(azur_lane) race_queen atago_(stunning_speedster)_(azur_lane) north_carolina_(azur_lane) huge_breasts,同人角色专精 · 体型特征 · 裸体/暴露 · 特效/后期 · 姿势/动态,https://danbooru.donmai.us/artists/712318
718859,shinapuu,728,200,全年龄向,0.0,综合向插画师,同人为主,群像/多人,日常/治愈/兽耳/亚人,单色/灰度,表情/表演,touhou|metal_slug|suguri,touhou tapir_tail blob dream_soul doremy_sweet metal_slug nightcap suguri,综合向插画师 · 日常/治愈 · 兽耳/亚人 · 单色/灰度 · 表情/表演,https://danbooru.donmai.us/artists/718859
1618886,noyama_takenoko,727,200,全年龄向,0.04,综合向插画师,同人为主,女性主体,体型特征/裸体/暴露,线稿/速写,俯视/仰视,kono_subarashii_sekai_ni_shukufuku_wo!|re:zero_kara_hajimeru_isekai_seikatsu|bocchi_the_rock!,kono_subarashii_sekai_ni_shukufuku_wo! blush_stickers megumin white_outline re:zero_kara_hajimeru_isekai_seikatsu outline inami_mahiru's_mother roswaal_mansion_maid_uniform,综合向插画师 · 体型特征 · 裸体/暴露 · 线稿/速写 · 俯视/仰视,https://danbooru.donmai.us/artists/1618886
486840,chiwino,727,200,硬核R18,0.875,兽耳/亚人专精,同人为主,群像/多人,裸体/暴露/兽人/furry,,姿势/动态,pokemon|mega_man_(series)|pokemon_black_and_white,bar_censor loli mega_man_(series) pokemon censored nipples rico_(mega_man) roll_(mega_man),硬核R18 · 兽耳/亚人专精 · 裸体/暴露 · 兽人/furry · 姿势/动态 · 同人为主,https://danbooru.donmai.us/artists/486840
1496977,starraisins,728,200,情色向,0.275,同人角色专精,同人为主,男性主体,体型特征/泳装/内衣,漫画分镜,姿势/动态,touhou,touhou izayoi_sakuya alice_margatroid houraisan_kaguya steaming_body konpaku_youmu shota side_braids,情色向 · 同人角色专精 · 体型特征 · 泳装/内衣 · 漫画分镜 · 姿势/动态,https://danbooru.donmai.us/artists/1496977
1571851,masara_(chuujou),727,200,全年龄向,0.0,同人角色专精,同人为主,群像/多人,校园/泳装/内衣,漫画分镜,漫画/多格,kantai_collection|toaru_kagaku_no_railgun|toaru_majutsu_no_index,kantai_collection one-hour_drawing_challenge twitter_username dated sailor_hat yura_(snake) kuchiku_i-kyuu blue_sailor_collar,同人角色专精 · 校园 · 泳装/内衣 · 漫画分镜 · 漫画/多格,https://danbooru.donmai.us/artists/1571851
2176887,tsuruyama_(tenten),727,200,硬核R18,0.92,R18情色向画师,同人为主,女性主体,裸体/暴露/日常/治愈,漫画分镜,单人立绘,love_live!|idolmaster|gakuen_idolmaster,love_live! love_live!_nijigasaki_high_school_idol_club mosaic_censoring gakuen_idolmaster uehara_ayumu love_live!_sunshine!! penis nijigasaki_school_uniform,硬核R18 · R18情色向画师 · 裸体/暴露 · 日常/治愈 · 漫画分镜 · 单人立绘,https://danbooru.donmai.us/artists/2176887
389671,9law,727,200,轻度色气,0.21,综合向插画师,同人为主,女性主体,裸体/暴露/泳装/内衣,,姿势/动态,gochuumon_wa_usagi_desu_ka?|kantai_collection|granblue_fantasy,gochuumon_wa_usagi_desu_ka? fleur_de_lapin_uniform kirima_syaro hoto_cocoa ujimatsu_chiya kantai_collection lolita_hairband underbust,综合向插画师 · 裸体/暴露 · 泳装/内衣 · 姿势/动态 · 同人为主,https://danbooru.donmai.us/artists/389671
1632550,camonome,727,200,硬核R18,0.955,原创角色设计师,原创为主,女性主体,裸体/暴露/校园,漫画分镜,姿势/动态,,female_pubic_hair pubic_hair loose_hair_strand pussy_juice black_pubic_hair cleft_of_venus pussy anus,硬核R18 · 原创角色设计师 · 裸体/暴露 · 校园 · 漫画分镜 · 姿势/动态,https://danbooru.donmai.us/artists/1632550
1662444,michael_f91,727,200,情色向,0.01,传统手绘媒介,同人为主,群像/多人,裸体/暴露/科幻/机甲,线稿/速写/素描/炭笔,姿势/动态,idolmaster|idolmaster_(classic)|metroid,samus_aran metroid idolmaster_(classic) saki_(manga) nipples ganaha_hibiki super_metroid shijou_takane,情色向 · 传统手绘媒介 · 裸体/暴露 · 科幻/机甲 · 线稿/速写 · 姿势/动态,https://danbooru.donmai.us/artists/1662444
589001,yanagi_wakana,726,200,全年龄向,0.0,同人角色专精,同人为主,女性主体,兽耳/亚人/体型特征,,单人立绘,umamusume|kantai_collection,umamusume horse_tail horse_girl seiun_sky_(umamusume) horse_ears seiun_sky_(reeling_in_the_big_one)_(umamusume) sunflower_hair_ornament ear_covers,同人角色专精 · 兽耳/亚人 · 体型特征 · 单人立绘 · 同人为主,https://danbooru.donmai.us/artists/589001
642184,emily_(pure_dream),726,200,轻度色气,0.33,综合向插画师,原创/同人混合,群像/多人,裸体/暴露/校园,,姿势/动态,study_steady_2|ragnarok_online|buru_x_karu,study_steady_2 mamanoue_yuno buru_x_karu 2000s_(style) ragnarok_online haruka_(buru_x_karu) akina_(buru_x_karu) natsuo_(buru_x_karu),综合向插画师 · 裸体/暴露 · 校园 · 姿势/动态 · 原创/同人混合,https://danbooru.donmai.us/artists/642184
1433123,nedia_(nedia_region),727,200,轻度色气,0.18,原创角色设计师,原创为主,群像/多人,裸体/暴露/校园,,姿势/动态,blue_archive|pokemon|honkai:_star_rail,loli heart_censor flat_chest blue_neckerchief kouhai_(nedia_(nedia_region)) blue_sailor_collar wavy_mouth spread_pussy,原创角色设计师 · 裸体/暴露 · 校园 · 姿势/动态 · 原创为主,https://danbooru.donmai.us/artists/1433123
1565430,mitsurugi_sugar,725,200,全年龄向,0.015,综合向插画师,同人为主,男性主体,和风/配饰/首饰,单色/灰度/漫画分镜,漫画/多格,fate_(series)|fate/grand_order|umamusume,fate/grand_order fate_(series) valkyrie_(fate) fujimaru_ritsuka_(male) thrud_(fate) o-ring_garter_straps tenochtitlan_(fate) koha-ace,综合向插画师 · 和风 · 配饰/首饰 · 单色/灰度 · 漫画/多格,https://danbooru.donmai.us/artists/1565430
526313,hisasi,726,200,情色向,0.265,综合向插画师,原创/同人混合,群像/多人,裸体/暴露/体型特征,单色/灰度/漫画分镜,漫画/多格,azur_lane|irodorimidori|comic_kairakuten_beast,irodorimidori comic_kairakuten_beast netoge_no_yome_wa_onna_no_ko_janai_to_omotta? tamaki_ako chunithm blank_speech_bubble aroused belfast_(azur_lane),情色向 · 综合向插画师 · 裸体/暴露 · 体型特征 · 单色/灰度 · 漫画/多格,https://danbooru.donmai.us/artists/526313
1422678,yuki_arare,725,200,全年龄向,0.0,原创角色设计师,原创为主,男性主体,校园/日常/治愈,漫画分镜/单色/灰度,漫画/多格,nijisanji|touhou|touhou_lostword,suzunari_shizuku suzunari_arare suzunari_raiga wooden_floor 4koma puffy_long_sleeves brother_and_sister comic,原创角色设计师 · 校园 · 日常/治愈 · 漫画分镜 · 漫画/多格,https://danbooru.donmai.us/artists/1422678
1681953,senri_gan,725,200,全年龄向,0.0,奇幻/魔法题材,原创/同人混合,男性主体,体型特征/奇幻/魔法,线稿/速写/光影/氛围,单人立绘,bunnystein_fantasy|ragnarok:_guild_masters|ragnarok_online,bunnystein_fantasy ragnarok:_guild_masters mahou_shoujo_suzune_magica ragnarok_online star_gladiator_(ragnarok_online) magia_record:_mahou_shoujo_madoka_magica_gaiden shadow_chaser_(ragnarok_online) mahou_shoujo_madoka_magica,奇幻/魔法题材 · 体型特征 · 奇幻/魔法 · 线稿/速写 · 单人立绘,https://danbooru.donmai.us/artists/1681953
677603,amazuki_jou,724,200,全年龄向,0.025,百合专精,同人为主,群像/多人,百合/GL/配饰/首饰,漫画分镜/单色/灰度,漫画/多格,azur_lane|mahou_sekai_no_uketsukejou_ni_naritai_desu|bloody_cross,massachusetts_(azur_lane) jean_bart_(azur_lane) historical_connection azur_lane native_american forehead_mark feather_hair_ornament facial_mark,百合专精 · 百合/GL · 配饰/首饰 · 漫画分镜 · 漫画/多格,https://danbooru.donmai.us/artists/677603
1782945,cofffee,724,200,全年龄向,0.0,机甲/军事题材,同人为主,男性主体,军事/枪械/BL/腐向,单色/灰度,肖像/半身,final_fantasy|final_fantasy_vii|final_fantasy_xvi,final_fantasy final_fantasy_xvi final_fantasy_vii final_fantasy_tactics final_fantasy_vii_remake final_fantasy_vii_rebirth clive_rosfield ramza_beoulve,机甲/军事题材 · 军事/枪械 · BL/腐向 · 单色/灰度 · 肖像/半身,https://danbooru.donmai.us/artists/1782945
631870,fun_bo,724,200,全年龄向,0.0,原创角色设计师,原创为主,男性主体,角色扮演/异装/BL/腐向,漫画分镜/单色/灰度,漫画/多格,touhou|a.i._voice|niconico,ayumu_(fun_bo) crossdressing_(mtf) crossdressing frilled_sailor_collar trap large_bow kurita_maron lolita_fashion,原创角色设计师 · 角色扮演/异装 · BL/腐向 · 漫画分镜 · 漫画/多格,https://danbooru.donmai.us/artists/631870
1465751,newo_(shinra-p),725,200,全年龄向,0.0,兽耳/亚人专精,同人为主,非人物/静物,兽人/furry/BL/腐向,漫画分镜,漫画/多格,pokemon|ib_(kouri)|gundam,pokemon_(creature) pokemon pokemon_focus yellow_fur shiny_pokemon fluffy no_humans neck_fur,兽耳/亚人专精 · 兽人/furry · BL/腐向 · 漫画分镜 · 漫画/多格,https://danbooru.donmai.us/artists/1465751
1582236,pokoten_(pokoten718),724,200,轻度色气,0.12,综合向插画师,原创/同人混合,男性主体,体型特征/裸体/暴露,漫画分镜/光影/氛围,差分/变体,kantai_collection|pokemon|undertale,unryuu_(kancolle) haruto_(pokoten_(pokoten718)) renna_(pokoten_(pokoten718)) kantai_collection asymmetrical_hair failure_penguin jitome unryuu_kai_(kancolle),综合向插画师 · 体型特征 · 裸体/暴露 · 漫画分镜 · 差分/变体,https://danbooru.donmai.us/artists/1582236
594210,kuena,723,200,全年龄向,0.0,综合向插画师,同人为主,男性主体,BL/腐向/校园,,单人立绘,umamusume|haikyuu!!|sousou_no_frieren,umamusume chibi horse_girl horse_tail horse_ears haikyuu!! genjitsu_no_yohane love_live!_sunshine!!,综合向插画师 · BL/腐向 · 校园 · 单人立绘 · 同人为主,https://danbooru.donmai.us/artists/594210
377686,nakajima_yuka,723,200,轻度色气,0.11,原创角色设计师,原创为主,群像/多人,泳装/内衣/校园,单色/灰度/漫画分镜,漫画/多格,fate_(series)|fate/grand_order|ragnarok_online,sohee ragnarok_online ikugawa_mayuri hanbok akase_haruka hunter_(ragnarok_online) korean_clothes bb_(swimsuit_mooncancer)_(second_ascension)_(fate),原创角色设计师 · 泳装/内衣 · 校园 · 单色/灰度 · 漫画/多格,https://danbooru.donmai.us/artists/377686
1340002,monori_rogue,723,200,全年龄向,0.01,综合向插画师,同人为主,女性主体,体型特征/科幻/机甲,特效/后期,俯视/仰视,marvel|x-men|marvel_rivals,abs muscular_female marvel toned_female mascara toned marvel_rivals x-men,综合向插画师 · 体型特征 · 科幻/机甲 · 特效/后期 · 俯视/仰视,https://danbooru.donmai.us/artists/1340002
1595966,kamisimo_90,722,200,轻度色气,0.065,机甲/军事题材,原创为主,双人/CP,科幻/机甲/军事/枪械,漫画分镜,姿势/动态,urusei_yatsura|neon_genesis_evangelion|gundam,ponytail_girl_(kamisimo_90) panties_over_garter_belt twintails_nurse_(kamisimo_90) tights_girl_(kamisimo_90) freckled_girl_(kamisimo_90) urusei_yatsura lum mecha,机甲/军事题材 · 科幻/机甲 · 军事/枪械 · 漫画分镜 · 姿势/动态,https://danbooru.donmai.us/artists/1595966
522212,ame.,722,200,全年龄向,0.0,综合向插画师,同人为主,女性主体,兽耳/亚人/自然/风景,单色/灰度/线稿/速写,单人立绘,hololive|blue_archive|kamiina_botan_yoeru_sugata_wa_yuri_no_hana,usada_pekora kamiina_botan_yoeru_sugata_wa_yuri_no_hana hololive rabbit-shaped_pupils usada_pekora_(casual) pekomon_(usada_pekora) tonami_ibuki carrot_hair_ornament,综合向插画师 · 兽耳/亚人 · 自然/风景 · 单色/灰度 · 单人立绘,https://danbooru.donmai.us/artists/522212
1278448,kaetzchen,722,200,轻度色气,0.15,原创角色设计师,原创为主,女性主体,泳装/内衣/裸体/暴露,,姿势/动态,blue_archive|epic_seven|chaos_zero_nightmare,liliya_(kaetzchen) misaki_(kaetzchen) epic_seven mole_on_breast bae_minah_(chaesu) blue_archive sanyu_(ry_thae) artist_name,原创角色设计师 · 泳装/内衣 · 裸体/暴露 · 姿势/动态 · 原创为主,https://danbooru.donmai.us/artists/1278448
1270214,mefomefo,722,200,全年龄向,0.0,综合向插画师,同人为主,群像/多人,和风/兽耳/亚人,线稿/速写/漫画分镜,表情/表演,touhou|hololive|granblue_fantasy,touhou komeiji_satori disembodied_linked_eye mexican_dress spanish_text mexico mexican_clothes numbered,综合向插画师 · 和风 · 兽耳/亚人 · 线稿/速写 · 表情/表演,https://danbooru.donmai.us/artists/1270214
589036,mikoyan,722,200,情色向,0.32,机甲/军事题材,原创/同人混合,群像/多人,体型特征/军事/枪械,漫画分镜/线稿/速写,姿势/动态,mushoku_tensei|fate_(series)|hataraku_saibou,muscular_female futanari ghislaine_dedoldia muscular hataraku_saibou_black hataraku_saibou white_blood_cell_captain_(hataraku_saibou) mushoku_tensei,情色向 · 机甲/军事题材 · 体型特征 · 军事/枪械 · 漫画分镜 · 姿势/动态,https://danbooru.donmai.us/artists/589036
2004328,suo_bu_ye_feng,721,200,全年龄向,0.0,同人角色专精,同人为主,群像/多人,体型特征/手足/局部,,俯视/仰视,azur_lane|date_a_live|azur_promilia,azur_lane huge_breasts hakuhou_(azur_lane) shinano_(azur_lane) no_nipples alsace_(azur_lane) hakuhou_(floral_ninja_roleplay)_(azur_lane) date_a_live,同人角色专精 · 体型特征 · 手足/局部 · 俯视/仰视 · 同人为主,https://danbooru.donmai.us/artists/2004328
796236,less,722,200,轻度色气,0.05,原创角色设计师,原创为主,群像/多人,军事/枪械/兽耳/亚人,单色/灰度/线稿/速写,漫画/多格,monster_girl_encyclopedia|bobanon|egyptian_mythology,aiko_(less) akai_(less) haohi_(less) monster_girl_encyclopedia bobanon black_sclera zuri_(less) colored_sclera,原创角色设计师 · 军事/枪械 · 兽耳/亚人 · 单色/灰度 · 漫画/多格,https://danbooru.donmai.us/artists/796236
1794923,possummachine,721,200,轻度色气,0.29,原创角色设计师,原创为主,男性主体,裸体/暴露/兽耳/亚人,单色/灰度/漫画分镜,姿势/动态,indie_virtual_youtuber|kobayashi-san_chi_no_maidragon|trickcal,possi_(possummachine) loli clitoral_suction_vibrator fanbox_username cropped_head emoji web_address kumo_kuddelmuddel,原创角色设计师 · 裸体/暴露 · 兽耳/亚人 · 单色/灰度 · 姿势/动态,https://danbooru.donmai.us/artists/1794923
549897,harimoji,720,200,全年龄向,0.005,综合向插画师,同人为主,女性主体,泳装/内衣/自然/风景,,差分/变体,genshin_impact|honkai:_star_rail|honkai_(series),genshin_impact honkai:_star_rail honkai_(series) eula_(genshin_impact) vision_(genshin_impact) march_7th_(honkai:_star_rail) furina_(genshin_impact) yelan_(genshin_impact),综合向插画师 · 泳装/内衣 · 自然/风景 · 差分/变体 · 同人为主,https://danbooru.donmai.us/artists/549897
1432409,umishima_senbon,720,200,全年龄向,0.0,日常/治愈系,原创为主,非人物/静物,日常/治愈/自然/风景,单色/灰度/漫画分镜,场景插画,neko_no_te_-cat_maids-|fate/grand_order|fate_(series),signature slice_of_life crochet_(neko_no_te) neko_no_te_-cat_maids- absurdly_detailed_composition loaded_interior plant wide_shot,日常/治愈系 · 日常/治愈 · 自然/风景 · 单色/灰度 · 场景插画,https://danbooru.donmai.us/artists/1432409
1364389,kumiko_shiba,720,200,轻度色气,0.225,综合向插画师,同人为主,群像/多人,裸体/暴露/体型特征,,俯视/仰视,league_of_legends|hololive|fate_(series),league_of_legends syndra_(league) medusa_(rider)_(fate) medusa_(fate) hololive qiyana_(league) nasus_(league) aki_rosenthal,综合向插画师 · 裸体/暴露 · 体型特征 · 俯视/仰视 · 同人为主,https://danbooru.donmai.us/artists/1364389
650179,futatsuki_hisame,720,200,轻度色气,0.21,漫画/剧情向,同人为主,群像/多人,裸体/暴露/军事/枪械,漫画分镜/单色/灰度,漫画/多格,kantai_collection|touhou|pokemon,myuri_stellareko_(futatsuki_hisame) kantai_collection multiple_4koma makigumo_(kancolle) asashimo_(kancolle) kiyoshimo_(kancolle) hayashimo_(kancolle) akigumo_(kancolle),漫画/剧情向 · 裸体/暴露 · 军事/枪械 · 漫画分镜 · 漫画/多格,https://danbooru.donmai.us/artists/650179
471271,kuro_suto_sukii,720,200,全年龄向,0.015,传统手绘媒介,同人为主,群像/多人,手足/局部/兽耳/亚人,单色/灰度/线稿/速写,姿势/动态,touhou|kantai_collection|manga_de_wakaru_shinryou_naika,limited_palette touhou sketch toe_scrunch wriggle_nightbug feet toes soles,传统手绘媒介 · 手足/局部 · 兽耳/亚人 · 单色/灰度 · 姿势/动态,https://danbooru.donmai.us/artists/471271
1308465,karutamo,720,200,情色向,0.375,原创角色设计师,原创为主,女性主体,裸体/暴露/校园,漫画分镜,姿势/动态,comiket_106|onsen_musume|yubinotacto,inoue_yurina rakugaki-chan tisshu_(karutamo) kurihara_azuki bob_cut chimari_(karutamo) nipples bar_censor,情色向 · 原创角色设计师 · 裸体/暴露 · 校园 · 漫画分镜 · 姿势/动态,https://danbooru.donmai.us/artists/1308465
1780098,asanagi_shion,720,200,硬核R18,0.795,R18情色向画师,同人为主,男性主体,体型特征/裸体/暴露,单色/灰度/漫画分镜,单人立绘,azur_lane|senran_kagura|blue_archive,paizuri breasts_squeezed_together large_areolae huge_breasts senran_kagura ejaculation hetero nipples,硬核R18 · R18情色向画师 · 体型特征 · 裸体/暴露 · 单色/灰度 · 单人立绘,https://danbooru.donmai.us/artists/1780098
1721855,azumi_(myameco),719,200,全年龄向,0.005,日常/治愈系,同人为主,双人/CP,恋爱/情感/泳装/内衣,漫画分镜,漫画/多格,fate/grand_order|fate_(series),ereshkigal_(fate) fujimaru_ritsuka_(male) ereshkigal_(swimsuit_beast)_(fate) fujimaru_ritsuka_(male)_(summer_street) fate/grand_order fate_(series) command_spell ishtar_(fate),日常/治愈系 · 恋爱/情感 · 泳装/内衣 · 漫画分镜 · 漫画/多格,https://danbooru.donmai.us/artists/1721855
397990,sazanami_mio,719,200,全年龄向,0.0,同人角色专精,同人为主,群像/多人,和风/配饰/首饰,单色/灰度/漫画分镜,漫画/多格,touhou|umamusume|touhou_(pc-98),konpaku_youmu konpaku_youmu_(ghost) touhou hitodama green_vest kirisame_marisa hakurei_shrine saigyouji_yuyuko,同人角色专精 · 和风 · 配饰/首饰 · 单色/灰度 · 漫画/多格,https://danbooru.donmai.us/artists/397990
1237875,orizen,719,200,情色向,0.08,原创角色设计师,原创/同人混合,群像/多人,体型特征/手足/局部,漫画分镜,俯视/仰视,real_drive|pokemon|pokemon_go,thick_arms tareme fat thick_thighs real_drive kurowa-san_(orizen) plump itou_yukino,情色向 · 原创角色设计师 · 体型特征 · 手足/局部 · 漫画分镜 · 俯视/仰视,https://danbooru.donmai.us/artists/1237875
1452150,beijuu,718,200,轻度色气,0.18,综合向插画师,原创/同人混合,女性主体,裸体/暴露/神话/宗教,单色/灰度/漫画分镜,俯视/仰视,blue_archive|girls'_frontline|arknights,beni-chan_(beijuu) tokarev_(girls'_frontline) girls'_frontline blue_archive mutsuki_(blue_archive) twitter_username t65_(girls'_frontline) arknights:_endfield,综合向插画师 · 裸体/暴露 · 神话/宗教 · 单色/灰度 · 俯视/仰视,https://danbooru.donmai.us/artists/1452150
1465710,fukahire_(ruinon),717,200,全年龄向,0.0,日常/治愈系,同人为主,男性主体,兽耳/亚人/自然/风景,,设定/图解,hololive|hayasaki_no_kuroyuri|vocaloid,hayasaki_no_kuroyuri inugami_korone sasamori_hana oomiya_ituki hololive hoso-inu bone_hair_ornament dog_girl,日常/治愈系 · 兽耳/亚人 · 自然/风景 · 设定/图解 · 同人为主,https://danbooru.donmai.us/artists/1465710
1227391,kenshin187,718,200,硬核R18,0.77,R18情色向画师,原创/同人混合,双人/CP,裸体/暴露/体型特征,线稿/速写/素描/炭笔,姿势/动态,final_fantasy|final_fantasy_xiv|fire_emblem,warrior_of_light_(ff14) final_fantasy_xiv uncensored final_fantasy penis long_labia sex au_ra,硬核R18 · R18情色向画师 · 裸体/暴露 · 体型特征 · 线稿/速写 · 姿势/动态,https://danbooru.donmai.us/artists/1227391
2075207,flasher_(flasher_ura),718,200,硬核R18,0.885,R18情色向画师,同人为主,男性主体,裸体/暴露/神话/宗教,漫画分镜/特效/后期,姿势/动态,blue_archive,ibuki_(blue_archive) loli blue_archive yellow_halo kei_(student)_(blue_archive) kei_(blue_archive) rectangular_halo black_tail,硬核R18 · R18情色向画师 · 裸体/暴露 · 神话/宗教 · 漫画分镜 · 姿势/动态,https://danbooru.donmai.us/artists/2075207
1320735,kamiyoshi_rika,716,200,全年龄向,0.0,兽耳/亚人专精,原创为主,男性主体,兽耳/亚人/和风,漫画分镜/单色/灰度,漫画/多格,kantai_collection|blue_archive|nijisanji,fuwafuwa-chan_(kamiyoshi_rika) okitsune-sama_(kamiyoshi_rika) fox_girl fox_tail fox_ears sarasara-chan_(kamiyoshi_rika) pink_hakama kantai_collection,兽耳/亚人专精 · 兽耳/亚人 · 和风 · 漫画分镜 · 漫画/多格,https://danbooru.donmai.us/artists/1320735
1607879,ri-net,717,200,情色向,0.055,原创角色设计师,原创为主,群像/多人,校园/泳装/内衣,,漫画/多格,blue_archive|misskey.io|live2d_inc.,blonde_dog_girl_(ri-net) character_watermark loli plaid_bow twitter_username plaid_skirt over-kneehighs bow_panties,情色向 · 原创角色设计师 · 校园 · 泳装/内衣 · 漫画/多格 · 原创为主,https://danbooru.donmai.us/artists/1607879
501795,mashima_hiro,716,200,全年龄向,0.0,综合向插画师,同人为主,男性主体,体型特征/军事/枪械,赛璐璐/平涂/漫画分镜,单人立绘,fairy_tail|gate_of_nightmares|eden's_zero,gate_of_nightmares fairy_tail eden's_zero lucy_heartfilia jellal_fernandes wendy_marvell erza_scarlet transparent_background,综合向插画师 · 体型特征 · 军事/枪械 · 赛璐璐/平涂 · 单人立绘,https://danbooru.donmai.us/artists/501795
1415721,redjet,715,200,情色向,0.045,兽耳/亚人专精,同人为主,女性主体,兽人/furry/体型特征,漫画分镜,差分/变体,pokemon|boku_no_hero_academia|one-punch_man,patreon_username web_address harem_outfit breast_curtains dancer ancient_egyptian_clothes pokemon gold_armlet,情色向 · 兽耳/亚人专精 · 兽人/furry · 体型特征 · 漫画分镜 · 差分/变体,https://danbooru.donmai.us/artists/1415721
381965,takaharu,715,200,情色向,0.46,日常/治愈系,原创为主,女性主体,体型特征/裸体/暴露,特效/后期/漫画分镜,姿势/动态,azur_lane|blue_archive|comiket_106,mia_(takaharu) mole_on_breast mole_on_thigh azur_lane paizuri huge_breasts paizuri_under_clothes mole_under_mouth,情色向 · 日常/治愈系 · 体型特征 · 裸体/暴露 · 特效/后期 · 姿势/动态,https://danbooru.donmai.us/artists/381965
1251270,akchu,715,200,硬核R18,0.53,R18情色向画师,原创/同人混合,双人/CP,裸体/暴露/体型特征,漫画分镜,姿势/动态,genshin_impact|zenless_zone_zero|blue_archive,chobi_(akchu) hina_(akchu) genshin_impact mosaic_censoring penis hetero sex mmf_threesome,硬核R18 · R18情色向画师 · 裸体/暴露 · 体型特征 · 漫画分镜 · 姿势/动态,https://danbooru.donmai.us/artists/1251270
566300,amezawa_koma,715,200,全年龄向,0.01,传统手绘媒介,同人为主,非人物/静物,兽人/furry/恋爱/情感,单色/灰度/线稿/速写,漫画/多格,idolmaster|idolmaster_cinderella_girls|splatoon_(series),inkling_girl inkling_player_character inkling splatoon_(series) tentacle_hair idolmaster_cinderella_girls idolmaster splattershot_jr._(splatoon),传统手绘媒介 · 兽人/furry · 恋爱/情感 · 单色/灰度 · 漫画/多格,https://danbooru.donmai.us/artists/566300
680659,yomosaka,714,200,全年龄向,0.07,百合专精,同人为主,非人物/静物,兽耳/亚人/百合/GL,单色/灰度/漫画分镜,差分/变体,hololive|hololive_english|hololive_indonesia,nerissa_ravencroft shiori_novella uneven_horns hololive_english asymmetrical_horns hololive split-color_hair horn_flower,百合专精 · 兽耳/亚人 · 百合/GL · 单色/灰度 · 差分/变体,https://danbooru.donmai.us/artists/680659
508101,rindou_(radical_dream),714,200,硬核R18,0.815,R18情色向画师,原创/同人混合,群像/多人,恐怖/猎奇/神话/宗教,,姿势/动态,nengoku_no_liese|kouyoku_senki_exs-tia|matai_toshi,nengoku_no_liese liese_heldebrand matai_toshi rieszverne_suzette_paladill kouyoku_senki_exs-tia grabbed_by_tentacles slime_(substance) latex,硬核R18 · R18情色向画师 · 恐怖/猎奇 · 神话/宗教 · 姿势/动态 · 原创/同人混合,https://danbooru.donmai.us/artists/508101
879600,mikkoukun,714,200,硬核R18,0.945,BL/腐向专精,同人为主,男性主体,BL/腐向/裸体/暴露,,俯视/仰视,bacchikoi!|camp_buddy|camp_buddy:_scoutmaster_season,bacchikoi! camp_buddy kanada_toshu camp_buddy:_scoutmaster_season nagira_yoshinori yaoi bara nakahara_masaru,硬核R18 · BL/腐向专精 · BL/腐向 · 裸体/暴露 · 俯视/仰视 · 同人为主,https://danbooru.donmai.us/artists/879600
1259332,nanao_(mahaya),715,200,硬核R18,0.78,奇幻/魔法题材,同人为主,女性主体,裸体/暴露/奇幻/魔法,,姿势/动态,ochite_iku_seisenshi_lunatic_angels,ochite_iku_seisenshi_lunatic_angels shindo_kuriko shindou_yuki_(lunatic_angels) shindou_shizuka_(lunatic_angels) shindou_makina lunaris_(lunaric_angels) lunatic_knight lunatic_ninja,硬核R18 · 奇幻/魔法题材 · 裸体/暴露 · 奇幻/魔法 · 姿势/动态 · 同人为主,https://danbooru.donmai.us/artists/1259332
1363828,lunacle,714,200,轻度色气,0.27,综合向插画师,同人为主,男性主体,裸体/暴露/泳装/内衣,,差分/变体,honkai:_star_rail|honkai_(series)|genshin_impact,honkai:_star_rail honkai_(series) firefly_(honkai:_star_rail) hyacine_(honkai:_star_rail) wuthering_waves blue_pupils stellive grabbing_another's_armpit,综合向插画师 · 裸体/暴露 · 泳装/内衣 · 差分/变体 · 同人为主,https://danbooru.donmai.us/artists/1363828
656200,suurin_(ksyaro),714,200,全年龄向,0.005,兽耳/亚人专精,原创为主,女性主体,体型特征/兽人/furry,,姿势/动态,indie_virtual_youtuber|zenless_zone_zero|tsukihime,furry_female snout furry animal_nose white_fur two-tone_fur body_fur thick_thighs,兽耳/亚人专精 · 体型特征 · 兽人/furry · 姿势/动态 · 原创为主,https://danbooru.donmai.us/artists/656200
2487694,konosuba!_fantastic_days_art_team,714,200,全年龄向,0.0,日常/治愈系,同人为主,男性主体,都市/街景/自然/风景,特效/后期,场景插画,kono_subarashii_sekai_ni_shukufuku_wo!|konosuba!_fantastic_days,konosuba!_fantastic_days kono_subarashii_sekai_ni_shukufuku_wo! satou_kazuma iris_(konosuba) miia_(konosuba) dust_(konosuba) green_cape komekko,日常/治愈系 · 都市/街景 · 自然/风景 · 特效/后期 · 场景插画,https://danbooru.donmai.us/artists/2487694
505761,kagome_(traumatize),713,200,情色向,0.45,同人角色专精,同人为主,群像/多人,裸体/暴露/自然/风景,抽象/几何/特效/后期,俯视/仰视,subarashiki_hibi|amazon_(company),subarashiki_hibi kita_high_school_uniform_(subarashiki_hibi) mamiya_takuji mamiya_hasaki wakatsuki_kagami takashima_zakuro print_capelet crown_print,情色向 · 同人角色专精 · 裸体/暴露 · 自然/风景 · 抽象/几何 · 俯视/仰视,https://danbooru.donmai.us/artists/505761
633812,hiememiko,713,200,情色向,0.355,百合专精,原创为主,男性主体,军事/枪械/神话/宗教,漫画分镜,漫画/多格,blue_archive|kantai_collection|idolmaster,hie_(hiememiko) murakumo_(kancolle) latex alex_(mollyyo) gagged strap-on gag blue_archive,情色向 · 百合专精 · 军事/枪械 · 神话/宗教 · 漫画分镜 · 漫画/多格,https://danbooru.donmai.us/artists/633812
1433847,luke_(dydansgur),714,200,轻度色气,0.005,综合向插画师,同人为主,群像/多人,神话/宗教/校园,单色/灰度/漫画分镜,姿势/动态,blue_archive|indie_virtual_youtuber|bural_chingu,tamura_mikan yoshimi_(blue_archive) blue_archive bural_chingu halo airi_(blue_archive) natsu_(blue_archive) indie_virtual_youtuber,综合向插画师 · 神话/宗教 · 校园 · 单色/灰度 · 姿势/动态,https://danbooru.donmai.us/artists/1433847
2366833,azuma_meri,713,200,全年龄向,0.0,同人角色专精,同人为主,群像/多人,兽耳/亚人/和风,单色/灰度/漫画分镜,单人立绘,touhou|chromashift|touhou_(pc-98),fumo_(doll) touhou poko_rakun_(1st_costume) cirno chibi_only hakurei_reimu poko_rakun chromashift,同人角色专精 · 兽耳/亚人 · 和风 · 单色/灰度 · 单人立绘,https://danbooru.donmai.us/artists/2366833
628178,oso_(toolate),713,200,全年龄向,0.0,综合向插画师,同人为主,群像/多人,泳装/内衣/军事/枪械,单色/灰度/线稿/速写,单人立绘,kantai_collection|futaba_channel|nijiura_maids,abyssal_ship kantai_collection aircraft_carrier_princess nijiura_maids futaba_channel grey_skin colored_skin twitter_username,综合向插画师 · 泳装/内衣 · 军事/枪械 · 单色/灰度 · 单人立绘,https://danbooru.donmai.us/artists/628178
1646717,zen33n,713,200,硬核R18,0.85,R18情色向画师,同人为主,女性主体,裸体/暴露/手足/局部,光影/氛围,姿势/动态,genshin_impact|azur_lane|princess_connect!,patreon_username web_address gumroad_username mosaic_censoring penis vaginal sex hetero,硬核R18 · R18情色向画师 · 裸体/暴露 · 手足/局部 · 光影/氛围 · 姿势/动态,https://danbooru.donmai.us/artists/1646717
566859,asakuraf,712,200,硬核R18,0.87,R18情色向画师,同人为主,双人/CP,裸体/暴露/手足/局部,,姿势/动态,idolmaster|idolmaster_cinderella_girls|granblue_fantasy,loli andira_(granblue_fantasy) wamdus_(granblue_fantasy) granblue_fantasy idolmaster_cinderella_girls monkey_girl harvin monkey_ears,硬核R18 · R18情色向画师 · 裸体/暴露 · 手足/局部 · 姿势/动态 · 同人为主,https://danbooru.donmai.us/artists/566859
437638,a-ka,712,200,全年龄向,0.0,同人角色专精,同人为主,男性主体,配饰/首饰/泳装/内衣,线稿/速写/漫画分镜,肖像/半身,hololive|unnatural_(series)|suzumiya_haruhi_no_yuuutsu,houshou_marine hololive houshou_marine_(1st_costume) virtual_youtuber unnatural_(series) houshou_marine_(ahoy!!_you're_all_pirates) houshou_kumarine heterochromia,同人角色专精 · 配饰/首饰 · 泳装/内衣 · 线稿/速写 · 肖像/半身,https://danbooru.donmai.us/artists/437638
1328706,guweiz,711,200,全年龄向,0.0,原创角色设计师,原创为主,群像/多人,科幻/机甲/战斗/动作,特效/后期/漫画分镜,场景插画,aether_gazer|m&m's|mcdonald's,yin_(guweiz) irena_(guweiz) glowing_earrings neon_lights cigarette holding_cigarette depth_of_field rain,原创角色设计师 · 科幻/机甲 · 战斗/动作 · 特效/后期 · 场景插画,https://danbooru.donmai.us/artists/1328706
1611125,butterchalk,712,200,硬核R18,0.84,R18情色向画师,同人为主,男性主体,裸体/暴露/兽人/furry,线稿/速写/素描/炭笔,姿势/动态,berserk|pokemon|re:zero_kara_hajimeru_isekai_seikatsu,animal_penis isma prepuce uncensored berserk horse_penis loli bestiality,硬核R18 · R18情色向画师 · 裸体/暴露 · 兽人/furry · 线稿/速写 · 姿势/动态,https://danbooru.donmai.us/artists/1611125
1644033,naokomama,711,200,情色向,0.25,综合向插画师,同人为主,男性主体,裸体/暴露/泳装/内衣,单色/灰度/漫画分镜,漫画/多格,hololive|hololive_english|phase_connect,gigi_murin hololive_english hololive virtual_youtuber shiori_novella naoko_kirishima gigi_murin_(1st_costume) grem_(gigi_murin),情色向 · 综合向插画师 · 裸体/暴露 · 泳装/内衣 · 单色/灰度 · 漫画/多格,https://danbooru.donmai.us/artists/1644033
1536919,krekkov,711,200,情色向,0.225,单色线稿派,原创/同人混合,男性主体,体型特征/BL/腐向,单色/灰度/线稿/速写,表情/表演,helltaker|monster_hunter_(series)|for_honor,krekkball for_honor helltaker steaming_body gigantic_breasts olivia_(izzetlightning1) muscular_female trap,情色向 · 单色线稿派 · 体型特征 · BL/腐向 · 单色/灰度 · 表情/表演,https://danbooru.donmai.us/artists/1536919
1399985,sorani_(kaeru0768),711,200,全年龄向,0.0,综合向插画师,同人为主,群像/多人,兽耳/亚人/日常/治愈,漫画分镜,肖像/半身,touhou|genshin_impact|blue_archive,flandre_scarlet touhou komeiji_koishi mob_cap crystal_wings nahida_(genshin_impact) yellow_ascot genshin_impact,综合向插画师 · 兽耳/亚人 · 日常/治愈 · 漫画分镜 · 肖像/半身,https://danbooru.donmai.us/artists/1399985
1868303,matsumoto_tomoyohi,711,200,全年龄向,0.0,原创角色设计师,原创为主,群像/多人,体型特征/军事/枪械,漫画分镜,肖像/半身,zenless_zone_zero|final_fantasy|final_fantasy_xiv,sapphira_nyx zenless_zone_zero warrior_of_light_(ff14) final_fantasy_xiv toned_female au_ra abs dotted_background,原创角色设计师 · 体型特征 · 军事/枪械 · 漫画分镜 · 肖像/半身,https://danbooru.donmai.us/artists/1868303
377347,saigado,711,200,情色向,0.375,原创角色设计师,原创为主,男性主体,裸体/暴露/BL/腐向,漫画分镜/拼贴/混合,姿势/动态,fatal_fury|the_king_of_fighters|snk,female_pubic_hair pubic_hair nipples trap heavy_breathing twitter_username character_age completely_nude,情色向 · 原创角色设计师 · 裸体/暴露 · BL/腐向 · 漫画分镜 · 姿势/动态,https://danbooru.donmai.us/artists/377347
1231846,yukichi_(eikichi),711,200,全年龄向,0.0,综合向插画师,同人为主,群像/多人,校园/自然/风景,单色/灰度/漫画分镜,漫画/多格,kantai_collection|umamusume|hololive,shigure_(kancolle) kantai_collection shigure_kai_ni_(kancolle) hair_flaps shigure_kai_san_(kancolle) yamashiro_(kancolle) black_serafuku shiratsuyu_(kancolle),综合向插画师 · 校园 · 自然/风景 · 单色/灰度 · 漫画/多格,https://danbooru.donmai.us/artists/1231846
500839,kuroi_mimei,710,200,全年龄向,0.0,综合向插画师,同人为主,双人/CP,神话/宗教/科幻/机甲,漫画分镜/特效/后期,肖像/半身,blue_archive|star_ocean|star_ocean:_the_second_story,iseria_queen star_ocean:_the_second_story star_ocean ef_(visual_novel) lyrical_nanoha dated signature halo,综合向插画师 · 神话/宗教 · 科幻/机甲 · 漫画分镜 · 肖像/半身,https://danbooru.donmai.us/artists/500839
543149,hatsunatsu,710,200,全年龄向,0.0,综合向插画师,原创/同人混合,女性主体,神话/宗教/泳装/内衣,,差分/变体,blue_archive|indie_virtual_youtuber|you_can_eat_the_girl,shigure_ui_(vtuber) kei_(blue_archive) shigure_ui_(1st_costume)_(vtuber) kei_(student)_(blue_archive) xiaoyuan_(you_can_eat_the_girl) you_can_eat_the_girl rectangular_halo indie_virtual_youtuber,综合向插画师 · 神话/宗教 · 泳装/内衣 · 差分/变体 · 原创/同人混合,https://danbooru.donmai.us/artists/543149
1423458,mochizuki_kei,710,200,全年龄向,0.0,综合向插画师,同人为主,男性主体,BL/腐向/音乐/偶像,单色/灰度/拼贴/混合,单人立绘,fate/grand_order|fate_(series)|vocaloid,baobhan_sith_(fate) fate/grand_order fate_(series) baobhan_sith_(first_ascension)_(fate) cernunnos_(fate) racing_miku_(2025) gridman_universe_(movie) platform_heels,综合向插画师 · BL/腐向 · 音乐/偶像 · 单色/灰度 · 单人立绘,https://danbooru.donmai.us/artists/1423458
437458,cura,710,200,情色向,0.31,综合向插画师,同人为主,群像/多人,裸体/暴露/体型特征,漫画分镜/单色/灰度,俯视/仰视,maitetsu|monobeno|ayakashi_kyoushuutan,maitetsu monobeno hachiroku_(maitetsu) ayakashi_kyoushuutan sumi_(monobeno) migita_hibiki gothic_delusion sawai_natsuha,情色向 · 综合向插画师 · 裸体/暴露 · 体型特征 · 漫画分镜 · 俯视/仰视,https://danbooru.donmai.us/artists/437458
1425548,nakamura_regura,710,200,硬核R18,0.55,BL/腐向专精,原创为主,男性主体,BL/腐向/裸体/暴露,单色/灰度/漫画分镜,姿势/动态,fate_(series)|fate/grand_order|zenless_zone_zero,onee-shota shota age_difference fate/grand_order fate_(series) sex mature_female huge_breasts,硬核R18 · BL/腐向专精 · BL/腐向 · 裸体/暴露 · 单色/灰度 · 姿势/动态,https://danbooru.donmai.us/artists/1425548
445463,fathom,709,200,全年龄向,0.0,同人角色专精,同人为主,女性主体,校园/泳装/内衣,,差分/变体,kantai_collection|meitantei_precure!|precure,hibiki_(kancolle) kantai_collection verniy_(kancolle) yamakaze_(kancolle) black_sailor_collar yamakaze_kai_ni_(kancolle) anchor_symbol shimakaze_(kancolle),同人角色专精 · 校园 · 泳装/内衣 · 差分/变体 · 同人为主,https://danbooru.donmai.us/artists/445463
1350469,846-gou,710,200,硬核R18,0.625,R18情色向画师,同人为主,男性主体,裸体/暴露/手足/局部,漫画分镜/单色/灰度,姿势/动态,fate_(series)|fate/grand_order|fate/extra,fate/grand_order fate_(series) saint_quartz_(fate) novelty_censor fujimaru_ritsuka_(male) female_pubic_hair pubic_hair anus,硬核R18 · R18情色向画师 · 裸体/暴露 · 手足/局部 · 漫画分镜 · 姿势/动态,https://danbooru.donmai.us/artists/1350469
2713295,spindlesong,709,200,轻度色气,0.105,百合专精,原创为主,双人/CP,奇幻/魔法/裸体/暴露,特效/后期/漫画分镜,肖像/半身,fire_emblem|dungeon_meshi|fire_emblem_fates,ottilie_(spindlesong) asimov_(spindlesong) spindle_(spindlesong) felt_(spindlesong) izaria_(spindlesong) kitt_(spindlesong) elf tether_(spindlesong),百合专精 · 奇幻/魔法 · 裸体/暴露 · 特效/后期 · 肖像/半身,https://danbooru.donmai.us/artists/2713295
1291610,akitetsu,708,200,全年龄向,0.0,同人角色专精,同人为主,男性主体,体型特征/泳装/内衣,赛璐璐/平涂,姿势/动态,nijisanji|nanashi_inc.|monster_hunter_(series),matsukai_mao matsukai_mao_(1st_costume) nijisanji virtual_youtuber panty_straps transparent_background flat_chest dark-skinned_female,同人角色专精 · 体型特征 · 泳装/内衣 · 赛璐璐/平涂 · 姿势/动态,https://danbooru.donmai.us/artists/1291610
672864,twrlare,707,200,轻度色气,0.08,原创角色设计师,原创为主,女性主体,体型特征/泳装/内衣,单色/灰度/线稿/速写,肖像/半身,kobayashi-san_chi_no_maidragon|bleach|katawa_shoujo,saya_(twrlare) gigantic_breasts huge_breasts ayako_(twrlare) francesca_(twrlare) lips wide_hips millie_(twrlare),原创角色设计师 · 体型特征 · 泳装/内衣 · 单色/灰度 · 肖像/半身,https://danbooru.donmai.us/artists/672864
1521123,pottsness,707,200,轻度色气,0.23,同人角色专精,同人为主,双人/CP,裸体/暴露/泳装/内衣,线稿/速写/单色/灰度,设定/图解,genshin_impact|zenless_zone_zero|azur_lane,lumine_(genshin_impact) aegyo_sal genshin_impact tartaglia_(genshin_impact) skirk_(genshin_impact) short_hair_with_long_locks feather_hair_ornament artist_logo,同人角色专精 · 裸体/暴露 · 泳装/内衣 · 线稿/速写 · 设定/图解,https://danbooru.donmai.us/artists/1521123
498390,darkmaya,707,200,情色向,0.415,奇幻/魔法题材,原创/同人混合,群像/多人,奇幻/魔法/裸体/暴露,漫画分镜/单色/灰度,漫画/多格,hololive|hololive_english|blue_archive,orc pekomama hololive usami_saya_(darkmaya) impa hyrule_warriors:_age_of_calamity bald ouro_kronii,情色向 · 奇幻/魔法题材 · 奇幻/魔法 · 裸体/暴露 · 漫画分镜 · 漫画/多格,https://danbooru.donmai.us/artists/498390
1589746,shnva,707,200,全年龄向,0.0,日常/治愈系,同人为主,群像/多人,和风/自然/风景,单色/灰度/漫画分镜,漫画/多格,touhou|azur_lane|strange_creators_of_outer_world,touhou hakurei_reimu usami_sumireko strange_creators_of_outer_world yakumo_yukari lung_wu_(azur_lane) hakurei_shrine hu_pen_(azur_lane),日常/治愈系 · 和风 · 自然/风景 · 单色/灰度 · 漫画/多格,https://danbooru.donmai.us/artists/1589746
1402283,totokichi,707,200,情色向,0.25,综合向插画师,同人为主,群像/多人,裸体/暴露/兽耳/亚人,单色/灰度/特效/后期,姿势/动态,kemono_friends|tokyo_7th_sisters|idolmaster,kemono_friends tokyo_7th_sisters uesugi_u._kyouko suri_alpaca_(kemono_friends) alpaca_ears grey_wolf_(kemono_friends) silver_fox_(kemono_friends) alpaca_tail,情色向 · 综合向插画师 · 裸体/暴露 · 兽耳/亚人 · 单色/灰度 · 姿势/动态,https://danbooru.donmai.us/artists/1402283
412901,genzoman,707,200,全年龄向,0.0,机甲/军事题材,同人为主,群像/多人,军事/枪械/兽人/furry,单色/灰度,姿势/动态,pokemon|street_fighter|the_legend_of_zelda,poke_ball_(basic) holding_poke_ball poke_ball pokemon street_fighter castlevania_(series) hatching_(texture) castlevania:_portrait_of_ruin,机甲/军事题材 · 军事/枪械 · 兽人/furry · 单色/灰度 · 姿势/动态,https://danbooru.donmai.us/artists/412901
1534342,mochirong,706,200,情色向,0.385,综合向插画师,同人为主,女性主体,裸体/暴露/体型特征,特效/后期/单色/灰度,姿势/动态,blue_archive|goddess_of_victory:_nikke|zenless_zone_zero,goddess_of_victory:_nikke zenless_zone_zero brown_dust_2 brown_dust_(series) blue_archive ring_light_reflection huge_breasts moyaji_(vtuber),情色向 · 综合向插画师 · 裸体/暴露 · 体型特征 · 特效/后期 · 姿势/动态,https://danbooru.donmai.us/artists/1534342
384128,azumi_kazuki,706,200,全年龄向,0.0,像素/复古画师,原创为主,群像/多人,神话/宗教/兽耳/亚人,线稿/速写/漫画分镜,差分/变体,blue_archive|dengeki_moeoh|gekkan_uribou_zakka-ten,yume_kawaii ibuki_(blue_archive) blue_archive hoshino_(blue_archive) teddy_bear stuffed_animal puffy_long_sleeves halo,像素/复古画师 · 神话/宗教 · 兽耳/亚人 · 线稿/速写 · 差分/变体,https://danbooru.donmai.us/artists/384128
561382,swordsouls,706,200,全年龄向,0.0,日常/治愈系,同人为主,群像/多人,自然/风景/军事/枪械,特效/后期,俯视/仰视,fate_(series)|azur_lane|fate/grand_order,depth_of_field blurry_foreground petals hinata_kaho kagamihara_nadeshiko sakuranomiya_maika blurry blend_s,日常/治愈系 · 自然/风景 · 军事/枪械 · 特效/后期 · 俯视/仰视,https://danbooru.donmai.us/artists/561382
1901094,azatychan,705,200,硬核R18,0.89,R18情色向画师,同人为主,男性主体,手足/局部/裸体/暴露,漫画分镜,姿势/动态,fate_(series)|fate/grand_order|blue_archive,fate/grand_order fate_(series) abigail_williams_(fate) bar_censor loli biscione_(first_ascension)_(fate) melusine_(fate) penis,硬核R18 · R18情色向画师 · 手足/局部 · 裸体/暴露 · 漫画分镜 · 姿势/动态,https://danbooru.donmai.us/artists/1901094
468161,torimaru,705,200,情色向,0.125,综合向插画师,同人为主,男性主体,手足/局部/泳装/内衣,,肖像/半身,nijisanji|indie_virtual_youtuber|granblue_fantasy,crotch_focus crotch_seam lower_body close-up cameltoe bow_panties fallenshadow upskirt,情色向 · 综合向插画师 · 手足/局部 · 泳装/内衣 · 肖像/半身 · 同人为主,https://danbooru.donmai.us/artists/468161
1026081,cafekun,704,200,硬核R18,0.965,R18情色向画师,同人为主,男性主体,裸体/暴露/体型特征,特效/后期,姿势/动态,pokemon|dandadan|atelier_(series),paizuri large_areolae mosaic_censoring straddling_paizuri penis huge_breasts hetero nipples,硬核R18 · R18情色向画师 · 裸体/暴露 · 体型特征 · 特效/后期 · 姿势/动态,https://danbooru.donmai.us/artists/1026081
670933,anbe_yoshirou,704,200,全年龄向,0.0,综合向插画师,同人为主,男性主体,BL/腐向/军事/枪械,,单人立绘,romancing_saga_2|saga|fire_emblem,romancing_saga_2 saga copyright_notice fire_emblem_heroes multiple_expressions reference_sheet fire_emblem nerthuz_(new_year)_(fire_emblem),综合向插画师 · BL/腐向 · 军事/枪械 · 单人立绘 · 同人为主,https://danbooru.donmai.us/artists/670933
2024128,bae_(baebae),704,200,全年龄向,0.0,BL/腐向专精,同人为主,男性主体,BL/腐向/军事/枪械,单色/灰度/线稿/速写,肖像/半身,promare|devil_may_cry_(series)|devil_may_cry_3,promare lio_fotia devil_may_cry_3 devil_may_cry_(series) dante_(devil_may_cry) chi.:_chikyuu_no_undou_ni_tsuite galo_thymos badeni,BL/腐向专精 · BL/腐向 · 军事/枪械 · 单色/灰度 · 肖像/半身,https://danbooru.donmai.us/artists/2024128
1915055,nekoda_(maoda),702,200,轻度色气,0.02,综合向插画师,同人为主,女性主体,手足/局部/泳装/内衣,,俯视/仰视,genshin_impact|zenless_zone_zero|azur_lane,greek_toe foot_focus toenail_polish genshin_impact toenails soles presenting_own_foot feet,综合向插画师 · 手足/局部 · 泳装/内衣 · 俯视/仰视 · 同人为主,https://danbooru.donmai.us/artists/1915055
1344586,rui_shi_(rayze_ray),702,200,全年龄向,0.0,综合向插画师,同人为主,群像/多人,校园/角色扮演/异装,单色/灰度,肖像/半身,kantai_collection|umamusume|mahjong_soul,kantai_collection suzuya_(kancolle) ooi_(kancolle) ooi_kai_ni_(kancolle) umamusume kumano_(kancolle) silence_suzuka_(umamusume) wedding_ring,综合向插画师 · 校园 · 角色扮演/异装 · 单色/灰度 · 肖像/半身,https://danbooru.donmai.us/artists/1344586
1301858,aoki_shizumi,702,200,全年龄向,0.01,百合专精,同人为主,群像/多人,百合/GL/音乐/偶像,单色/灰度/线稿/速写,表情/表演,rock_wa_lady_no_tashinami_deshite|mahou_shoujo_ni_akogarete|kamiina_botan_yoeru_sugata_wa_yuri_no_hana,rock_wa_lady_no_tashinami_deshite shiraya_tamaki kurogane_otoha suzunomiya_lilisa d4dj thick_eyelashes mahou_shoujo_ni_akogarete kamiina_botan_yoeru_sugata_wa_yuri_no_hana,百合专精 · 百合/GL · 音乐/偶像 · 单色/灰度 · 表情/表演,https://danbooru.donmai.us/artists/1301858
1280817,deco_(geigeki_honey),702,200,全年龄向,0.0,单色线稿派,同人为主,群像/多人,军事/枪械/制服/职场,单色/灰度/漫画分镜,漫画/多格,kantai_collection|idolmaster|zombie_land_saga,yamamoto_keigo kantai_collection page_number admiral_(kancolle) kaga_(kancolle) akagi_(kancolle) military miyuki_(kancolle),单色线稿派 · 军事/枪械 · 制服/职场 · 单色/灰度 · 漫画/多格,https://danbooru.donmai.us/artists/1280817
607094,kokudou_juunigou,703,200,全年龄向,0.0,原创角色设计师,原创为主,群像/多人,军事/枪械/泳装/内衣,单色/灰度/线稿/速写,差分/变体,kantai_collection|memories_of_emanon|gundam,emanon_(character) memories_of_emanon kantai_collection samidare_(kancolle) rensouhou-chan shimakaze_(kancolle) dated oekaki,原创角色设计师 · 军事/枪械 · 泳装/内衣 · 单色/灰度 · 差分/变体,https://danbooru.donmai.us/artists/607094
1596118,xingzhi_lv,705,200,全年龄向,0.0,场景/背景插画师,原创为主,非人物/静物,自然/风景/科幻/机甲,,场景插画,coca-cola|kfc|starbucks,scenery artist_logo no_humans improvised_furniture logo vase shouji shelf,场景/背景插画师 · 自然/风景 · 科幻/机甲 · 场景插画 · 原创为主,https://danbooru.donmai.us/artists/1596118
710691,shepherd0821,701,200,全年龄向,0.0,单色线稿派,同人为主,群像/多人,兽人/furry/体型特征,单色/灰度/漫画分镜,漫画/多格,modern_mogal|japanese_urban_legends|wcdonald's,modern_mogal patreon_logo patreon_username limited_palette web_address digitigrade furry_female furry,单色线稿派 · 兽人/furry · 体型特征 · 单色/灰度 · 漫画/多格,https://danbooru.donmai.us/artists/710691
613174,haniwa_(leaf_garden),700,200,全年龄向,0.0,综合向插画师,同人为主,群像/多人,中式/兽耳/亚人,漫画分镜/单色/灰度,漫画/多格,touhou|nanashi_inc.|hololive,suou_patra nanashi_inc. side_up_bun suou_patra_(1st_costume) pink_streaks cone_hair_bun spiked_horns cropped_vest,综合向插画师 · 中式 · 兽耳/亚人 · 漫画分镜 · 漫画/多格,https://danbooru.donmai.us/artists/613174
1062282,takase_muh,699,200,情色向,0.41,奇幻/魔法题材,同人为主,群像/多人,裸体/暴露/恐怖/猎奇,,姿势/动态,monsters_raid|kantai_collection|umamusume,monsters_raid tina_ishtaris trisha_ishtaris gold_circlet rape kantai_collection elf circlet,情色向 · 奇幻/魔法题材 · 裸体/暴露 · 恐怖/猎奇 · 姿势/动态 · 同人为主,https://danbooru.donmai.us/artists/1062282
460829,akasaai,699,200,全年龄向,0.025,综合向插画师,同人为主,群像/多人,校园/泳装/内衣,单色/灰度,俯视/仰视,hololive|ninnindays|genshin_impact,houshou_marine ninnindays hololive houshou_marine_(1st_costume) virtual_youtuber sumire_(ninnindays) suzuran_(ninnindays) pirate_hat,综合向插画师 · 校园 · 泳装/内衣 · 单色/灰度 · 俯视/仰视,https://danbooru.donmai.us/artists/460829
159193,kikumaru_bunta,699,200,轻度色气,0.015,综合向插画师,同人为主,男性主体,科幻/机甲/和风,特效/后期/单色/灰度,俯视/仰视,monogatari_(series)|tengoku_daimakyou|nisemonogatari,monogatari_(series) kiruko_(tengoku_daimakyou) tengoku_daimakyou oshino_ougi araragi_tsukihi egg_hair_ornament signature fried_egg,综合向插画师 · 科幻/机甲 · 和风 · 特效/后期 · 俯视/仰视,https://danbooru.donmai.us/artists/159193
1990346,tsuranukko,698,200,情色向,0.185,R18情色向画师,同人为主,男性主体,裸体/暴露/体型特征,赛璐璐/平涂,俯视/仰视,boku_no_hero_academia|dandadan|zenless_zone_zero,bluesky_logo pixiv_logo fanbox_logo twitter_x_logo patreon_logo anime_coloring boku_no_hero_academia bluesky_username,情色向 · R18情色向画师 · 裸体/暴露 · 体型特征 · 赛璐璐/平涂 · 俯视/仰视,https://danbooru.donmai.us/artists/1990346
1477383,misaki_nonaka,699,200,全年龄向,0.005,综合向插画师,原创/同人混合,群像/多人,校园/日常/治愈,赛璐璐/平涂/特效/后期,肖像/半身,idolmaster|idolmaster_shiny_colors|indie_virtual_youtuber,aya_hiyama_(misaki_nonaka) asakura_toru idolmaster_shiny_colors hikaru_kamikuma_(misaki_nonaka) idolmaster chromashift virtual_youtuber twitter_username,综合向插画师 · 校园 · 日常/治愈 · 赛璐璐/平涂 · 肖像/半身,https://danbooru.donmai.us/artists/1477383
1298422,rouka_(akatyann),698,200,轻度色气,0.13,原创角色设计师,原创为主,群像/多人,体型特征/泳装/内衣,漫画分镜/单色/灰度,俯视/仰视,bocchi_the_rock!|make_heroine_ga_oo_sugiru!|ore_no_osananajimi_ga_dekkkkkaku_narisugita,tanezawa_nanami_(rouka) tanezawa_mamori_(rouka) bocchi_the_rock! gotoh_hitori huge_breasts mino_ririsa_(osadeka) ore_no_osananajimi_ga_dekkkkkaku_narisugita kita_ikuyo,原创角色设计师 · 体型特征 · 泳装/内衣 · 漫画分镜 · 俯视/仰视,https://danbooru.donmai.us/artists/1298422
394262,noripachi,698,200,情色向,0.29,原创角色设计师,原创为主,群像/多人,体型特征/裸体/暴露,单色/灰度/漫画分镜,漫画/多格,blend_s|pokemon|pokemon_sun_and_moon,hinata_kaho blend_s stile_uniform aether_foundation_employee_(cosplay) huge_breasts aether_foundation_uniform cow_print lactation,情色向 · 原创角色设计师 · 体型特征 · 裸体/暴露 · 单色/灰度 · 漫画/多格,https://danbooru.donmai.us/artists/394262
439921,ashiomi_masato,698,200,轻度色气,0.09,综合向插画师,同人为主,女性主体,体型特征/裸体/暴露,单色/灰度/漫画分镜,差分/变体,guilty_gear|guilty_gear_strive|guilty_gear_xrd,millia_rage guilty_gear guilty_gear_strive fur_hat guilty_gear_xrd twitter_username arm_scarf thick_thighs,综合向插画师 · 体型特征 · 裸体/暴露 · 单色/灰度 · 差分/变体,https://danbooru.donmai.us/artists/439921
1554184,hone_kawa,697,200,情色向,0.1,R18情色向画师,同人为主,女性主体,裸体/暴露/神话/宗教,漫画分镜,姿势/动态,blue_archive|zenless_zone_zero|genshin_impact,blue_archive lactation large_areolae spoken_blush halo nipples spoken_heart yellow_halo,情色向 · R18情色向画师 · 裸体/暴露 · 神话/宗教 · 漫画分镜 · 姿势/动态,https://danbooru.donmai.us/artists/1554184
1297941,infukun,697,200,全年龄向,0.0,机甲/军事题材,同人为主,非人物/静物,军事/枪械/恐怖/猎奇,单色/灰度,俯视/仰视,girls'_frontline|idolmaster|idolmaster_shiny_colors,girls'_frontline idolmaster_shiny_colors sangvis_ferri transparent_background idolmaster m4a1_(girls'_frontline) tachi-e lunasia_(girls'_frontline),机甲/军事题材 · 军事/枪械 · 恐怖/猎奇 · 单色/灰度 · 俯视/仰视,https://danbooru.donmai.us/artists/1297941
1278541,kotatsu_(g-rough),697,200,全年龄向,0.0,综合向插画师,同人为主,男性主体,军事/枪械/BL/腐向,单色/灰度/线稿/速写,单人立绘,jojo_no_kimyou_na_bouken|stardust_crusaders|street_fighter,stardust_crusaders jojo_no_kimyou_na_bouken kujo_jotaro kakyoin_noriaki soejima_shigenori_(style) youko_no_sakuya-kun street_fighter street_fighter_zero_(series),综合向插画师 · 军事/枪械 · BL/腐向 · 单色/灰度 · 单人立绘,https://danbooru.donmai.us/artists/1278541
382817,homura_subaru,697,200,情色向,0.225,百合专精,原创为主,群像/多人,裸体/暴露/百合/GL,漫画分镜/单色/灰度,姿势/动态,oppai_sensou:_kyonyuu_vs_hinnyuu|yu-gi-oh!|pokemon,lillian_ljungstrom chloe_withers oppai_sensou:_kyonyuu_vs_hinnyuu angello_vaalmonica dimonno_vaalmonica interlocked_venus_symbols selettrice_vaalmonica yuri,情色向 · 百合专精 · 裸体/暴露 · 百合/GL · 漫画分镜 · 姿势/动态,https://danbooru.donmai.us/artists/382817
407434,harano,697,200,全年龄向,0.0,综合向插画师,同人为主,群像/多人,自然/风景/兽耳/亚人,单色/灰度,姿势/动态,touhou|akatsuki_records|kantai_collection,akatsuki_records touhou touhou_cannonball mob_cap kantai_collection qr_code earth_(ornament) moon_(ornament),综合向插画师 · 自然/风景 · 兽耳/亚人 · 单色/灰度 · 姿势/动态,https://danbooru.donmai.us/artists/407434
380008,mosha,697,200,硬核R18,0.66,R18情色向画师,同人为主,男性主体,裸体/暴露/体型特征,单色/灰度/线稿/速写,姿势/动态,bleach|majin_tantei_nougami_neuro|one_piece,majin_tantei_nougami_neuro katsuragi_yako bleach nurarihyon_no_mago one_piece arrancar petite eureka_seven,硬核R18 · R18情色向画师 · 裸体/暴露 · 体型特征 · 单色/灰度 · 姿势/动态,https://danbooru.donmai.us/artists/380008
1515330,zasshu,696,200,情色向,0.32,综合向插画师,原创/同人混合,男性主体,体型特征/裸体/暴露,漫画分镜,差分/变体,zenless_zone_zero|genshin_impact|indie_virtual_youtuber,twitter_logo patreon_username ange_(zasshu) patreon_logo zenless_zone_zero twitter_username plump thick_thighs,情色向 · 综合向插画师 · 体型特征 · 裸体/暴露 · 漫画分镜 · 差分/变体,https://danbooru.donmai.us/artists/1515330
1591892,icomochi,697,200,全年龄向,0.005,兽耳/亚人专精,原创/同人混合,群像/多人,兽耳/亚人/角色扮演/异装,单色/灰度,单人立绘,hololive|hololive_english|blue_archive,fuwawa_abyssgard mococo_abyssgard hololive_english sena_(blue_archive) hololive bandaid_hair_ornament dog_girl m79,兽耳/亚人专精 · 兽耳/亚人 · 角色扮演/异装 · 单色/灰度 · 单人立绘,https://danbooru.donmai.us/artists/1591892
381997,natsume_eri,697,200,全年龄向,0.0,像素/复古画师,同人为主,群像/多人,兽耳/亚人/中式,单色/灰度,姿势/动态,indie_virtual_youtuber|zenless_zone_zero|blue_archive,natsume_eri_(vtuber) tomari_mari indie_virtual_youtuber virtual_youtuber sakura_moyu zenless_zone_zero hiiragi_haru short_eyebrows,像素/复古画师 · 兽耳/亚人 · 中式 · 单色/灰度 · 姿势/动态,https://danbooru.donmai.us/artists/381997
1297150,tomu_(tomubobu),696,200,硬核R18,0.97,R18情色向画师,同人为主,女性主体,裸体/暴露/泳装/内衣,赛璐璐/平涂,姿势/动态,idolmaster|gundam|precure,jaggy_lines anime_coloring clothed_sex panties_aside missionary sex clothing_aside mosaic_censoring,硬核R18 · R18情色向画师 · 裸体/暴露 · 泳装/内衣 · 赛璐璐/平涂 · 姿势/动态,https://danbooru.donmai.us/artists/1297150
664962,naru_(wish_field),696,200,全年龄向,0.0,BL/腐向专精,同人为主,男性主体,BL/腐向/军事/枪械,赛璐璐/平涂/单色/灰度,漫画/多格,pikmin_(series)|super_smash_bros.|f-zero,pikmin_(series) olimar large_nose pikmin_(creature) spacesuit red_pikmin very_short_hair space_helmet,BL/腐向专精 · BL/腐向 · 军事/枪械 · 赛璐璐/平涂 · 漫画/多格,https://danbooru.donmai.us/artists/664962
1433077,matanonki,696,200,情色向,0.31,日常/治愈系,同人为主,群像/多人,裸体/暴露/神话/宗教,单色/灰度/漫画分镜,漫画/多格,blue_archive|idolmaster|idolmaster_cinderella_girls,sakurai_momoka idolmaster_cinderella_girls idolmaster blue_archive iroha_(blue_archive) loli halo eri_(succubus)_(blue_archive),情色向 · 日常/治愈系 · 裸体/暴露 · 神话/宗教 · 单色/灰度 · 漫画/多格,https://danbooru.donmai.us/artists/1433077
690356,juurouta,696,200,轻度色气,0.04,同人角色专精,同人为主,群像/多人,角色扮演/异装/校园,特效/后期/漫画分镜,差分/变体,kantai_collection|blue_archive|fate/grand_order,kantai_collection twitter_username hatsushimo_(kancolle) bluesky_username minegumo_(kancolle) hatsushimo_kai_ni_(kancolle) johnston_(kancolle) asashio_(kancolle),同人角色专精 · 角色扮演/异装 · 校园 · 特效/后期 · 差分/变体,https://danbooru.donmai.us/artists/690356
1756371,hxxg,695,200,全年龄向,0.0,综合向插画师,同人为主,群像/多人,自然/风景/校园,光影/氛围,俯视/仰视,hololive|hololive_english|pokemon,dia_(hxxg) hololive houshou_marine virtual_youtuber hair_on_horn hand_on_floor borrowed_character houshou_marine_(nun),综合向插画师 · 自然/风景 · 校园 · 光影/氛围 · 俯视/仰视,https://danbooru.donmai.us/artists/1756371
1673056,crow_(siranui),694,200,硬核R18,0.66,BL/腐向专精,原创/同人混合,男性主体,BL/腐向/体型特征,单色/灰度/漫画分镜,俯视/仰视,tokyo_afterschool_summoners|crave_saga|kaijuu_no._8,bara large_pectorals pectorals muscular_male tokyo_afterschool_summoners crave_saga sideburns yaoi,硬核R18 · BL/腐向专精 · BL/腐向 · 体型特征 · 单色/灰度 · 俯视/仰视,https://danbooru.donmai.us/artists/1673056
1830333,tofu_thunder,694,200,全年龄向,0.0,同人角色专精,同人为主,男性主体,校园/配饰/首饰,漫画分镜,姿势/动态,umamusume|pacific_racing_team|gakuen_idolmaster,curren_chan_(umamusume) ear_covers ear_bow umamusume horse_girl horse_ears horse_tail tracen_school_uniform,同人角色专精 · 校园 · 配饰/首饰 · 漫画分镜 · 姿势/动态,https://danbooru.donmai.us/artists/1830333
446751,yasuyuki,695,200,全年龄向,0.005,综合向插画师,同人为主,群像/多人,体型特征/兽耳/亚人,,俯视/仰视,hololive|re:zero_kara_hajimeru_isekai_seikatsu|melty+,uruha_rushia hololive skull_hair_ornament virtual_youtuber butterfly_print melty+ kamishiro_natsume skull_earrings,综合向插画师 · 体型特征 · 兽耳/亚人 · 俯视/仰视 · 同人为主,https://danbooru.donmai.us/artists/446751
2137641,john_doe_(jdart),694,200,硬核R18,0.81,R18情色向画师,同人为主,群像/多人,裸体/暴露/体型特征,3D/渲染/单色/灰度,姿势/动态,kim_possible_(series)|final_fantasy|the_legend_of_zelda,uncensored loli clitoral_hood pussy nipples clitoris penis dr._drakken,硬核R18 · R18情色向画师 · 裸体/暴露 · 体型特征 · 3D/渲染 · 姿势/动态,https://danbooru.donmai.us/artists/2137641
1375112,hood_(james_x),693,200,全年龄向,0.0,综合向插画师,同人为主,群像/多人,体型特征/科幻/机甲,特效/后期/漫画分镜,差分/变体,zenless_zone_zero|goddess_of_victory:_nikke|wuthering_waves,goddess_of_victory:_nikke wuthering_waves zenless_zone_zero rover_(wuthering_waves) female_rover_(wuthering_waves) tacet_mark_(wuthering_waves) commander_(nikke) pulchra_fellini,综合向插画师 · 体型特征 · 科幻/机甲 · 特效/后期 · 差分/变体,https://danbooru.donmai.us/artists/1375112
382264,sakuya_tsuitachi,694,200,轻度色气,0.115,综合向插画师,同人为主,女性主体,裸体/暴露/体型特征,单色/灰度/特效/后期,俯视/仰视,nijisanji|eden's_ritter_grenze|hololive,eden's_ritter_grenze sasaki_saku nijisanji sasaki_saku_(1st_costume) shiina_yuika panda_hood virtual_youtuber octopus_earrings,综合向插画师 · 裸体/暴露 · 体型特征 · 单色/灰度 · 俯视/仰视,https://danbooru.donmai.us/artists/382264
1307922,darjeeling_(reley),692,200,全年龄向,0.0,综合向插画师,同人为主,女性主体,兽耳/亚人/体型特征,,差分/变体,hololive|indie_virtual_youtuber|propro_production,commissioner_name virtual_youtuber thank_you hololive minato_aqua indie_virtual_youtuber numako_(pizza_kanon) propro_production,综合向插画师 · 兽耳/亚人 · 体型特征 · 差分/变体 · 同人为主,https://danbooru.donmai.us/artists/1307922
570402,azuma_aya,692,200,全年龄向,0.0,同人角色专精,同人为主,群像/多人,和风/日常/治愈,单色/灰度/漫画分镜,漫画/多格,touhou|strange_creators_of_outer_world|wild_and_horned_hermit,touhou hakurei_reimu kirisame_marisa hair_tubes ibaraki_kasen yakumo_yukari page_number hat_bow,同人角色专精 · 和风 · 日常/治愈 · 单色/灰度 · 漫画/多格,https://danbooru.donmai.us/artists/570402
1669006,aosora2823,692,200,情色向,0.3,综合向插画师,同人为主,男性主体,裸体/暴露/体型特征,单色/灰度/漫画分镜,姿势/动态,one_piece|boku_no_hero_academia|blue_archive,one_piece ulti_(one_piece) nami_(one_piece) artist_name boku_no_hero_academia pubic_hair pink_mask yamato_(one_piece),情色向 · 综合向插画师 · 裸体/暴露 · 体型特征 · 单色/灰度 · 姿势/动态,https://danbooru.donmai.us/artists/1669006
527112,hitotose_rin,692,200,情色向,0.445,百合专精,同人为主,群像/多人,裸体/暴露/神话/宗教,漫画分镜/单色/灰度,漫画/多格,blue_archive|uzaki-chan_wa_asobitai!|voiceroid,chitose_kumi_(hitotose) blue_archive kurusu_asami_(hitotose) sensei_(blue_archive) kaede_(blue_archive) duct_tape izuna_(blue_archive) halo,情色向 · 百合专精 · 裸体/暴露 · 神话/宗教 · 漫画分镜 · 漫画/多格,https://danbooru.donmai.us/artists/527112
1397546,natsuya_(kuttuki),692,200,全年龄向,0.0,奇幻/魔法题材,同人为主,男性主体,自然/风景/BL/腐向,漫画分镜,姿势/动态,ragnarok_online|genshin_impact|venus_blade,venus_blade ragnarok_online kerberos_blade web_address high_wizard_(ragnarok_online) genshin_impact stalker_(ragnarok_online) long_bangs,奇幻/魔法题材 · 自然/风景 · BL/腐向 · 漫画分镜 · 姿势/动态,https://danbooru.donmai.us/artists/1397546
1890632,ironlily,690,200,轻度色气,0.02,原创角色设计师,原创为主,群像/多人,历史/复古/军事/枪械,漫画分镜,场景插画,ordo_mediare_sisters_(ironlily)|umamusume|monty_python,ordo_mediare_sisters_(ironlily) medieval perlweiss_(ironlily) ebenholz_(ironlily) hoplitissa_(ironlily) sallet surcoat bascinet,原创角色设计师 · 历史/复古 · 军事/枪械 · 漫画分镜 · 场景插画,https://danbooru.donmai.us/artists/1890632
1615477,araneesama,691,200,情色向,0.05,综合向插画师,同人为主,群像/多人,体型特征/泳装/内衣,赛璐璐/平涂/漫画分镜,俯视/仰视,boku_no_hero_academia|bleach|marvel,patreon_username web_address patreon_logo mirko boku_no_hero_academia bleach artist_name long_eyelashes,情色向 · 综合向插画师 · 体型特征 · 泳装/内衣 · 赛璐璐/平涂 · 俯视/仰视,https://danbooru.donmai.us/artists/1615477
1419996,shpo,690,200,硬核R18,0.75,R18情色向画师,同人为主,男性主体,裸体/暴露/奇幻/魔法,单色/灰度/漫画分镜,姿势/动态,boku_no_hero_academia|dungeon_meshi|yomi_no_tsugai,boku_no_hero_academia dungeon_meshi milsiril hado_nejire uncensored clitoral_hood falin_touden_(tallman) yomi_no_tsugai,硬核R18 · R18情色向画师 · 裸体/暴露 · 奇幻/魔法 · 单色/灰度 · 姿势/动态,https://danbooru.donmai.us/artists/1419996
1719915,norigure18,691,200,硬核R18,0.96,R18情色向画师,同人为主,男性主体,裸体/暴露/兽耳/亚人,赛璐璐/平涂/漫画分镜,俯视/仰视,hololive|indie_virtual_youtuber|hololive_english,hololive anime_coloring virtual_youtuber bar_censor sakura_miko fat_man shigure_ui_(vtuber) penis,硬核R18 · R18情色向画师 · 裸体/暴露 · 兽耳/亚人 · 赛璐璐/平涂 · 俯视/仰视,https://danbooru.donmai.us/artists/1719915
1427110,nakatani_nio,690,200,全年龄向,0.0,百合专精,同人为主,群像/多人,校园/和风,单色/灰度/漫画分镜,漫画/多格,yagate_kimi_ni_naru|touhou|fate_(series),yagate_kimi_ni_naru koito_yuu nanami_touko tohmi_higashi_high_school_uniform saeki_sayaka touhou kamisama_ga_machigaeru himesaki_kasane,百合专精 · 校园 · 和风 · 单色/灰度 · 漫画/多格,https://danbooru.donmai.us/artists/1427110
1599658,hu_dako,690,200,情色向,0.45,原创角色设计师,原创为主,男性主体,裸体/暴露/体型特征,漫画分镜,设定/图解,goddess_of_victory:_nikke|fatal_fury|one-punch_man,patreon_username patreon_logo artist_logo logo shiranui_mai fatal_fury mosaic_censoring goddess_of_victory:_nikke,情色向 · 原创角色设计师 · 裸体/暴露 · 体型特征 · 漫画分镜 · 设定/图解,https://danbooru.donmai.us/artists/1599658
1688264,hidulume,689,200,全年龄向,0.01,综合向插画师,同人为主,群像/多人,神话/宗教/泳装/内衣,特效/后期,俯视/仰视,blue_archive|arknights|arknights:_endfield,blue_archive arknights:_endfield halo blue_halo toki_(blue_archive) toki_(bunny)_(blue_archive) arknights wuthering_waves,综合向插画师 · 神话/宗教 · 泳装/内衣 · 特效/后期 · 俯视/仰视,https://danbooru.donmai.us/artists/1688264
1581445,ge-b,689,200,轻度色气,0.105,百合专精,同人为主,群像/多人,体型特征/百合/GL,单色/灰度/漫画分镜,漫画/多格,fire_emblem|fire_emblem_heroes|vocaloid,fire_emblem fire_emblem_heroes megurine_luka dragalia_lost neptune_(series) purple_heart_(neptunia) fire_emblem_fates character_profile,百合专精 · 体型特征 · 百合/GL · 单色/灰度 · 漫画/多格,https://danbooru.donmai.us/artists/1581445
1439824,greatmosu,689,200,轻度色气,0.25,综合向插画师,原创/同人混合,双人/CP,体型特征/裸体/暴露,单色/灰度/漫画分镜,俯视/仰视,gabriel_dropout|vocaloid|pokemon,tsukimi_chifuyu_(greatmosu) satanichia_kurumizawa_mcdowell gabriel_dropout kuchinashi_rin asagi_tsukasa_(greatmosu) netorare fisheye bat_hair_ornament,综合向插画师 · 体型特征 · 裸体/暴露 · 单色/灰度 · 俯视/仰视,https://danbooru.donmai.us/artists/1439824
2175461,sirokuma_shake,689,200,全年龄向,0.0,原创角色设计师,原创为主,群像/多人,自然/风景/泳装/内衣,漫画分镜,单人立绘,comiket_107|comiket_106|comiket_108,hawawa-chan_(sirokuma_shake) hawawa-chan's_sister_(sirokuma_shake) hawawa-chan's_mother_(sirokuma_shake) hawawa-chan's_friend_(sirokuma_shake) okinawa_prefecture see-through_jacket water_slide wardrobe_malfunction,原创角色设计师 · 自然/风景 · 泳装/内衣 · 漫画分镜 · 单人立绘,https://danbooru.donmai.us/artists/2175461
387770,saipaco,688,200,全年龄向,0.005,综合向插画师,同人为主,群像/多人,和风/日常/治愈,漫画分镜,差分/变体,fate_(series)|fate/grand_order|fate/samurai_remnant,fate_(series) fate/grand_order artoria_caster_(fate) fujimaru_ritsuka_(female) fate/samurai_remnant artoria_pendragon_(fate) con_(fate) yui_shousetsu_(fate),综合向插画师 · 和风 · 日常/治愈 · 漫画分镜 · 差分/变体,https://danbooru.donmai.us/artists/387770
1472993,kadeart,687,200,全年龄向,0.0,日常/治愈系,同人为主,男性主体,BL/腐向/日常/治愈,单色/灰度/漫画分镜,肖像/半身,chi.:_chikyuu_no_undou_ni_tsuite|boku_no_hero_academia|dungeon_meshi,chi.:_chikyuu_no_undou_ni_tsuite rafal_(chi.) badeni hawks_(boku_no_hero_academia) tonsure boku_no_hero_academia scar_on_mouth toothless,日常/治愈系 · BL/腐向 · 日常/治愈 · 单色/灰度 · 肖像/半身,https://danbooru.donmai.us/artists/1472993
1727198,kannko_bokujou,687,200,情色向,0.16,日常/治愈系,同人为主,双人/CP,体型特征/裸体/暴露,单色/灰度,差分/变体,adventurer's_guild_girls|idolmaster|gakuen_idolmaster,adventurer's_guild_girls gigantic_breasts amano_roze huge_breasts gakuen_idolmaster hanami_ume rina_(kannko_bokujou) mixed-language_text,情色向 · 日常/治愈系 · 体型特征 · 裸体/暴露 · 单色/灰度 · 差分/变体,https://danbooru.donmai.us/artists/1727198
678276,neko_majin,687,200,轻度色气,0.085,传统手绘媒介,同人为主,群像/多人,军事/枪械/制服/职场,单色/灰度/线稿/速写,表情/表演,kantai_collection|touhou|azur_lane,female_admiral_(kancolle) kantai_collection hong_meiling military battleship_princess sendai_(kancolle) limited_palette naval_uniform,传统手绘媒介 · 军事/枪械 · 制服/职场 · 单色/灰度 · 表情/表演,https://danbooru.donmai.us/artists/678276
1232207,wool_(miwol),686,200,全年龄向,0.0,兽耳/亚人专精,同人为主,群像/多人,兽耳/亚人/日常/治愈,漫画分镜/单色/灰度,肖像/半身,touhou|hololive|umamusume,imaizumi_kagerou touhou wolf_ears wolf_girl wolf_tail brooch clownpiece ookami_mio_(cosplay),兽耳/亚人专精 · 兽耳/亚人 · 日常/治愈 · 漫画分镜 · 肖像/半身,https://danbooru.donmai.us/artists/1232207
559629,sako_(bosscoffee),686,200,全年龄向,0.045,传统手绘媒介,同人为主,群像/多人,军事/枪械/兽耳/亚人,漫画分镜/单色/灰度,漫画/多格,kantai_collection|fate_(series)|fate/grand_order,northern_ocean_princess enemy_aircraft_(kancolle) abyssal_ship x3 sitting_on_head mittens kantai_collection northern_water_princess,传统手绘媒介 · 军事/枪械 · 兽耳/亚人 · 漫画分镜 · 漫画/多格,https://danbooru.donmai.us/artists/559629
1341446,shiroshi_(denpa_eshidan),686,200,全年龄向,0.0,百合专精,同人为主,群像/多人,校园/日常/治愈,单色/灰度/漫画分镜,漫画/多格,touhou|idolmaster|idolmaster_shiny_colors,usami_renko maribel_hearn touhou fedora akebi-chan_no_serafuku mob_cap togano_mai sakayori_iroha,百合专精 · 校园 · 日常/治愈 · 单色/灰度 · 漫画/多格,https://danbooru.donmai.us/artists/1341446
383653,bunbun,686,200,全年龄向,0.0,奇幻/魔法题材,同人为主,群像/多人,奇幻/魔法/军事/枪械,单色/灰度/拼贴/混合,姿势/动态,sword_art_online|fate/grand_order|fate_(series),sword_art_online sword_art_online:_alicization asuna_(sao) kirito sword_art_online:_alicization_-_war_of_underworld alice_zuberg artoria_pendragon_(fate) mysterious_heroine_x_alter_(fate),奇幻/魔法题材 · 奇幻/魔法 · 军事/枪械 · 单色/灰度 · 姿势/动态,https://danbooru.donmai.us/artists/383653
1400326,miura-n315,685,200,轻度色气,0.015,综合向插画师,同人为主,女性主体,泳装/内衣/奇幻/魔法,,差分/变体,xenoblade_chronicles_(series)|xenoblade_chronicles_3|persona,xenoblade_chronicles_3 xenoblade_chronicles_(series) a_(xenoblade) xenoblade_chronicles_3:_future_redeemed fata_morgana_no_yakata eunie_(xenoblade) persona xenoblade_chronicles_1,综合向插画师 · 泳装/内衣 · 奇幻/魔法 · 差分/变体 · 同人为主,https://danbooru.donmai.us/artists/1400326
628043,hizuki_akira,685,200,轻度色气,0.035,兽耳/亚人专精,同人为主,男性主体,兽人/furry/体型特征,单色/灰度/漫画分镜,俯视/仰视,yokubou_pandora|pokemon|pokemon_firered_and_leafgreen,yokubou_pandora sabrina_(pokemon) roselia_(yokubou_pandora) rafalia_(yokubou_pandora) noipa noipa-chan_wa_abunai! pokemon_firered_and_leafgreen nell_(yokubou_pandora),兽耳/亚人专精 · 兽人/furry · 体型特征 · 单色/灰度 · 俯视/仰视,https://danbooru.donmai.us/artists/628043
669852,arano_oki,685,200,轻度色气,0.205,综合向插画师,同人为主,男性主体,裸体/暴露/体型特征,单色/灰度/漫画分镜,漫画/多格,touhou|fate/grand_order|fate_(series),touhou sakata_nemuno junko_(touhou) dalachi_(headdress) single_strap okiku_(banchou_sarayashiki) single_sleeve tabard,综合向插画师 · 裸体/暴露 · 体型特征 · 单色/灰度 · 漫画/多格,https://danbooru.donmai.us/artists/669852
1376110,aoi_nagisa_(metalder),684,200,情色向,0.32,奇幻/魔法题材,同人为主,女性主体,体型特征/裸体/暴露,,单人立绘,taimanin_(series)|taimanin_rpgx|taimanin_yukikaze,taimanin_rpgx taimanin_(series) taimanin_yukikaze kagano_megu mahou_shoujo_ai kosaka_shizuru lilith-soft youkoso!_sukebe_elf_no_mori_e,情色向 · 奇幻/魔法题材 · 体型特征 · 裸体/暴露 · 单人立绘 · 同人为主,https://danbooru.donmai.us/artists/1376110
389420,kaiga,683,200,情色向,0.355,R18情色向画师,同人为主,女性主体,裸体/暴露/手足/局部,,姿势/动态,idolmaster|idolmaster_million_live!|idolmaster_(classic),idolmaster_million_live! idolmaster idolmaster_(classic) maihama_ayumu ganaha_hibiki blonde_streaks hamuzou hoshii_miki,情色向 · R18情色向画师 · 裸体/暴露 · 手足/局部 · 姿势/动态 · 同人为主,https://danbooru.donmai.us/artists/389420
512685,onono_imoko,683,200,情色向,0.48,像素/复古画师,原创/同人混合,双人/CP,裸体/暴露/体型特征,像素画,姿势/动态,dohna_dohna_issho_ni_warui_koto_o_shiyou|rance_(series)|rance_03,dohna_dohna_issho_ni_warui_koto_o_shiyou tsuina_(dohna_dohna) rance_03 rance_(series) mibu_kikuchiyo rape_face sprite rear_naked_choke,情色向 · 像素/复古画师 · 裸体/暴露 · 体型特征 · 像素画 · 姿势/动态,https://danbooru.donmai.us/artists/512685
1488764,combos_&_doodles,683,200,轻度色气,0.195,场景/背景插画师,原创为主,非人物/静物,BL/腐向/角色扮演/异装,漫画分镜,姿势/动态,the_legend_of_zelda|splatoon_(series)|mario_(series),takoko_yakisoba_(combos_&_doodles) prehistoric_animal animal_focus dinosaur no_humans octoling trap splatoon_(series),场景/背景插画师 · BL/腐向 · 角色扮演/异装 · 漫画分镜 · 姿势/动态,https://danbooru.donmai.us/artists/1488764
1693493,fuyumi_kazuki,683,200,硬核R18,0.985,R18情色向画师,同人为主,群像/多人,裸体/暴露/兽耳/亚人,,姿势/动态,hololive|hololive_english|hololive_dev_is,hololive orgy mosaic_censoring virtual_youtuber penis group_sex vaginal sex,硬核R18 · R18情色向画师 · 裸体/暴露 · 兽耳/亚人 · 姿势/动态 · 同人为主,https://danbooru.donmai.us/artists/1693493
554594,kamishima_kanon,683,200,全年龄向,0.005,同人角色专精,同人为主,群像/多人,制服/职场/军事/枪械,赛璐璐/平涂/单色/灰度,设定/图解,girls_und_panzer|umamusume|dragon_ball,girls_und_panzer itsumi_erika nishizumi_maho nishizumi_shiho kuromorimine_military_uniform kuromorimine_school_uniform insignia nishizumi_miho,同人角色专精 · 制服/职场 · 军事/枪械 · 赛璐璐/平涂 · 设定/图解,https://danbooru.donmai.us/artists/554594
1627927,raine_(acke2445),682,200,全年龄向,0.005,兽耳/亚人专精,同人为主,双人/CP,兽人/furry/BL/腐向,单色/灰度/线稿/速写,差分/变体,pokemon|one_piece|pokemon_legends:_z-a,mega_gardevoir gardevoir mega_pokemon ulti_(one_piece) one_piece shiny_pokemon pokemon_(creature) white_skin,兽耳/亚人专精 · 兽人/furry · BL/腐向 · 单色/灰度 · 差分/变体,https://danbooru.donmai.us/artists/1627927
1463833,baileys_(tranquillity650),682,200,轻度色气,0.04,综合向插画师,同人为主,双人/CP,校园/恐怖/猎奇,漫画分镜/特效/后期,漫画/多格,class_no_gal_ni_kuuki_atsukai_sareteimasu|kantai_collection|touhou,class_no_gal_ni_kuuki_atsukai_sareteimasu aino_nana_(baileys) aizawa_mana_(baileys) asai_shou_(baileys) kusonoki_(baileys) kantai_collection aizawa_ryuuji_(baileys) yuudachi_kai_ni_(kancolle),综合向插画师 · 校园 · 恐怖/猎奇 · 漫画分镜 · 漫画/多格,https://danbooru.donmai.us/artists/1463833
1602933,ainy,682,200,全年龄向,0.0,综合向插画师,原创/同人混合,群像/多人,神话/宗教/兽耳/亚人,赛璐璐/平涂,单人立绘,blue_archive|indie_virtual_youtuber|touhou,blue_archive indie_virtual_youtuber kanzashi_iori baibato virtual_youtuber twitter_username nagisa_(blue_archive) totowa_hatsuka,综合向插画师 · 神话/宗教 · 兽耳/亚人 · 赛璐璐/平涂 · 单人立绘,https://danbooru.donmai.us/artists/1602933
1508692,minew,681,200,全年龄向,0.045,综合向插画师,同人为主,男性主体,体型特征/泳装/内衣,单色/灰度,姿势/动态,fate_(series)|fate/grand_order|umamusume,fate/grand_order fate_(series) yu_mei-ren_(fate) biceps muscular_female biwa_hayahide_(umamusume) umamusume abs,综合向插画师 · 体型特征 · 泳装/内衣 · 单色/灰度 · 姿势/动态,https://danbooru.donmai.us/artists/1508692
448013,pan_(mimi),682,200,全年龄向,0.0,像素/复古画师,原创为主,非人物/静物,校园/兽耳/亚人,特效/后期,姿势/动态,oniichan_continue!|indie_virtual_youtuber|vee_(vtuber),oniichan_continue! kokoa-chan_(pan_(mimi)) shirayuki_yuuri ten-chan_(pan_(mimi)) pan_(mimi)_(vtuber) haruka-chan_(pan_(mimi)) arisugawa_ruru uta-chan_(pan_(mimi)),像素/复古画师 · 校园 · 兽耳/亚人 · 特效/后期 · 姿势/动态,https://danbooru.donmai.us/artists/448013
381932,uni8,681,200,硬核R18,0.675,R18情色向画师,同人为主,女性主体,裸体/暴露/体型特征,单色/灰度/线稿/速写,单人立绘,fate_(series)|fate/grand_order|granblue_fantasy,paizuri paizuri_under_clothes breasts_squeezed_together hetero penis sennen_sensou_aigis straddling_paizuri himura_kiseki_(style),硬核R18 · R18情色向画师 · 裸体/暴露 · 体型特征 · 单色/灰度 · 单人立绘,https://danbooru.donmai.us/artists/381932
1525930,lainart,681,200,硬核R18,0.74,R18情色向画师,同人为主,群像/多人,裸体/暴露/体型特征,特效/后期/漫画分镜,姿势/动态,rwby|indie_virtual_youtuber|card-en-ciel,rwby very_dark_skin uncensored interracial weiss_schnee vaginal penis sex,硬核R18 · R18情色向画师 · 裸体/暴露 · 体型特征 · 特效/后期 · 姿势/动态,https://danbooru.donmai.us/artists/1525930
1295593,muchi_maro,681,200,轻度色气,0.16,传统手绘媒介,同人为主,男性主体,裸体/暴露/校园,单色/灰度/漫画分镜,姿势/动态,seitokai_ni_mo_ana_wa_aru!|blue_archive|idolmaster,seitokai_ni_mo_ana_wa_aru! michinoku_komaro terui_arisu kotobuki_hisako otori_tan kozuka_inaho izumozaki_neneko shironagasu-tou_e_no_kikan,传统手绘媒介 · 裸体/暴露 · 校园 · 单色/灰度 · 姿势/动态,https://danbooru.donmai.us/artists/1295593
383957,nagase_haruhito,681,200,情色向,0.04,综合向插画师,原创/同人混合,男性主体,体型特征/校园,漫画分镜,俯视/仰视,pokemon|mario_(series)|gundam,green_gym_girl_(nagase_haruhito) highleg_buruma green_buruma impossible_clothes skin_tight shiny_clothes gym_uniform buruma,情色向 · 综合向插画师 · 体型特征 · 校园 · 漫画分镜 · 俯视/仰视,https://danbooru.donmai.us/artists/383957
1899051,momisan,680,200,硬核R18,0.8,R18情色向画师,同人为主,群像/多人,裸体/暴露/手足/局部,特效/后期/光影/氛围,俯视/仰视,fate_(series)|fate/grand_order|blue_archive,fate/grand_order fate_(series) clitoral_hood water_drop flower_censor perky_breasts battery_indicator anus,硬核R18 · R18情色向画师 · 裸体/暴露 · 手足/局部 · 特效/后期 · 俯视/仰视,https://danbooru.donmai.us/artists/1899051
1453348,houraku,680,200,轻度色气,0.0,同人角色专精,同人为主,群像/多人,神话/宗教/泳装/内衣,漫画分镜,漫画/多格,blue_archive|meitantei_precure!|precure,colored_speech_bubble sensei_(blue_archive) doodle_sensei_(blue_archive) blue_archive halo blue_halo kei_(blue_archive) rectangular_halo,同人角色专精 · 神话/宗教 · 泳装/内衣 · 漫画分镜 · 漫画/多格,https://danbooru.donmai.us/artists/1453348
1489050,kelvin_hiu,680,200,轻度色气,0.255,综合向插画师,原创/同人混合,男性主体,体型特征/裸体/暴露,漫画分镜,俯视/仰视,chainsaw_man|boku_no_hero_academia|elden_ring,violet_(kelvin_hiu) wide_hips thick_thighs huge_ass huge_breasts curvy makima_(chainsaw_man) chainsaw_man,综合向插画师 · 体型特征 · 裸体/暴露 · 漫画分镜 · 俯视/仰视,https://danbooru.donmai.us/artists/1489050
660777,gomtang,679,200,轻度色气,0.05,BL/腐向专精,同人为主,男性主体,BL/腐向/体型特征,单色/灰度/线稿/速写,俯视/仰视,cyphers|tokyo_afterschool_summoners|gyee,bara large_pectorals mature_male pectorals cyphers damian_doyle_(cyphers) muscular_male beard,BL/腐向专精 · BL/腐向 · 体型特征 · 单色/灰度 · 俯视/仰视,https://danbooru.donmai.us/artists/660777
1750091,aelion_draws,681,200,硬核R18,0.585,R18情色向画师,同人为主,男性主体,裸体/暴露/体型特征,单色/灰度/漫画分镜,俯视/仰视,sousou_no_frieren|marvel|chainsaw_man,uncensored sousou_no_frieren patreon_username frieren aliyah_(aelion) huge_ass dark_anus anus,硬核R18 · R18情色向画师 · 裸体/暴露 · 体型特征 · 单色/灰度 · 俯视/仰视,https://danbooru.donmai.us/artists/1750091
770487,narue,679,200,全年龄向,0.005,原创角色设计师,原创为主,非人物/静物,都市/街景/自然/风景,拼贴/混合/单色/灰度,场景插画,fate_(series)|fate/grand_order|gakuen_idolmaster,photo_background wide_shot greyscale monochrome building power_lines pedestrian_bridge scenery,原创角色设计师 · 都市/街景 · 自然/风景 · 拼贴/混合 · 场景插画,https://danbooru.donmai.us/artists/770487
1616067,blvefo9,679,200,硬核R18,0.825,R18情色向画师,同人为主,群像/多人,裸体/暴露/神话/宗教,漫画分镜,姿势/动态,blue_archive|zenless_zone_zero|azur_lane,loli age_difference penis mosaic_censoring blue_archive hetero cum censored,硬核R18 · R18情色向画师 · 裸体/暴露 · 神话/宗教 · 漫画分镜 · 姿势/动态,https://danbooru.donmai.us/artists/1616067
2319592,otu_(o2h2_oh4),679,200,全年龄向,0.01,原创角色设计师,原创为主,男性主体,日常/治愈/恋爱/情感,漫画分镜/单色/灰度,漫画/多格,zenless_zone_zero|project_moon|limbus_company,korean_text vertical_scroll_comic jane_doe_(zenless_zone_zero) talking zenless_zone_zero chibi_only mouse_girl project_moon,原创角色设计师 · 日常/治愈 · 恋爱/情感 · 漫画分镜 · 漫画/多格,https://danbooru.donmai.us/artists/2319592
1465003,bluethebone,679,200,硬核R18,0.68,R18情色向画师,原创/同人混合,男性主体,裸体/暴露/体型特征,漫画分镜,设定/图解,zenless_zone_zero|boku_no_hero_academia|one-punch_man,bluesona_(bluethebone) faux_retro_artstyle subtitled retro_artstyle patreon_username 1980s_(style) redthemeat_(bluethebone) uncensored,硬核R18 · R18情色向画师 · 裸体/暴露 · 体型特征 · 漫画分镜 · 设定/图解,https://danbooru.donmai.us/artists/1465003
1599999,mondi_hl,678,200,情色向,0.005,BL/腐向专精,原创为主,男性主体,BL/腐向/体型特征,,俯视/仰视,fate_(series)|fate/stay_night|fate/grand_order,bara large_pectorals jim_(mondi_hl) dan_(mondi_hl) pectorals muscular_male male_underwear range_(mondi_hl),情色向 · BL/腐向专精 · BL/腐向 · 体型特征 · 俯视/仰视 · 原创为主,https://danbooru.donmai.us/artists/1599999
1727201,misaka_12003-gou,678,200,硬核R18,0.65,R18情色向画师,同人为主,群像/多人,裸体/暴露/手足/局部,特效/后期,姿势/动态,honkai_(series)|honkai:_star_rail|wuthering_waves,heavy_chromatic_aberration chromatic_aberration honkai:_star_rail honkai_(series) twitter_username mosaic_censoring wuthering_waves nipples,硬核R18 · R18情色向画师 · 裸体/暴露 · 手足/局部 · 特效/后期 · 姿势/动态,https://danbooru.donmai.us/artists/1727201
1626845,gabriel_evangel,678,200,情色向,0.46,R18情色向画师,同人为主,女性主体,裸体/暴露/泳装/内衣,,姿势/动态,neptune_(series)|honkai_(series)|choujigen_game_neptune,web_address neptune_(series) share_crystal_(neptunia) choujigen_game_neptune novelty_censor fanbox_username honkai_(series) castorice_(honkai:_star_rail),情色向 · R18情色向画师 · 裸体/暴露 · 泳装/内衣 · 姿势/动态 · 同人为主,https://danbooru.donmai.us/artists/1626845
1290013,yasume_yukito,677,200,全年龄向,0.005,综合向插画师,同人为主,群像/多人,角色扮演/异装/神话/宗教,,肖像/半身,umamusume|kantai_collection|blue_archive,umamusume kantai_collection horse_girl horse_ears verxina_(umamusume) crucifixion blue_archive cosplay,综合向插画师 · 角色扮演/异装 · 神话/宗教 · 肖像/半身 · 同人为主,https://danbooru.donmai.us/artists/1290013
564911,kaga3chi,677,200,全年龄向,0.0,漫画/剧情向,同人为主,群像/多人,军事/枪械/校园,漫画分镜/单色/灰度,漫画/多格,kantai_collection|pokemon|kingsman:_the_golden_circle,kiso_(kancolle) tenryuu_(kancolle) non-human_admiral_(kancolle) kiso_kai_ni_(kancolle) kantai_collection multiple_4koma 4koma admiral_(kancolle),漫画/剧情向 · 军事/枪械 · 校园 · 漫画分镜 · 漫画/多格,https://danbooru.donmai.us/artists/564911
1243675,ejami,677,200,全年龄向,0.0,单色线稿派,原创/同人混合,男性主体,兽耳/亚人/中式,单色/灰度/线稿/速写,单人立绘,league_of_legends|high_score_girl|warcraft,ekko_(ejami) chinese_text dated league_of_legends signature monochrome greyscale sample_watermark,单色线稿派 · 兽耳/亚人 · 中式 · 单色/灰度 · 单人立绘,https://danbooru.donmai.us/artists/1243675
2405431,mistray-art,677,200,全年龄向,0.0,兽耳/亚人专精,同人为主,非人物/静物,兽人/furry/兽耳/亚人,,单人立绘,pokemon,pokemon_focus numbered pokemon_(creature) no_humans pokemon signature two-tone_fur pokedex_number,兽耳/亚人专精 · 兽人/furry · 兽耳/亚人 · 单人立绘 · 同人为主,https://danbooru.donmai.us/artists/2405431
399495,bekkankou,677,200,轻度色气,0.04,综合向插画师,同人为主,男性主体,校园/和风,线稿/速写/单色/灰度,俯视/仰视,daitoshokan_no_hitsujikai|sen_no_hatou_tsukisome_no_kouki|aiyoku_no_eustia,daitoshokan_no_hitsujikai sen_no_hatou_tsukisome_no_kouki aiyoku_no_eustia miyaguni_akari shirasaki_tsugumi yoake_mae_yori_ruri_iro_na suzuki_kana sakuraba_tamamo,综合向插画师 · 校园 · 和风 · 线稿/速写 · 俯视/仰视,https://danbooru.donmai.us/artists/399495
1249130,gaston18,676,200,轻度色气,0.005,综合向插画师,同人为主,群像/多人,体型特征/泳装/内衣,,表情/表演,kanan-sama_wa_akumade_choroi|eden's_zero|fairy_tail,eden's_zero kanan-sama_wa_akumade_choroi shinryuji_tekka rebecca_bluegarden fairy_tail jeanne_(kanan-sama) homura_kogetsu lucy_heartfilia,综合向插画师 · 体型特征 · 泳装/内衣 · 表情/表演 · 同人为主,https://danbooru.donmai.us/artists/1249130
1328202,freng,676,200,全年龄向,0.01,综合向插画师,同人为主,群像/多人,和风/体型特征,单色/灰度/线稿/速写,设定/图解,azur_lane|blue_archive|vocaloid,z11_(azur_lane) azur_lane manjuu_(azur_lane) blue_archive jade_(azur_lane) z11_(service_sincerity_and_insolvency)_(azur_lane) perseus_(azur_lane) okobo,综合向插画师 · 和风 · 体型特征 · 单色/灰度 · 设定/图解,https://danbooru.donmai.us/artists/1328202
1253559,kamezaemon,676,200,全年龄向,0.0,日常/治愈系,原创/同人混合,男性主体,恐怖/猎奇/BL/腐向,赛璐璐/平涂/特效/后期,姿势/动态,undertale|utdr_(toby_fox)|elden_ring,undertale iwado_anna utdr_(toby_fox) sans_(undertale) papyrus_(undertale) anime_coloring frisk_(undertale) skeleton,日常/治愈系 · 恐怖/猎奇 · BL/腐向 · 赛璐璐/平涂 · 姿势/动态,https://danbooru.donmai.us/artists/1253559
1505179,suzunone_rena,676,200,全年龄向,0.06,像素/复古画师,原创/同人混合,群像/多人,校园/角色扮演/异装,线稿/速写/单色/灰度,姿势/动态,yu-gi-oh!|indie_virtual_youtuber|genshin_impact,suzunone_rena_(vtuber) lilia_chocolanne duel_monster yu-gi-oh! big_head traptrix_sera polka_dot_socks selettrice_vaalmonica,像素/复古画师 · 校园 · 角色扮演/异装 · 线稿/速写 · 姿势/动态,https://danbooru.donmai.us/artists/1505179
573528,akashio_(loli_ace),676,200,全年龄向,0.005,综合向插画师,原创/同人混合,群像/多人,校园/和风,特效/后期/单色/灰度,设定/图解,girls_und_panzer|umamusume|azur_lane,girls_und_panzer shimada_arisu darjeeling_(girls_und_panzer) umamusume horse_girl horse_ears boko_(girls_und_panzer) azur_lane,综合向插画师 · 校园 · 和风 · 特效/后期 · 设定/图解,https://danbooru.donmai.us/artists/573528
1854229,t1kosewad,675,200,全年龄向,0.1,兽耳/亚人专精,同人为主,男性主体,神话/宗教/兽耳/亚人,赛璐璐/平涂/单色/灰度,差分/变体,blue_archive|zenless_zone_zero|neon_genesis_evangelion,shiroko_(blue_archive) cross_hair_ornament inverted_cross mismatched_pupils blue_archive shiroko_terror_(blue_archive) blue_halo wolf_girl,兽耳/亚人专精 · 神话/宗教 · 兽耳/亚人 · 赛璐璐/平涂 · 差分/变体,https://danbooru.donmai.us/artists/1854229
1282750,mikazuchi_zeus,675,200,全年龄向,0.055,综合向插画师,同人为主,男性主体,校园/神话/宗教,单色/灰度/漫画分镜,漫画/多格,blue_archive|idolmaster|gakuen_idolmaster,ichika_(blue_archive) blue_archive gakuen_idolmaster hatsuboshi_gakuen_school_uniform idolmaster noa_(blue_archive) kazusa_(blue_archive) small_sweatdrop,综合向插画师 · 校园 · 神话/宗教 · 单色/灰度 · 漫画/多格,https://danbooru.donmai.us/artists/1282750
1570913,miya_(miyaruta),675,200,全年龄向,0.0,兽耳/亚人专精,同人为主,群像/多人,兽耳/亚人/角色扮演/异装,,差分/变体,blue_archive|fate/grand_order|fate_(series),abigail_williams_(fate) abigail_williams_(first_ascension)_(fate) seia_(blue_archive) yellow_halo orange_bow multiple_hair_bows blue_archive fate/grand_order,兽耳/亚人专精 · 兽耳/亚人 · 角色扮演/异装 · 差分/变体 · 同人为主,https://danbooru.donmai.us/artists/1570913
438993,v-mag,675,200,情色向,0.38,R18情色向画师,原创/同人混合,群像/多人,裸体/暴露/奇幻/魔法,漫画分镜,姿势/动态,aigan_tenshi_cheery_pink|tama_project|nitroplus,aigan_tenshi_cheery_pink cheery_pink oomune_tayuyu tama_project charlotte_(v-mag) lace-up_thighhighs super_sonico nitroplus,情色向 · R18情色向画师 · 裸体/暴露 · 奇幻/魔法 · 漫画分镜 · 姿势/动态,https://danbooru.donmai.us/artists/438993
1589874,ryo_(tg290),675,200,全年龄向,0.0,综合向插画师,同人为主,女性主体,角色扮演/异装/泳装/内衣,,差分/变体,kantai_collection|umamusume|hololive,kantai_collection shimakaze_(kancolle) shimakaze_(kancolle)_(cosplay) cropped_legs one-hour_drawing_challenge black_neckerchief nakiri_ayame rudder_footwear,综合向插画师 · 角色扮演/异装 · 泳装/内衣 · 差分/变体 · 同人为主,https://danbooru.donmai.us/artists/1589874
1362063,hiiragi_yuuichi,675,200,轻度色气,0.115,单色线稿派,原创/同人混合,双人/CP,泳装/内衣/裸体/暴露,单色/灰度/漫画分镜,俯视/仰视,haite_kudasai_takamine-san|kendo_shoujo|arisou_de_nasa_sou,haite_kudasai_takamine-san takamine_takane kanzaki_ouka kendo_shoujo arisou_de_nasa_sou kaede_(arisou_de_nasa_sou) greyscale monochrome,单色线稿派 · 泳装/内衣 · 裸体/暴露 · 单色/灰度 · 俯视/仰视,https://danbooru.donmai.us/artists/1362063
1341808,sasucchi95,674,200,全年龄向,0.0,原创角色设计师,原创为主,男性主体,兽耳/亚人/体型特征,单色/灰度/线稿/速写,肖像/半身,indie_virtual_youtuber|utdr_(toby_fox)|undertale,aegyo_sal tsurime hatching_(texture) lips tareme double-parted_bangs emma_(sasucchi95) sasu_(sasucchi95),原创角色设计师 · 兽耳/亚人 · 体型特征 · 单色/灰度 · 肖像/半身,https://danbooru.donmai.us/artists/1341808
1483924,gibun_(sozoshu),674,200,轻度色气,0.09,日常/治愈系,同人为主,群像/多人,日常/治愈/手足/局部,特效/后期,姿势/动态,kono_subarashii_sekai_ni_shukufuku_wo!|re:zero_kara_hajimeru_isekai_seikatsu|lycoris_recoil,rem_(re:zero) kono_subarashii_sekai_ni_shukufuku_wo! re:zero_kara_hajimeru_isekai_seikatsu megumin roswaal_mansion_maid_uniform standing_on_swing osanai_yuki shoushimin_series,日常/治愈系 · 日常/治愈 · 手足/局部 · 特效/后期 · 姿势/动态,https://danbooru.donmai.us/artists/1483924
1681884,akiyama_enma,674,200,全年龄向,0.01,像素/复古画师,同人为主,群像/多人,体型特征/配饰/首饰,单色/灰度/漫画分镜,漫画/多格,noa-senpai_wa_tomodachi.|kimi_ni_koisuru_satsujinki|needy_girl_overdose,noa-senpai_wa_tomodachi. saotome_noa kimi_ni_koisuru_satsujinki yoshizaki_kokoa suzuki_ryuuto ootsuka_rihito colored_bangs ribbon_choker,像素/复古画师 · 体型特征 · 配饰/首饰 · 单色/灰度 · 漫画/多格,https://danbooru.donmai.us/artists/1681884
441605,mayo_riyo,673,200,全年龄向,0.0,传统手绘媒介,同人为主,群像/多人,音乐/偶像/自然/风景,线稿/速写/素描/炭笔,俯视/仰视,vocaloid|touhou|project_diva_(series),chibi_miku_(mayo_riyo) vocaloid hatsune_miku megurine_luka aqua_necktie minigirl mini_person aqua_hair,传统手绘媒介 · 音乐/偶像 · 自然/风景 · 线稿/速写 · 俯视/仰视,https://danbooru.donmai.us/artists/441605
547910,anmi,673,200,全年龄向,0.0,原创角色设计师,原创为主,群像/多人,军事/枪械/自然/风景,单色/灰度,单人立绘,arknights|girls'_frontline|fate/grand_order,eyjafjalla_(arknights) arknights ballerina ballet tutu girls'_frontline desert_eagle_(girls'_frontline) ballet_slippers,原创角色设计师 · 军事/枪械 · 自然/风景 · 单色/灰度 · 单人立绘,https://danbooru.donmai.us/artists/547910
396299,senomoto_hisashi,671,200,轻度色气,0.04,综合向插画师,同人为主,群像/多人,自然/风景/裸体/暴露,单色/灰度/漫画分镜,俯视/仰视,kantai_collection|girls_und_panzer|idolmaster,natori_(kancolle) kongou_(kancolle) pure_onepiece_(idolmaster) girls_und_panzer hyakka_ryouran_elixir kantai_collection |_| racial_merge,综合向插画师 · 自然/风景 · 裸体/暴露 · 单色/灰度 · 俯视/仰视,https://danbooru.donmai.us/artists/396299
1470002,tatsumi_ray,671,200,全年龄向,0.065,综合向插画师,同人为主,群像/多人,军事/枪械/神话/宗教,单色/灰度,设定/图解,ragnarok_online|kantai_collection|comiket_85,ragnarok_online 2000s_(style) pointing_out_the_details arch_bishop_(ragnarok_online) archer_(ragnarok_online) priest_(ragnarok_online) lord_knight_(ragnarok_online) chainmail,综合向插画师 · 军事/枪械 · 神话/宗教 · 单色/灰度 · 设定/图解,https://danbooru.donmai.us/artists/1470002
1622855,akadako,671,200,全年龄向,0.0,场景/背景插画师,同人为主,非人物/静物,兽人/furry/战斗/动作,线稿/速写/漫画分镜,姿势/动态,pokemon|shinrabanshou|pokemon_scarlet_and_violet,pokemon_(creature) animal_focus grey_outline pokemon tatsugiri no_humans tatsugiri_(curly) one-hour_drawing_challenge,场景/背景插画师 · 兽人/furry · 战斗/动作 · 线稿/速写 · 姿势/动态,https://danbooru.donmai.us/artists/1622855
413716,koflif,671,200,全年龄向,0.06,机甲/军事题材,同人为主,群像/多人,军事/枪械/神话/宗教,拼贴/混合,差分/变体,blue_archive|taimanin_(series)|hololive,blue_archive hina_(blue_archive) halo taimanin_(series) black_halo chinatsu_(blue_archive) red_halo iori_(blue_archive),机甲/军事题材 · 军事/枪械 · 神话/宗教 · 拼贴/混合 · 差分/变体,https://danbooru.donmai.us/artists/413716
1733005,uenomigi,671,200,全年龄向,0.005,传统手绘媒介,原创为主,男性主体,BL/腐向/兽人/furry,线稿/速写/单色/灰度,肖像/半身,pokemon|splatoon_(series)|touhou,raito-kun_(uenomigi) shou_(uenomigi) double-parted_bangs pokedex_number dot_nose sketch pokemon_focus blush_stickers,传统手绘媒介 · BL/腐向 · 兽人/furry · 线稿/速写 · 肖像/半身,https://danbooru.donmai.us/artists/1733005
831525,saitou_masatsugu,671,200,全年龄向,0.005,机甲/军事题材,原创/同人混合,男性主体,军事/枪械/泳装/内衣,单色/灰度,单人立绘,xenoblade_chronicles_(series)|xenoblade_chronicles_3|fate_(series),xenoblade_chronicles_(series) xenoblade_chronicles_3 bradamante_(fate) chest_jewel rakuen_tsuihou aegis_sword_(xenoblade) xenoblade_chronicles_2 mio_(xenoblade),机甲/军事题材 · 军事/枪械 · 泳装/内衣 · 单色/灰度 · 单人立绘,https://danbooru.donmai.us/artists/831525
1230535,azusa_(hws),670,200,全年龄向,0.0,BL/腐向专精,同人为主,男性主体,BL/腐向/体型特征,拼贴/混合/线稿/速写,姿势/动态,fate_(series)|fate/grand_order|fire_emblem,caenis_(fate) fate/grand_order fate_(series) heracles_(fate) diarmuid_ua_duibhne_(saber)_(fate) fire_emblem_heroes caenis_(swimsuit_rider)_(fate) diarmuid_ua_duibhne_(fate),BL/腐向专精 · BL/腐向 · 体型特征 · 拼贴/混合 · 姿势/动态,https://danbooru.donmai.us/artists/1230535
1433091,shikushiku_(amamori_weekly),670,200,全年龄向,0.0,单色线稿派,同人为主,群像/多人,兽耳/亚人/和风,单色/灰度/漫画分镜,漫画/多格,touhou|umamusume|lucky_star,touhou toyosatomimi_no_miko tate_eboshi pointy_hair mononobe_no_futo soga_no_tojiko sukuna_shinmyoumaru earmuffs,单色线稿派 · 兽耳/亚人 · 和风 · 单色/灰度 · 漫画/多格,https://danbooru.donmai.us/artists/1433091
1551946,timbougami,670,200,全年龄向,0.01,日常/治愈系,原创为主,群像/多人,自然/风景/奇幻/魔法,线稿/速写/素描/炭笔,场景插画,neon_genesis_evangelion|rebuild_of_evangelion|blue_archive,bunny_girl_(timbougami) mushroom_girl_(timbougami) charlotte_(timbougami) souryuu_asuka_langley mushroom_hat neon_genesis_evangelion shezhara succubus-chan_(timbougami),日常/治愈系 · 自然/风景 · 奇幻/魔法 · 线稿/速写 · 场景插画,https://danbooru.donmai.us/artists/1551946
1866725,nishii_(damnedrive),669,200,轻度色气,0.025,机甲/军事题材,原创/同人混合,男性主体,科幻/机甲/军事/枪械,特效/后期,俯视/仰视,demonbane|jingai_makyou|hyakka_ryouran_samurai_girls,demonbane jingai_makyou hyakka_ryouran_samurai_girls al_azif_(demonbane) daijuuji_kurou the_seven_deadly_sins ignis_(jingai_makyou) kikai_sentai_zenkaiger,机甲/军事题材 · 科幻/机甲 · 军事/枪械 · 特效/后期 · 俯视/仰视,https://danbooru.donmai.us/artists/1866725
1854148,dars_(recolors),669,200,全年龄向,0.0,综合向插画师,同人为主,群像/多人,校园/角色扮演/异装,赛璐璐/平涂/漫画分镜,差分/变体,yahari_ore_no_seishun_lovecome_wa_machigatteiru.|lycoris_recoil|sword_art_online,yahari_ore_no_seishun_lovecome_wa_machigatteiru. isshiki_iroha lycoris_recoil nishikigi_chisato yuigahama_yui sword_art_online asuna_(sao) very_long_sidelocks,综合向插画师 · 校园 · 角色扮演/异装 · 赛璐璐/平涂 · 差分/变体,https://danbooru.donmai.us/artists/1854148
1656790,himura_moritaka,669,200,全年龄向,0.005,综合向插画师,原创/同人混合,群像/多人,校园/和风,漫画分镜,差分/变体,kantai_collection|blue_archive|umamusume,kantai_collection kongou_(kancolle) kashima_(kancolle) kongou_(anniversary)_(kancolle) signature fletcher_(kancolle) shigure_(kancolle) haruna_(kancolle),综合向插画师 · 校园 · 和风 · 漫画分镜 · 差分/变体,https://danbooru.donmai.us/artists/1656790
2118140,gishiki_(gshk),669,200,全年龄向,0.0,原创角色设计师,原创为主,男性主体,神话/宗教/日常/治愈,拼贴/混合,单人立绘,slipknot|nijisanji|apple_inc.,tanaka_kyouko punk metal_band_text wolf_cut band_shirt merchandise smiley_face profanity,原创角色设计师 · 神话/宗教 · 日常/治愈 · 拼贴/混合 · 单人立绘,https://danbooru.donmai.us/artists/2118140
429940,korie_riko,668,200,全年龄向,0.035,综合向插画师,原创/同人混合,群像/多人,兽耳/亚人/角色扮演/异装,,姿势/动态,alice_or_alice|indie_virtual_youtuber|princess_connect!,alice_or_alice korie-chan airi_(alice_or_alice) amairo_chocolata rise_(alice_or_alice) juuoumujin_no_fafnir princess_connect! heart-shaped_pillow,综合向插画师 · 兽耳/亚人 · 角色扮演/异装 · 姿势/动态 · 原创/同人混合,https://danbooru.donmai.us/artists/429940
1764615,noshimurin,668,200,轻度色气,0.205,同人角色专精,同人为主,群像/多人,裸体/暴露/校园,赛璐璐/平涂/漫画分镜,俯视/仰视,bang_dream!|bang_dream!_girls_band_party!|bang_dream!_it's_mygo!!!!!,bang_dream! bang_dream!_girls_band_party! bang_dream!_it's_mygo!!!!! ichigaya_arisa bang_dream!_yumemita shiina_taki hanasakigawa_school_uniform minato_yukina,同人角色专精 · 裸体/暴露 · 校园 · 赛璐璐/平涂 · 俯视/仰视,https://danbooru.donmai.us/artists/1764615
8131,nishimata_aoi,668,200,轻度色气,0.055,综合向插画师,同人为主,群像/多人,自然/风景/泳装/内衣,特效/后期,俯视/仰视,shuffle!|oretachi_ni_tsubasa_wa_nai|tsuki_ni_yorisou_otome_no_sahou,shuffle! double_bowtie oretachi_ni_tsubasa_wa_nai tsuki_ni_yorisou_otome_no_sahou shuffle!_essence+ tsuki_ni_yorisou_otome_no_sahou_2 fuyou_kaede sekai_seifuku_kanojo,综合向插画师 · 自然/风景 · 泳装/内衣 · 特效/后期 · 俯视/仰视,https://danbooru.donmai.us/artists/8131
439075,sugiyuu,668,200,硬核R18,0.76,R18情色向画师,原创/同人混合,男性主体,裸体/暴露/神话/宗教,漫画分镜/特效/后期,漫画/多格,princess_connect!|idolmaster|gakuen_idolmaster,princess_connect! defeat black_robe nun_headdress rape clothed_female_nude_male nun sex,硬核R18 · R18情色向画师 · 裸体/暴露 · 神话/宗教 · 漫画分镜 · 漫画/多格,https://danbooru.donmai.us/artists/439075
1716231,discount-supervillain,668,200,全年龄向,0.0,综合向插画师,同人为主,非人物/静物,兽人/furry/奇幻/魔法,漫画分镜,差分/变体,steven_universe|adventure_time|utdr_(toby_fox),steven_universe gem_(steven_universe) toon_(style) pendleton_ward_(style) adventure_time lapis_lazuli_(steven_universe) transparent_background peridot_(steven_universe),综合向插画师 · 兽人/furry · 奇幻/魔法 · 漫画分镜 · 差分/变体,https://danbooru.donmai.us/artists/1716231
377613,shinshin,667,200,全年龄向,0.015,传统手绘媒介,同人为主,女性主体,校园/泳装/内衣,线稿/速写/素描/炭笔,设定/图解,girls_und_panzer|kantai_collection|rokudenashi_majutsu_koushi_to_akashic_record,girls_und_panzer isuzu_hana ooarai_school_uniform kantai_collection twitter_username bespectacled mika_(girls_und_panzer) volleyball_(sport),传统手绘媒介 · 校园 · 泳装/内衣 · 线稿/速写 · 设定/图解,https://danbooru.donmai.us/artists/377613
374687,misteor,667,200,全年龄向,0.0,奇幻/魔法题材,同人为主,群像/多人,奇幻/魔法/科幻/机甲,单色/灰度,肖像/半身,mahou_shoujo_madoka_magica|mahou_shoujo_madoka_magica:_hangyaku_no_monogatari|mahou_shoujo_madoka_magica_(anime),mahou_shoujo_madoka_magica akuma_homura mahou_shoujo_madoka_magica:_hangyaku_no_monogatari akemi_homura kaname_madoka ultimate_madoka mahou_shoujo_madoka_magica:_walpurgis_no_kaiten mahou_shoujo_madoka_magica_(anime),奇幻/魔法题材 · 奇幻/魔法 · 科幻/机甲 · 单色/灰度 · 肖像/半身,https://danbooru.donmai.us/artists/374687
573347,yuzuna99,667,200,全年龄向,0.0,漫画/剧情向,同人为主,群像/多人,和风/日常/治愈,漫画分镜/线稿/速写,漫画/多格,touhou|alice's_adventures_in_wonderland|symposium_of_post-mysticism,tatara_kogasa touhou karakasa_obake tatara_kogasa_(umbrella) heterochromia 4koma motoori_kosuzu sukuna_shinmyoumaru,漫画/剧情向 · 和风 · 日常/治愈 · 漫画分镜 · 漫画/多格,https://danbooru.donmai.us/artists/573347
563780,doyouwantto,667,200,轻度色气,0.045,机甲/军事题材,同人为主,女性主体,科幻/机甲/体型特征,单色/灰度/漫画分镜,俯视/仰视,alice_gear_aegis|frame_arms_girl|blue_archive,alice_gear_aegis mecha_musume frame_arms_girl ochanomizu_mirie signature ichijou_ayaka mechanical_legs headgear,机甲/军事题材 · 科幻/机甲 · 体型特征 · 单色/灰度 · 俯视/仰视,https://danbooru.donmai.us/artists/563780
1589590,hanasaka_houcha,667,200,全年龄向,0.06,原创角色设计师,原创为主,男性主体,校园/体型特征,漫画分镜/单色/灰度,漫画/多格,kono_subarashii_sekai_ni_shukufuku_wo!|pokemon|bocchi_the_rock!,aqua_(konosuba) kono_subarashii_sekai_ni_shukufuku_wo! sphere_hair_ornament gotoh_hitori cube_hair_ornament bocchi_the_rock! covered_collarbone iono_(pokemon),原创角色设计师 · 校园 · 体型特征 · 漫画分镜 · 漫画/多格,https://danbooru.donmai.us/artists/1589590
624875,sugano_manami,667,200,全年龄向,0.0,传统手绘媒介,原创为主,群像/多人,校园/日常/治愈,线稿/速写/素描/炭笔,肖像/半身,himawari-san|memories_(sugano_manami)|isekai_junai_anthology,himawari-san himawari-san_(character) kazamatsuri_matsuri signature artist_name black-framed_eyewear happy sketch,传统手绘媒介 · 校园 · 日常/治愈 · 线稿/速写 · 肖像/半身,https://danbooru.donmai.us/artists/624875
1786316,nui_(nuinui0300),667,200,轻度色气,0.155,同人角色专精,同人为主,女性主体,神话/宗教/裸体/暴露,单色/灰度,姿势/动态,blue_archive|arknights|arknights:_endfield,blue_archive halo blue_halo cross_hair_ornament green_halo shiroko_(blue_archive) mismatched_pupils kei_(blue_archive),同人角色专精 · 神话/宗教 · 裸体/暴露 · 单色/灰度 · 姿势/动态,https://danbooru.donmai.us/artists/1786316
2095826,rampa93,667,200,全年龄向,0.01,单色线稿派,同人为主,群像/多人,军事/枪械/兽耳/亚人,单色/灰度/线稿/速写,差分/变体,touhou|jujutsu_kaisen|chainsaw_man,touhou disembodied_linked_eye eyeball komeiji_satori komeiji_koishi heart_button toramaru_shou remilia_scarlet,单色线稿派 · 军事/枪械 · 兽耳/亚人 · 单色/灰度 · 差分/变体,https://danbooru.donmai.us/artists/2095826
639735,zannen_na_hito,667,200,全年龄向,0.005,同人角色专精,同人为主,群像/多人,泳装/内衣/兽耳/亚人,漫画分镜/线稿/速写,姿势/动态,touhou|umamusume|girls_und_panzer,touhou blush_stickers twitter_username aki_shizuha crotch_seam aki_minoriko tokin_hat striped_panties,同人角色专精 · 泳装/内衣 · 兽耳/亚人 · 漫画分镜 · 姿势/动态,https://danbooru.donmai.us/artists/639735
1571923,sasanon_(sasapoliton),667,200,轻度色气,0.28,百合专精,同人为主,群像/多人,裸体/暴露/泳装/内衣,漫画分镜,表情/表演,umamusume|love_live!|love_live!_nijigasaki_high_school_idol_club,takasaki_yu love_live!_nijigasaki_high_school_idol_club love_live! yuki_setsuna umamusume gakuen_idolmaster horse_girl twitter_username,百合专精 · 裸体/暴露 · 泳装/内衣 · 漫画分镜 · 表情/表演,https://danbooru.donmai.us/artists/1571923
1673575,necro_(nekurodayo),666,200,轻度色气,0.1,综合向插画师,同人为主,群像/多人,泳装/内衣/裸体/暴露,单色/灰度/漫画分镜,漫画/多格,touhou|blue_archive,touhou kirisame_marisa slit_pupils hat_bow alternate_eye_color frilled_hat usami_renko maribel_hearn,综合向插画师 · 泳装/内衣 · 裸体/暴露 · 单色/灰度 · 漫画/多格,https://danbooru.donmai.us/artists/1673575
1770183,clamp_(circle),666,200,全年龄向,0.0,奇幻/魔法题材,同人为主,男性主体,科幻/机甲/奇幻/魔法,特效/后期/单色/灰度,单人立绘,cardcaptor_sakura|magic_knight_rayearth|chobits,cardcaptor_sakura kinomoto_sakura 1990s_(style) magic_knight_rayearth retro_artstyle chii chobits persocom_(chobits),奇幻/魔法题材 · 科幻/机甲 · 奇幻/魔法 · 特效/后期 · 单人立绘,https://danbooru.donmai.us/artists/1770183
1303102,tony_guisado,665,200,情色向,0.125,综合向插画师,同人为主,女性主体,裸体/暴露/体型特征,单色/灰度,姿势/动态,azur_lane|fate_(series)|fate/grand_order,dakimakura_(medium) heart_censor seventh_star azur_lane cuddly_octopus freya_stryker shoukaku_(azur_lane) tosa_(azur_lane),情色向 · 综合向插画师 · 裸体/暴露 · 体型特征 · 单色/灰度 · 姿势/动态,https://danbooru.donmai.us/artists/1303102
1450342,asazuki_norito,665,200,全年龄向,0.01,单色线稿派,同人为主,双人/CP,BL/腐向/恋爱/情感,单色/灰度/漫画分镜,漫画/多格,otokonoko_ni_nacchatta_joshikousei|zenbu_kimi_no_sei|ranma_1/2,otokonoko_ni_nacchatta_joshikousei kamishiro_tsumugi kamishiro_tsumugi_(male) motomiya_mei sagimiya_ryou zenbu_kimi_no_sei mikami_nagisa mikami_nagisa_(male),单色线稿派 · BL/腐向 · 恋爱/情感 · 单色/灰度 · 漫画/多格,https://danbooru.donmai.us/artists/1450342
1421729,teshima_nari,666,200,全年龄向,0.0,综合向插画师,同人为主,群像/多人,音乐/偶像/配饰/首饰,漫画分镜/拼贴/混合,漫画/多格,girls_band_cry|synthesizer_v|bang_dream!,girls_band_cry kawaragi_momoka ebizuka_tomo iseri_nina rupa_(girls_band_cry) awa_subaru togenashi_togeari roots_(hair),综合向插画师 · 音乐/偶像 · 配饰/首饰 · 漫画分镜 · 漫画/多格,https://danbooru.donmai.us/artists/1421729
1230370,kinona,665,200,全年龄向,0.0,综合向插画师,同人为主,男性主体,BL/腐向/自然/风景,单色/灰度/线稿/速写,漫画/多格,final_fantasy|final_fantasy_xiv|honkai:_star_rail,haurchefant_greystone final_fantasy_xiv final_fantasy chainmail stelle_(honkai:_star_rail) honkai:_star_rail trailblazer_(honkai:_star_rail) honkai_(series),综合向插画师 · BL/腐向 · 自然/风景 · 单色/灰度 · 漫画/多格,https://danbooru.donmai.us/artists/1230370
723970,hyurasan,665,200,全年龄向,0.0,单色线稿派,同人为主,群像/多人,校园/和风,单色/灰度/漫画分镜,漫画/多格,touhou|genshin_impact|line_(naver),remilia_scarlet touhou hakurei_reimu patchouli_knowledge kirisame_marisa bat_wings greyscale comic,单色线稿派 · 校园 · 和风 · 单色/灰度 · 漫画/多格,https://danbooru.donmai.us/artists/723970
1284360,yamanashi_taiki,665,200,全年龄向,0.0,机甲/军事题材,同人为主,男性主体,军事/枪械/BL/腐向,单色/灰度/漫画分镜,肖像/半身,mega_man_(series)|mega_man_zero_(series)|mega_man_x_(series),mega_man_zero_(series) mega_man_(series) too_many_watermarks watermark_grid hidden_phantom_(mega_man) forehead_jewel mega_man_x_(series) sage_harpuia_(mega_man),机甲/军事题材 · 军事/枪械 · BL/腐向 · 单色/灰度 · 肖像/半身,https://danbooru.donmai.us/artists/1284360
583619,weee_(raemz),665,200,全年龄向,0.01,日常/治愈系,同人为主,群像/多人,校园/自然/风景,单色/灰度/光影/氛围,俯视/仰视,chitose-kun_wa_ramune_bin_no_naka|toumei_na_yoru_ni_kakeru_kimi_to_me_ni_mienai_koi_wo_shita|adachi_to_shimamura,chitose-kun_wa_ramune_bin_no_naka toumei_na_yoru_ni_kakeru_kimi_to_me_ni_mienai_koi_wo_shita aomi_haru fuyutsuki_koharu hiiragi_yuuko nanase_yuzuki uchida_yua adachi_sakura,日常/治愈系 · 校园 · 自然/风景 · 单色/灰度 · 俯视/仰视,https://danbooru.donmai.us/artists/583619
1331259,hiraga_matsuri,665,200,全年龄向,0.005,原创角色设计师,原创/同人混合,男性主体,兽耳/亚人/泳装/内衣,线稿/速写,姿势/动态,indie_virtual_youtuber|idolmaster|luminaria_pro,aoi_minato_(vtuber) luminaria_pro indie_virtual_youtuber virtual_youtuber double-parted_bangs crop_top_overhang shiragiku_hotaru teruzuki_kazeha,原创角色设计师 · 兽耳/亚人 · 泳装/内衣 · 线稿/速写 · 姿势/动态,https://danbooru.donmai.us/artists/1331259
1547648,bakushi_(smys2017),664,200,全年龄向,0.005,兽耳/亚人专精,同人为主,男性主体,兽人/furry/BL/腐向,漫画分镜/单色/灰度,设定/图解,si_land|jinba|puss_in_boots:_the_last_wish,si_land jean_(si_land) king_zahab_(si_land) lion_mane lion_boy furry_male dog_boy furry,兽耳/亚人专精 · 兽人/furry · BL/腐向 · 漫画分镜 · 设定/图解,https://danbooru.donmai.us/artists/1547648
1396901,totatokeke,665,200,全年龄向,0.0,漫画/剧情向,同人为主,群像/多人,日常/治愈/军事/枪械,漫画分镜/单色/灰度,漫画/多格,goddess_of_victory:_nikke|stellar_blade|fate/grand_order,goddess_of_victory:_nikke sticker_(medium) no_nose chibi 4koma neon_(nikke) anis_(nikke) counters_(nikke),漫画/剧情向 · 日常/治愈 · 军事/枪械 · 漫画分镜 · 漫画/多格,https://danbooru.donmai.us/artists/1396901
697313,jason_(kaiten_kussaku_kikou),664,200,轻度色气,0.02,百合专精,原创/同人混合,双人/CP,裸体/暴露/泳装/内衣,单色/灰度/线稿/速写,姿势/动态,lyrical_nanoha|mahou_shoujo_lyrical_nanoha|love_live!,lyrical_nanoha mahou_shoujo_lyrical_nanoha fate_testarossa mahou_shoujo_lyrical_nanoha_strikers mahou_shoujo_lyrical_nanoha_a's love_live!_school_idol_project love_live! alicia_testarossa,百合专精 · 裸体/暴露 · 泳装/内衣 · 单色/灰度 · 姿势/动态,https://danbooru.donmai.us/artists/697313
629133,momoshiki_tsubaki,664,200,全年龄向,0.0,综合向插画师,同人为主,群像/多人,兽耳/亚人/音乐/偶像,特效/后期/线稿/速写,差分/变体,hololive|nijisanji|indie_virtual_youtuber,virtual_youtuber hololive kagura_mea nijisanji kagura_gumi momosuzu_nene copyright_notice sample_watermark,综合向插画师 · 兽耳/亚人 · 音乐/偶像 · 特效/后期 · 差分/变体,https://danbooru.donmai.us/artists/629133
1592591,takaman_(gaffe),664,200,硬核R18,0.525,单色线稿派,同人为主,男性主体,裸体/暴露/体型特征,单色/灰度/漫画分镜,漫画/多格,kantai_collection|comiket_104|blue_archive,kantai_collection zuikaku_(kancolle) female_admiral_(kancolle) bar_censor greyscale kaga_(kancolle) monochrome pubic_hair,硬核R18 · 单色线稿派 · 裸体/暴露 · 体型特征 · 单色/灰度 · 漫画/多格,https://danbooru.donmai.us/artists/1592591
1323630,chiimako,664,200,全年龄向,0.0,综合向插画师,同人为主,非人物/静物,兽人/furry/奇幻/魔法,单色/灰度/特效/后期,差分/变体,toshi_densetsu_kaitai_center|kirby_(series)|pokemon,toshi_densetsu_kaitai_center hinata_(toshi_densetsu_kaitai_center) gnosia kirby_(series) kirby_and_the_forgotten_land paper_mario_(series) paper_mario:_the_thousand-year_door elfilin,综合向插画师 · 兽人/furry · 奇幻/魔法 · 单色/灰度 · 差分/变体,https://danbooru.donmai.us/artists/1323630
697315,yanagi_(nurikoboshi),663,200,全年龄向,0.0,漫画/剧情向,同人为主,群像/多人,兽耳/亚人/军事/枪械,漫画分镜/单色/灰度,漫画/多格,pixiv_azriel|pixiv_fantasia|pixiv_fantasia_sword_regalia,pixiv_azriel oono_mayu yumeshima_kanata hair_up pixiv_fantasia_sword_regalia pixiv_fantasia mikazuki_aoi 4koma,漫画/剧情向 · 兽耳/亚人 · 军事/枪械 · 漫画分镜 · 漫画/多格,https://danbooru.donmai.us/artists/697315
2139981,kotochi_re,663,200,全年龄向,0.0,日常/治愈系,同人为主,双人/CP,恋爱/情感/日常/治愈,单色/灰度/漫画分镜,漫画/多格,chainsaw_man|tokyo_ghoul|tokyo_ghoul:re,tokyo_ghoul kirishima_touka tokyo_ghoul:re kaneki_ken power_(chainsaw_man) chainsaw_man denji_(chainsaw_man) makima_(chainsaw_man),日常/治愈系 · 恋爱/情感 · 日常/治愈 · 单色/灰度 · 漫画/多格,https://danbooru.donmai.us/artists/2139981
1426392,komori_kuzuyu,663,200,全年龄向,0.02,原创角色设计师,原创为主,女性主体,校园/日常/治愈,漫画分镜/单色/灰度,单人立绘,station_memories|blue_archive|onna_tomodachi_wa_tanomeba_igaito_yarasete_kureru,haru_(kuzuyu) etna_(kuzuyu) nao_(kuzuyu) rivier_(kuzuyu) butterfly_hair_ornament diagonal-striped_bow station_memories puffy_long_sleeves,原创角色设计师 · 校园 · 日常/治愈 · 漫画分镜 · 单人立绘,https://danbooru.donmai.us/artists/1426392
1706314,suminagashi,663,200,全年龄向,0.0,兽耳/亚人专精,同人为主,男性主体,兽耳/亚人/体型特征,线稿/速写/素描/炭笔,肖像/半身,touhou|azur_lane|fate/grand_order,imaizumi_kagerou touhou azur_lane wolf_tail wolf_ears wolf_girl fate/grand_order murasaki_shikibu_(fate),兽耳/亚人专精 · 兽耳/亚人 · 体型特征 · 线稿/速写 · 肖像/半身,https://danbooru.donmai.us/artists/1706314
1268998,murabito_c,663,200,情色向,0.28,综合向插画师,原创/同人混合,双人/CP,裸体/暴露/泳装/内衣,单色/灰度/漫画分镜,漫画/多格,idolmaster|idolmaster_shiny_colors|idolmaster_cinderella_girls,nagisa_(murabito) idolmaster idolmaster_shiny_colors yagami_makino mayuzumi_fuyuko shibari idolmaster_cinderella_girls ball_gag,情色向 · 综合向插画师 · 裸体/暴露 · 泳装/内衣 · 单色/灰度 · 漫画/多格,https://danbooru.donmai.us/artists/1268998
504669,haku89,663,200,硬核R18,0.885,R18情色向画师,同人为主,男性主体,裸体/暴露/手足/局部,漫画分镜,俯视/仰视,wuthering_waves|cafe_stella_to_shinigami_no_chou|genshin_impact,wuthering_waves shiki_natsume cafe_stella_to_shinigami_no_chou scribble_censor pointless_censoring denia_(wuthering_waves) aemeath_(wuthering_waves) chisa_(wuthering_waves),硬核R18 · R18情色向画师 · 裸体/暴露 · 手足/局部 · 漫画分镜 · 俯视/仰视,https://danbooru.donmai.us/artists/504669
1808827,gsusart,663,200,硬核R18,0.86,R18情色向画师,同人为主,群像/多人,裸体/暴露/恋爱/情感,漫画分镜,姿势/动态,oshi_no_ko|arknights|gundam,oshi_no_ko arima_kana hoshino_aquamarine bar_censor hoshino_ruby memcho saitou_miyako ring_light_reflection,硬核R18 · R18情色向画师 · 裸体/暴露 · 恋爱/情感 · 漫画分镜 · 姿势/动态,https://danbooru.donmai.us/artists/1808827
1688581,daydarion,662,200,轻度色气,0.03,综合向插画师,同人为主,非人物/静物,兽耳/亚人/泳装/内衣,赛璐璐/平涂/单色/灰度,姿势/动态,hololive|hololive_english|nijisanji,elira_pendora nijisanji_en hololive_english virtual_youtuber nijisanji hololive mole_on_armpit nerissa_ravencroft,综合向插画师 · 兽耳/亚人 · 泳装/内衣 · 赛璐璐/平涂 · 姿势/动态,https://danbooru.donmai.us/artists/1688581
1229937,rei_(sanbonzakura),662,200,全年龄向,0.015,机甲/军事题材,同人为主,男性主体,BL/腐向/军事/枪械,单色/灰度,场景插画,touhou|tamaonsen|fate_(series),tamaonsen axis_powers_hetalia song_of_time the_great_ace_attorney america_(hetalia) ace_attorney album_cover united_kingdom_(hetalia),机甲/军事题材 · BL/腐向 · 军事/枪械 · 单色/灰度 · 场景插画,https://danbooru.donmai.us/artists/1229937
842493,hayashi_custom,662,200,情色向,0.43,R18情色向画师,原创/同人混合,女性主体,裸体/暴露/体型特征,漫画分镜,俯视/仰视,touhou|pokemon|gothic_wa_mahou_otome,sachiko_(hayashi_custom) gothic_wa_mahou_otome izayoi_sakuya touhou cum cross-section internal_cumshot impregnation,情色向 · R18情色向画师 · 裸体/暴露 · 体型特征 · 漫画分镜 · 俯视/仰视,https://danbooru.donmai.us/artists/842493
1370811,aningay,662,200,全年龄向,0.0,综合向插画师,同人为主,群像/多人,泳装/内衣/兽耳/亚人,线稿/速写/漫画分镜,单人立绘,indie_virtual_youtuber|girls'_frontline|girls'_frontline_2:_exilium,indie_virtual_youtuber virtual_youtuber stargazer_(company) stelle_scarlett_fall-laune girls'_frontline girls'_frontline_2:_exilium aningay_(vtuber) usami_miyu,综合向插画师 · 泳装/内衣 · 兽耳/亚人 · 线稿/速写 · 单人立绘,https://danbooru.donmai.us/artists/1370811
383242,mitarashi_kousei,662,200,情色向,0.085,日常/治愈系,同人为主,双人/CP,泳装/内衣/裸体/暴露,特效/后期/线稿/速写,姿势/动态,kanon|idolmaster|idolmaster_cinderella_girls,minase_akiko kanon mature_female minase_nayuki mochida_arisa hair_intakes sample_watermark idolmaster_cinderella_girls,情色向 · 日常/治愈系 · 泳装/内衣 · 裸体/暴露 · 特效/后期 · 姿势/动态,https://danbooru.donmai.us/artists/383242
1403918,yasaikakiage,661,200,全年龄向,0.0,综合向插画师,同人为主,男性主体,兽人/furry/军事/枪械,漫画分镜,肖像/半身,super_smash_bros.|pokemon|metroid,super_smash_bros. mega_man_(character) zero_suit samus_aran metroid mega_man_(classic) mega_man_(series) kid_icarus,综合向插画师 · 兽人/furry · 军事/枪械 · 漫画分镜 · 肖像/半身,https://danbooru.donmai.us/artists/1403918
659155,itto_(mentaiko),661,200,情色向,0.41,BL/腐向专精,原创/同人混合,男性主体,BL/腐向/体型特征,赛璐璐/平涂/线稿/速写,俯视/仰视,gyee|crave_saga|live_a_hero,bara large_pectorals gyee pectorals muscular_male muscular yaoi delafere_(gyee),情色向 · BL/腐向专精 · BL/腐向 · 体型特征 · 赛璐璐/平涂 · 俯视/仰视,https://danbooru.donmai.us/artists/659155
1753645,cocomayo29_(tomato),661,200,全年龄向,0.0,兽耳/亚人专精,同人为主,非人物/静物,兽耳/亚人/角色扮演/异装,漫画分镜,表情/表演,hololive|limbus_company|project_moon,hololive nekomata_okayu_(1st_costume) nekomata_okayu miteiru_(shirakami_fubuki) djmax_respect clear_(djmax) djmax ookami_mio,兽耳/亚人专精 · 兽耳/亚人 · 角色扮演/异装 · 漫画分镜 · 表情/表演,https://danbooru.donmai.us/artists/1753645
1542659,coffeekite,660,200,硬核R18,0.65,R18情色向画师,同人为主,男性主体,裸体/暴露/手足/局部,,姿势/动态,fate_(series)|fate/grand_order|blue_archive,meltryllis_(fate) fate/grand_order uni_(coffeekite) fate_(series) bar_censor fujimaru_ritsuka_(male) penis meltryllis_(swimsuit_lancer)_(second_ascension)_(fate),硬核R18 · R18情色向画师 · 裸体/暴露 · 手足/局部 · 姿势/动态 · 同人为主,https://danbooru.donmai.us/artists/1542659
1476290,misekai_555,660,200,硬核R18,0.795,R18情色向画师,同人为主,男性主体,裸体/暴露/手足/局部,单色/灰度/线稿/速写,姿势/动态,idolmaster|idolmaster_shiny_colors,procreate_(software) art_program_in_frame idolmaster_shiny_colors blur_censor idolmaster sakuragi_mano osaki_tenka user_interface,硬核R18 · R18情色向画师 · 裸体/暴露 · 手足/局部 · 单色/灰度 · 姿势/动态,https://danbooru.donmai.us/artists/1476290
382509,komi_zumiko,660,200,全年龄向,0.1,综合向插画师,同人为主,男性主体,神话/宗教/和风,单色/灰度/漫画分镜,漫画/多格,kantai_collection|blue_archive|umamusume,kitakami_(kancolle) kayoko_(blue_archive) kantai_collection ooi_(kancolle) blue_archive hojo_karen agnes_tachyon_(umamusume) kitakami_kai_ni_(kancolle),综合向插画师 · 神话/宗教 · 和风 · 单色/灰度 · 漫画/多格,https://danbooru.donmai.us/artists/382509
532802,natsu_(anta_tte_hitoha),660,200,全年龄向,0.0,传统手绘媒介,同人为主,男性主体,兽耳/亚人/泳装/内衣,线稿/速写/素描/炭笔,俯视/仰视,idolmaster|idolmaster_cinderella_girls|kantai_collection,idolmaster_cinderella_girls idolmaster sagisawa_fumika hojo_karen kohinata_miho shibuya_rin idolmaster_million_live! kantai_collection,传统手绘媒介 · 兽耳/亚人 · 泳装/内衣 · 线稿/速写 · 俯视/仰视,https://danbooru.donmai.us/artists/532802
668173,nyuu_(manekin-eko),659,200,硬核R18,0.55,R18情色向画师,同人为主,群像/多人,裸体/暴露/泳装/内衣,特效/后期/漫画分镜,姿势/动态,touhou|fate/grand_order|fate_(series),dated touhou yarimono_(game) bar_censor chikeflare censored pussy_juice mind_control,硬核R18 · R18情色向画师 · 裸体/暴露 · 泳装/内衣 · 特效/后期 · 姿势/动态,https://danbooru.donmai.us/artists/668173
1823361,nobita_(makoto7060355),659,200,全年龄向,0.0,传统手绘媒介,同人为主,男性主体,军事/枪械/神话/宗教,单色/灰度/线稿/速写,姿势/动态,blue_archive|arknights|umamusume,jojo_no_kimyou_na_bouken arknights guilty_gear guilty_gear_strive blue_archive umamusume jaggy_lines horse_girl,传统手绘媒介 · 军事/枪械 · 神话/宗教 · 单色/灰度 · 姿势/动态,https://danbooru.donmai.us/artists/1823361
1332423,meis_(terameisu),659,200,情色向,0.41,综合向插画师,同人为主,男性主体,裸体/暴露/体型特征,单色/灰度/漫画分镜,姿势/动态,urayasu_tekkin_kazoku|touhou|yama_no_susume,urayasu_tekkin_kazoku yama_no_susume loli cookie_(touhou) kuraue_hinata nishikawa_noriko kanna_(cookie) touhou,情色向 · 综合向插画师 · 裸体/暴露 · 体型特征 · 单色/灰度 · 姿势/动态,https://danbooru.donmai.us/artists/1332423
1387824,nagioka,659,200,硬核R18,0.705,R18情色向画师,原创为主,群像/多人,裸体/暴露/制服/职场,特效/后期/线稿/速写,姿势/动态,star_ocean|star_ocean:_anamnesis|ragnarok_online,star_ocean:_anamnesis star_ocean evelysse_(star_ocean) brown_hair_girl_(nagioka) hair_bun_girl_(nagioka) male_pubic_hair pubic_hair letterboxed,硬核R18 · R18情色向画师 · 裸体/暴露 · 制服/职场 · 特效/后期 · 姿势/动态,https://danbooru.donmai.us/artists/1387824
650465,kuro_chairo_no_neko,659,200,轻度色气,0.33,综合向插画师,同人为主,女性主体,裸体/暴露/泳装/内衣,线稿/速写/素描/炭笔,姿势/动态,kantai_collection|granblue_fantasy|flower_knight_girl,kantai_collection twitter_username kinrenka_(flower_knight_girl) flower_knight_girl granblue_fantasy pointless_censoring karaage_ni_lemon_wo_kaketara_party_wo_tsuihou_sareta anila_(summer)_(granblue_fantasy),综合向插画师 · 裸体/暴露 · 泳装/内衣 · 线稿/速写 · 姿势/动态,https://danbooru.donmai.us/artists/650465
632963,sachito,658,200,轻度色气,0.08,综合向插画师,原创/同人混合,非人物/静物,体型特征/军事/枪械,线稿/速写/素描/炭笔,单人立绘,touhou|xenoblade_chronicles_(series)|xenoblade_chronicles_2,sumi-chan_(sachito) huge_breasts lactation_through_clothes xenoblade_chronicles_2 xenoblade_chronicles_(series) lactation voiceroid curvy,综合向插画师 · 体型特征 · 军事/枪械 · 线稿/速写 · 单人立绘,https://danbooru.donmai.us/artists/632963
435906,ishikkoro,658,200,全年龄向,0.0,同人角色专精,同人为主,群像/多人,泳装/内衣/兽耳/亚人,线稿/速写/素描/炭笔,俯视/仰视,touhou|kantai_collection|kemono_friends,nazrin touhou mouse_ears mouse_tail disembodied_linked_eye eyeball komeiji_satori komeiji_koishi,同人角色专精 · 泳装/内衣 · 兽耳/亚人 · 线稿/速写 · 俯视/仰视,https://danbooru.donmai.us/artists/435906
1319969,pallad,658,200,轻度色气,0.12,原创角色设计师,原创为主,群像/多人,校园/泳装/内衣,漫画分镜,姿势/动态,kantai_collection|cosmic_break|white_album_(series),shirogane_sumire_(pallad) cosmic_break natalia_dominique white_album_2 white_album_(series) grey_buruma moebius_(blueelfmoebius) mecha_musume,原创角色设计师 · 校园 · 泳装/内衣 · 漫画分镜 · 姿势/动态,https://danbooru.donmai.us/artists/1319969
1279593,namauni,658,200,全年龄向,0.035,兽耳/亚人专精,同人为主,群像/多人,兽耳/亚人/音乐/偶像,单色/灰度/线稿/速写,肖像/半身,touhou|pokemon,kasodani_kyouko touhou mystia_lorelei bird_ears tatara_kogasa miyako_yoshika dog_ears choujuu_gigaku,兽耳/亚人专精 · 兽耳/亚人 · 音乐/偶像 · 单色/灰度 · 肖像/半身,https://danbooru.donmai.us/artists/1279593
1426534,oniilus,659,200,硬核R18,0.575,R18情色向画师,同人为主,女性主体,裸体/暴露/手足/局部,,姿势/动态,zenless_zone_zero|genshin_impact|honkai:_star_rail,patreon_username zenless_zone_zero belle_(zenless_zone_zero) anus thigh_focus genshin_impact ass_focus huge_ass,硬核R18 · R18情色向画师 · 裸体/暴露 · 手足/局部 · 姿势/动态 · 同人为主,https://danbooru.donmai.us/artists/1426534
1592314,kanniiepan,657,200,全年龄向,0.0,原创角色设计师,原创/同人混合,女性主体,神话/宗教/配饰/首饰,,肖像/半身,zenless_zone_zero|umamusume|hololive,irene_(kanniiepan) cross_earrings cross mole_on_cheek zenless_zone_zero mole_on_breast black_nails mole_under_eye,原创角色设计师 · 神话/宗教 · 配饰/首饰 · 肖像/半身 · 原创/同人混合,https://danbooru.donmai.us/artists/1592314
1720972,pixie_willow_(voice_actor),657,200,硬核R18,0.975,3D/拟真渲染,同人为主,群像/多人,裸体/暴露/体型特征,3D/渲染/赛璐璐/平涂,姿势/动态,overwatch|final_fantasy|final_fantasy_vii,3d overwatch moaning uncensored penis sex bouncing_breasts mercy_(overwatch),硬核R18 · 3D/拟真渲染 · 裸体/暴露 · 体型特征 · 3D/渲染 · 姿势/动态,https://danbooru.donmai.us/artists/1720972
1597236,vertigris,657,200,全年龄向,0.0,传统手绘媒介,原创/同人混合,群像/多人,体型特征/都市/街景,线稿/速写/单色/灰度,设定/图解,go!_go!_gris!|vocaloid|indie_virtual_youtuber,go!_go!_gris! gris_(go!_go!_gris!) thick_eyelashes long_eyelashes kara_(go!_go!_gris!) bear_girl eyebrows_hidden_by_hair invisible_floor,传统手绘媒介 · 体型特征 · 都市/街景 · 线稿/速写 · 设定/图解,https://danbooru.donmai.us/artists/1597236
1541600,zenshin,657,200,全年龄向,0.0,原创角色设计师,原创为主,非人物/静物,制服/职场/兽耳/亚人,单色/灰度/漫画分镜,漫画/多格,hololive|indie_virtual_youtuber|hololive_dev_is,contrast_collar twitter_username small_sweatdrop kappougi collared_dress comic husband_and_wife hair_intakes,原创角色设计师 · 制服/职场 · 兽耳/亚人 · 单色/灰度 · 漫画/多格,https://danbooru.donmai.us/artists/1541600
1646271,surippa1010,657,200,全年龄向,0.03,兽耳/亚人专精,原创/同人混合,非人物/静物,兽人/furry/泳装/内衣,漫画分镜,表情/表演,pokemon|senran_kagura|vocaloid,uchino_konoha_(surippa) senran_kagura akita_neru thank_you pokemon commissioner_name twitter_username senran_kagura_new_link,兽耳/亚人专精 · 兽人/furry · 泳装/内衣 · 漫画分镜 · 表情/表演,https://danbooru.donmai.us/artists/1646271
390676,kurona,656,200,情色向,0.31,综合向插画师,同人为主,群像/多人,裸体/暴露/体型特征,单色/灰度/漫画分镜,姿势/动态,kantai_collection|touhou|blue_archive,kantai_collection makigumo_(kancolle) uzuki_(kancolle) loli jimiko crescent_hair_ornament akigumo_(kancolle) female_pubic_hair,情色向 · 综合向插画师 · 裸体/暴露 · 体型特征 · 单色/灰度 · 姿势/动态,https://danbooru.donmai.us/artists/390676
1364491,lansane,656,200,全年龄向,0.0,原创角色设计师,原创为主,男性主体,自然/风景/兽耳/亚人,线稿/速写/素描/炭笔,单人立绘,indie_virtual_youtuber|sekaiju_no_meikyuu|clover_theater,tsana_(lansane) monster_girl spider_girl arachne taur arthropod_girl quadriri_(lansane) arthropod_limbs,原创角色设计师 · 自然/风景 · 兽耳/亚人 · 线稿/速写 · 单人立绘,https://danbooru.donmai.us/artists/1364491
490429,piyokichi,657,200,全年龄向,0.015,百合专精,同人为主,群像/多人,和风/百合/GL,特效/后期/线稿/速写,差分/变体,touhou|jibaku_shounen_hanako-kun|lotus_eaters,jibaku_shounen_hanako-kun yashiro_nene hanako_(jibaku_shounen_hanako-kun) kirisame_marisa hakurei_reimu touhou lotus_eaters gakuseibou,百合专精 · 和风 · 百合/GL · 特效/后期 · 差分/变体,https://danbooru.donmai.us/artists/490429
1567335,yayoi_maka,656,200,全年龄向,0.005,综合向插画师,原创/同人混合,群像/多人,体型特征/神话/宗教,漫画分镜/单色/灰度,设定/图解,blue_archive|fate_(series)|fate/grand_order,amano_nene_(vtuber) production_kawaii minase_eve_(yayoi_maka) minase_satsuki_(yayoi_maka) minase_alice_(yayoi_maka) nero_claudius_(fate) cloudtomo_(amano_nene) hasumi_(blue_archive),综合向插画师 · 体型特征 · 神话/宗教 · 漫画分镜 · 设定/图解,https://danbooru.donmai.us/artists/1567335
1815830,shiro9jira,656,200,全年龄向,0.04,原创角色设计师,原创为主,群像/多人,兽耳/亚人/自然/风景,特效/后期/漫画分镜,俯视/仰视,indie_virtual_youtuber|vrchat|neko-nin_exheart,virtual_youtuber indie_virtual_youtuber commissioner_insert skin_fang lens_flare neko-nin_exheart makibishi_nanako shiyuonline,原创角色设计师 · 兽耳/亚人 · 自然/风景 · 特效/后期 · 俯视/仰视,https://danbooru.donmai.us/artists/1815830
478161,ohta_yuichi,656,200,全年龄向,0.06,综合向插画师,原创/同人混合,群像/多人,泳装/内衣/兽耳/亚人,单色/灰度/漫画分镜,单人立绘,monster_hunter_(series)|kantai_collection|honkai_(series),blonde_catgirl_(ohta_yuichi) color_guide bismarck_(kancolle) monster_hunter_(series) personification honkai_impact_3rd kantai_collection songque_(whitewave_topper),综合向插画师 · 泳装/内衣 · 兽耳/亚人 · 单色/灰度 · 单人立绘,https://danbooru.donmai.us/artists/478161
1463996,onsen_tamago_(hs_egg),656,200,情色向,0.245,综合向插画师,同人为主,女性主体,裸体/暴露/体型特征,单色/灰度/线稿/速写,姿势/动态,girls_und_panzer|ruri_no_houseki|fatal_fury,girls_und_panzer darjeeling_(girls_und_panzer) chouno_ami ruri_no_houseki arato_nagi nonna_(girls_und_panzer) st._gloriana's_school_uniform girls_band_cry,情色向 · 综合向插画师 · 裸体/暴露 · 体型特征 · 单色/灰度 · 姿势/动态,https://danbooru.donmai.us/artists/1463996
2469797,moca_(mocaa_iai),655,200,硬核R18,0.93,R18情色向画师,同人为主,男性主体,裸体/暴露/兽耳/亚人,漫画分镜,姿势/动态,honkai:_star_rail|honkai_(series)|zenless_zone_zero,honkai:_star_rail honkai_(series) bar_censor sex vaginal penis arknights:_endfield pussy,硬核R18 · R18情色向画师 · 裸体/暴露 · 兽耳/亚人 · 漫画分镜 · 姿势/动态,https://danbooru.donmai.us/artists/2469797
1648626,jasony,655,200,硬核R18,0.575,R18情色向画师,同人为主,群像/多人,体型特征/裸体/暴露,,姿势/动态,goddess_of_victory:_nikke|blue_archive|azur_lane,large_areolae thick_thighs wide_hips gem_pasties huge_breasts curvy goddess_of_victory:_nikke micro_pasties,硬核R18 · R18情色向画师 · 体型特征 · 裸体/暴露 · 姿势/动态 · 同人为主,https://danbooru.donmai.us/artists/1648626
1316281,the_golden_smurf,654,200,全年龄向,0.035,百合专精,同人为主,群像/多人,体型特征/战斗/动作,单色/灰度/特效/后期,表情/表演,fear_&_hunger_(series)|fear_&_hunger_2:_termina|fairy_tail,patreon_username web_address fear_&_hunger_(series) muscular_female covered_knees fear_&_hunger_2:_termina thick_thighs wide_hips,百合专精 · 体型特征 · 战斗/动作 · 单色/灰度 · 表情/表演,https://danbooru.donmai.us/artists/1316281
559400,moketa,655,200,硬核R18,0.985,单色线稿派,同人为主,男性主体,裸体/暴露/恋爱/情感,单色/灰度/漫画分镜,姿势/动态,nijisanji|idolmaster|hololive,bar_censor sex penis vaginal cum fellatio cum_pool nijisanji,硬核R18 · 单色线稿派 · 裸体/暴露 · 恋爱/情感 · 单色/灰度 · 姿势/动态,https://danbooru.donmai.us/artists/559400
648406,umyonge_(lkakeu),654,200,情色向,0.115,兽耳/亚人专精,同人为主,群像/多人,兽耳/亚人/泳装/内衣,漫画分镜,差分/变体,azur_lane|princess_connect!|blue_archive,nagato_(azur_lane) shimakaze_(azur_lane) azur_lane mutsu_(azur_lane) kokkoro_(princess_connect!) princess_connect! bikini_over_clothes fox_girl,情色向 · 兽耳/亚人专精 · 兽耳/亚人 · 泳装/内衣 · 漫画分镜 · 差分/变体,https://danbooru.donmai.us/artists/648406
1362636,tiemu_(man190),654,200,全年龄向,0.0,同人角色专精,同人为主,女性主体,泳装/内衣/校园,,差分/变体,kantai_collection|blue_archive|bishoujo_senshi_sailor_moon,shimakaze_(kancolle) kantai_collection black_neckerchief striped_thighhighs highleg_panties microskirt anchor_hair_ornament rensouhou-chan,同人角色专精 · 泳装/内衣 · 校园 · 差分/变体 · 同人为主,https://danbooru.donmai.us/artists/1362636
665016,toutenkou,654,200,全年龄向,0.0,同人角色专精,同人为主,群像/多人,自然/风景/兽耳/亚人,特效/后期,设定/图解,touhou|hakurei_frontier_spell_strive|touhou_danmaku_kagura,touhou reiuji_utsuho third_eye bird_wings kaenbyou_rin watermark_grid signature black_wings,同人角色专精 · 自然/风景 · 兽耳/亚人 · 特效/后期 · 设定/图解,https://danbooru.donmai.us/artists/665016
1292086,hakusai_(tiahszld),654,200,全年龄向,0.0,奇幻/魔法题材,同人为主,群像/多人,和风/奇幻/魔法,特效/后期,单人立绘,project_sekai|vocaloid|ojamajo_doremi,project_sekai lineup adapted_costume ojamajo_doremi pinching_sleeves vocaloid hatsune_miku grey_kimono,奇幻/魔法题材 · 和风 · 奇幻/魔法 · 特效/后期 · 单人立绘,https://danbooru.donmai.us/artists/1292086
1551839,suwaneko,653,200,全年龄向,0.035,漫画/剧情向,同人为主,群像/多人,兽耳/亚人/音乐/偶像,漫画分镜,漫画/多格,touhou|bocchi_the_rock!|sousou_no_frieren,touhou hakurei_reimu frilled_hair_tubes 2koma frilled_bow yellow_ascot skirt_set kirisame_marisa,漫画/剧情向 · 兽耳/亚人 · 音乐/偶像 · 漫画分镜 · 漫画/多格,https://danbooru.donmai.us/artists/1551839
583905,kedama_milk,653,200,情色向,0.195,原创角色设计师,原创为主,群像/多人,裸体/暴露/泳装/内衣,单色/灰度/漫画分镜,姿势/动态,boku_wa_chiisana_succubus_no_shimobe|zenbu_kimi_no_sei_da|melonbooks,sakyumama_(kedama_milk) boku_wa_chiisana_succubus_no_shimobe sutora-chan chloe_lilith_stella tiffany_lilith_stella chrome_(kedama_milk) zenbu_kimi_no_sei_da demon_tail,情色向 · 原创角色设计师 · 裸体/暴露 · 泳装/内衣 · 单色/灰度 · 姿势/动态,https://danbooru.donmai.us/artists/583905
488231,shinoasa,653,200,全年龄向,0.0,百合专精,同人为主,群像/多人,日常/治愈/自然/风景,单色/灰度/漫画分镜,漫画/多格,touhou|aikatsu!|aikatsu!_(series),kamishirasawa_keine fujiwara_no_mokou touhou otoshiro_seira forget-me-not_(flower) aikatsu! aikatsu!_(series) saegusa_kii,百合专精 · 日常/治愈 · 自然/风景 · 单色/灰度 · 漫画/多格,https://danbooru.donmai.us/artists/488231
1814591,cocoballking,652,200,全年龄向,0.0,综合向插画师,同人为主,男性主体,兽耳/亚人/和风,线稿/速写/素描/炭笔,俯视/仰视,honkai:_star_rail|honkai_(series)|genshin_impact,playing_card_(medium) honkai:_star_rail honkai_(series) card_(medium) genshin_impact playing_card card march_7th_(honkai:_star_rail),综合向插画师 · 兽耳/亚人 · 和风 · 线稿/速写 · 俯视/仰视,https://danbooru.donmai.us/artists/1814591
429737,midorikawa_you,652,200,全年龄向,0.0,综合向插画师,原创/同人混合,群像/多人,校园/自然/风景,单色/灰度/漫画分镜,漫画/多格,chikan_saresou_ni_natteiru_s-kyuu_bishoujo_wo_tasuketara_tonari_no_seki_no_osananajimi_datta|maigo_ni_natteita_youjo_wo_tasuketara_otonari_ni_sumu_bishoujo_ryuugakusei_ga_ie_ni_asobi_ni_kuru_you_ni_natta_ken_ni_tsuite|indie_virtual_youtuber,chikan_saresou_ni_natteiru_s-kyuu_bishoujo_wo_tasuketara_tonari_no_seki_no_osananajimi_datta fushimi_hina_(s-kyuu_osananajimi) maigo_ni_natteita_youjo_wo_tasuketara_otonari_ni_sumu_bishoujo_ryuugakusei_ga_ie_ni_asobi_ni_kuru_you_ni_natta_ken_ni_tsuite bennett_charlotte midorikawa_you_(vtuber) bennett_emma torigoe_shizuka aoyagi_akihito,综合向插画师 · 校园 · 自然/风景 · 单色/灰度 · 漫画/多格,https://danbooru.donmai.us/artists/429737
1312898,kibisake,652,200,全年龄向,0.0,综合向插画师,同人为主,群像/多人,兽耳/亚人/和风,线稿/速写/单色/灰度,单人立绘,touhou|kemono_friends|null-meta,touhou inubashiri_momiji null-meta uozumi_kurumi rumia ribbon-trimmed_sleeves skirt_set torii_koyomi,综合向插画师 · 兽耳/亚人 · 和风 · 线稿/速写 · 单人立绘,https://danbooru.donmai.us/artists/1312898
1354340,toka_(marchlizard),652,200,全年龄向,0.005,同人角色专精,同人为主,群像/多人,泳装/内衣/角色扮演/异装,,差分/变体,kantai_collection|comiket_104|comiket_109,nisshin_(kancolle) conte_di_cavour_(kancolle) kantai_collection shimakaze_(kancolle)_(cosplay) shouhou_(kancolle) conte_di_cavour_nuovo_(kancolle) shimakaze_(kancolle) short_eyebrows,同人角色专精 · 泳装/内衣 · 角色扮演/异装 · 差分/变体 · 同人为主,https://danbooru.donmai.us/artists/1354340
377649,fukai_ryosuke,652,200,全年龄向,0.0,机甲/军事题材,同人为主,非人物/静物,军事/枪械/科幻/机甲,特效/后期/线稿/速写,设定/图解,arms_note|blue_archive|azur_lane,arms_note swimming_club_kouhai_(fukai_ryousuke) bionic_joshikousei_(fukai_ryousuke) weapon_focus yaezawa_natori swimming_club_president_(fukai_ryousuke) mine_laying_maid .live,机甲/军事题材 · 军事/枪械 · 科幻/机甲 · 特效/后期 · 设定/图解,https://danbooru.donmai.us/artists/377649
1613137,swkl:d,652,200,全年龄向,0.0,百合专精,同人为主,群像/多人,日常/治愈/百合/GL,,差分/变体,genshin_impact|honkai_(series)|honkai:_star_rail,genshin_impact honkai:_star_rail honkai_(series) sandrone_(genshin_impact) columbina_(genshin_impact) zenless_zone_zero stelle_(honkai:_star_rail) trailblazer_(honkai:_star_rail),百合专精 · 日常/治愈 · 百合/GL · 差分/变体 · 同人为主,https://danbooru.donmai.us/artists/1613137
700479,aki_(neyuki41028),652,200,全年龄向,0.0,日常/治愈系,同人为主,男性主体,制服/职场/BL/腐向,单色/灰度/特效/后期,姿势/动态,fate/grand_order|fate_(series)|gridman_universe,kirschtaria_wodime romani_archaman fate/grand_order anti_(ssss.gridman) chaldea_staff_uniform fate_(series) gridman_universe_(movie) oberon_(fate),日常/治愈系 · 制服/职场 · BL/腐向 · 单色/灰度 · 姿势/动态,https://danbooru.donmai.us/artists/700479
402651,hyuuga_azuri,652,200,全年龄向,0.0,原创角色设计师,原创/同人混合,群像/多人,校园/日常/治愈,光影/氛围,俯视/仰视,class_de_2-banme_ni_kawaii_onnanoko_to_tomodachi_ni_natta|senpai_jitaku_keibiin_no_koyou_wa_ikaga_desu_ka|kadokawa,asanagi_umi class_de_2-banme_ni_kawaii_onnanoko_to_tomodachi_ni_natta fumino_kaede senpai_jitaku_keibiin_no_koyou_wa_ikaga_desu_ka novel_cover amami_yuu kadokawa maehara_maki,原创角色设计师 · 校园 · 日常/治愈 · 光影/氛围 · 俯视/仰视,https://danbooru.donmai.us/artists/402651
1569517,csyday,652,200,全年龄向,0.0,综合向插画师,同人为主,男性主体,BL/腐向/音乐/偶像,单色/灰度/漫画分镜,设定/图解,honkai:_star_rail|honkai_(series)|genshin_impact,honkai:_star_rail honkai_(series) misha_(honkai:_star_rail) genshin_impact stelle_(honkai:_star_rail) trailblazer_(honkai:_star_rail) signature dungeon_and_fighter,综合向插画师 · BL/腐向 · 音乐/偶像 · 单色/灰度 · 设定/图解,https://danbooru.donmai.us/artists/1569517
1289291,kamizono_(spookyhouse),652,200,全年龄向,0.0,机甲/军事题材,同人为主,非人物/静物,科幻/机甲/军事/枪械,单色/灰度/线稿/速写,漫画/多格,transformers|transformers:_generation_1|kantai_collection,transformers autobot mecha machinery transformers:_generation_1 robot decepticon insignia,机甲/军事题材 · 科幻/机甲 · 军事/枪械 · 单色/灰度 · 漫画/多格,https://danbooru.donmai.us/artists/1289291
1712187,coro_fae,651,200,轻度色气,0.075,同人角色专精,同人为主,双人/CP,泳装/内衣/裸体/暴露,赛璐璐/平涂,姿势/动态,kaguya-sama_wa_kokurasetai_~tensai-tachi_no_renai_zunousen~|sousou_no_frieren|mushoku_tensei,kaguya-sama_wa_kokurasetai_~tensai-tachi_no_renai_zunousen~ hayasaka_ai fujiwara_chika iino_miko shinomiya_kaguya shirogane_kei akasaka_aka_(style) smithee_a._haysaca,同人角色专精 · 泳装/内衣 · 裸体/暴露 · 赛璐璐/平涂 · 姿势/动态,https://danbooru.donmai.us/artists/1712187
1595465,yakisobapan_tarou_&_negitoro-ko,651,200,情色向,0.31,综合向插画师,同人为主,男性主体,裸体/暴露/体型特征,漫画分镜/单色/灰度,漫画/多格,fate_(series)|fate/grand_order|genshin_impact,fate/grand_order fate_(series) genshin_impact morgan_le_fay_(fate) fujimaru_ritsuka_(male) ovum_with_heart fertilization impregnation,情色向 · 综合向插画师 · 裸体/暴露 · 体型特征 · 漫画分镜 · 漫画/多格,https://danbooru.donmai.us/artists/1595465
1624005,akagi_kurage,651,200,轻度色气,0.175,BL/腐向专精,原创/同人混合,男性主体,BL/腐向/角色扮演/异装,线稿/速写/素描/炭笔,姿势/动态,kantai_collection|azur_lane|princess_connect!,kantai_collection trap crossdressing_(mtf) crossdressing male_penetrated yaoi ejaculating_while_penetrated handsfree_ejaculation,BL/腐向专精 · BL/腐向 · 角色扮演/异装 · 线稿/速写 · 姿势/动态,https://danbooru.donmai.us/artists/1624005
2336853,na-suke,651,200,全年龄向,0.0,综合向插画师,同人为主,女性主体,泳装/内衣/校园,赛璐璐/平涂/特效/后期,俯视/仰视,re:zero_kara_hajimeru_isekai_seikatsu|monogatari_(series)|sousou_no_frieren,monogatari_(series) re:zero_kara_hajimeru_isekai_seikatsu oshino_shinobu anime_coloring ringed_eyes senjougahara_hitagi shoulder_blush chainsaw_man,综合向插画师 · 泳装/内衣 · 校园 · 赛璐璐/平涂 · 俯视/仰视,https://danbooru.donmai.us/artists/2336853
1278051,ryuu.,651,200,轻度色气,0.28,原创角色设计师,原创为主,男性主体,体型特征/裸体/暴露,漫画分镜,姿势/动态,idolmaster|goddess_of_victory:_nikke|idolmaster_cinderella_girls,sugisaki_emma goddess_of_victory:_nikke huge_breasts multiple_earrings idolmaster idolmaster_cinderella_girls mosaic_censoring mole_under_mouth,原创角色设计师 · 体型特征 · 裸体/暴露 · 漫画分镜 · 姿势/动态,https://danbooru.donmai.us/artists/1278051
896091,haguhagu_(rinjuu_circus),651,200,轻度色气,0.17,原创角色设计师,原创为主,男性主体,体型特征/裸体/暴露,单色/灰度/漫画分镜,姿势/动态,sasha-chan_to_classmate_otaku-kun|youtube|nijisanji,sasha_(haguhagu) sasha-chan_to_classmate_otaku-kun shikishi fujihara_(haguhagu) loli flat_chest komori_(haguhagu) bosako_(haguhagu),原创角色设计师 · 体型特征 · 裸体/暴露 · 单色/灰度 · 姿势/动态,https://danbooru.donmai.us/artists/896091
1632600,snegovski,650,200,轻度色气,0.23,奇幻/魔法题材,同人为主,群像/多人,奇幻/魔法/裸体/暴露,漫画分镜/特效/后期,漫画/多格,sousou_no_frieren|vocaloid|utau,patreon_username frieren sousou_no_frieren gabi_(snegovski) kasane_teto utau hatsune_miku tatsumaki,奇幻/魔法题材 · 奇幻/魔法 · 裸体/暴露 · 漫画分镜 · 漫画/多格,https://danbooru.donmai.us/artists/1632600
604914,alphonse_(white_datura),650,200,情色向,0.33,综合向插画师,原创/同人混合,群像/多人,裸体/暴露/科幻/机甲,单色/灰度/特效/后期,姿势/动态,fate_(series)|fate/grand_order|monogatari_(series),loli kaworu_(alphonse) remon_(alphonse) himawari_(alphonse) abigail_williams_(fate) ringo_(alphonse) keyhole kiss-shot_acerola-orion_heart-under-blade_(young),情色向 · 综合向插画师 · 裸体/暴露 · 科幻/机甲 · 单色/灰度 · 姿势/动态,https://danbooru.donmai.us/artists/604914
2011021,tp_p_pt,650,200,全年龄向,0.0,单色线稿派,原创为主,男性主体,音乐/偶像/手足/局部,单色/灰度/线稿/速写,肖像/半身,buck-tick|real_life|mystery_and_melancholy_of_a_street,black_outline brown_theme outline monochrome greyscale black_background black_nails straight-on,单色线稿派 · 音乐/偶像 · 手足/局部 · 单色/灰度 · 肖像/半身,https://danbooru.donmai.us/artists/2011021
691169,konishi_(koconatu),650,200,全年龄向,0.0,同人角色专精,同人为主,群像/多人,军事/枪械/和风,,设定/图解,kantai_collection|c2_kikan|mitaina!,kantai_collection rigging transparent_background ship_turret tachi-e rudder_footwear haruna_(kancolle) haruna_kai_ni_(kancolle),同人角色专精 · 军事/枪械 · 和风 · 设定/图解 · 同人为主,https://danbooru.donmai.us/artists/691169
1386151,tamtamdi,649,200,全年龄向,0.0,兽耳/亚人专精,同人为主,男性主体,兽人/furry/BL/腐向,,单人立绘,pokemon|animal_crossing|digimon,official_art_inset reference_inset personification humanoid_and_humanization pokemon_(creature) humanization pokemon artist_name,兽耳/亚人专精 · 兽人/furry · BL/腐向 · 单人立绘 · 同人为主,https://danbooru.donmai.us/artists/1386151
1546344,takeshima_eku,650,200,全年龄向,0.0,百合专精,同人为主,群像/多人,兽耳/亚人/百合/GL,单色/灰度/赛璐璐/平涂,漫画/多格,sasayaku_you_ni_koi_wo_utau|watashi_ga_koibito_ni_nareru_wake_naijan_murimuri!|tayutau_koi_no_chirigiwa_ni,sasayaku_you_ni_koi_wo_utau watashi_ga_koibito_ni_nareru_wake_naijan_murimuri! kino_himari mizuguchi_aki asanagi_yori izumi_shiho amaori_renako tachibana_kaori_(sasakoi),百合专精 · 兽耳/亚人 · 百合/GL · 单色/灰度 · 漫画/多格,https://danbooru.donmai.us/artists/1546344
629322,amisu,649,200,情色向,0.465,日常/治愈系,同人为主,群像/多人,裸体/暴露/泳装/内衣,单色/灰度/漫画分镜,漫画/多格,touhou|comiket_104|touhou_lostword,touhou izayoi_sakuya hypnosis drugged mind_control sleep_molestation bar_censor greyscale,情色向 · 日常/治愈系 · 裸体/暴露 · 泳装/内衣 · 单色/灰度 · 漫画/多格,https://danbooru.donmai.us/artists/629322
2039780,squeezable_(squeezabledraws),650,200,情色向,0.345,R18情色向画师,原创/同人混合,双人/CP,手足/局部/裸体/暴露,漫画分镜,俯视/仰视,zenless_zone_zero|sousou_no_frieren|the_legend_of_zelda,june_(squeezable) violet_(squeezable) zenless_zone_zero grace_howard uncensored thick_eyebrows taffy_(squeezable) feet,情色向 · R18情色向画师 · 手足/局部 · 裸体/暴露 · 漫画分镜 · 俯视/仰视,https://danbooru.donmai.us/artists/2039780
449645,monikano,649,200,硬核R18,0.845,R18情色向画师,同人为主,群像/多人,泳装/内衣/兽人/furry,漫画分镜,单人立绘,pokemon|pokemon_black_2_and_white_2|toaru_kagaku_no_railgun,bondage bdsm vibrator sex_toy restrained tickling pussy_juice bound,硬核R18 · R18情色向画师 · 泳装/内衣 · 兽人/furry · 漫画分镜 · 单人立绘,https://danbooru.donmai.us/artists/449645
1850639,shirako_(kirupi),649,200,轻度色气,0.32,BL/腐向专精,同人为主,男性主体,BL/腐向/体型特征,单色/灰度,俯视/仰视,tales_of_(series)|morenatsu|tokyo_afterschool_summoners,bara too_many_watermarks large_pectorals pectorals morenatsu muscular_male tales_of_(series) furry_male,BL/腐向专精 · BL/腐向 · 体型特征 · 单色/灰度 · 俯视/仰视,https://danbooru.donmai.us/artists/1850639
1563135,zerocat,649,200,全年龄向,0.005,原创角色设计师,原创为主,群像/多人,兽耳/亚人/泳装/内衣,线稿/速写/素描/炭笔,姿势/动态,goddess_of_victory:_nikke|zenless_zone_zero|wuthering_waves,zeru_(zerocat) letter_hair_ornament privaty_(nikke) goddess_of_victory:_nikke phoebe_(wuthering_waves) birth's_character traditional_bowtie cigarette,原创角色设计师 · 兽耳/亚人 · 泳装/内衣 · 线稿/速写 · 姿势/动态,https://danbooru.donmai.us/artists/1563135
1081036,zamius,649,200,硬核R18,0.985,BL/腐向专精,同人为主,男性主体,BL/腐向/裸体/暴露,,俯视/仰视,bacchikoi!|camp_buddy|camp_buddy:_scoutmaster_season,bacchikoi! camp_buddy camp_buddy:_scoutmaster_season nagira_yoshinori kanada_toshu bara yaoi goro_nomoru,硬核R18 · BL/腐向专精 · BL/腐向 · 裸体/暴露 · 俯视/仰视 · 同人为主,https://danbooru.donmai.us/artists/1081036
1463932,roropull,648,200,硬核R18,0.88,R18情色向画师,同人为主,男性主体,裸体/暴露/体型特征,,姿势/动态,chainsaw_man|sousou_no_frieren|pokemon,uncensored penis pussy sex hetero anus nipples little_witch_academia,硬核R18 · R18情色向画师 · 裸体/暴露 · 体型特征 · 姿势/动态 · 同人为主,https://danbooru.donmai.us/artists/1463932
1394774,junsuina_fujunbutsu,649,200,全年龄向,0.0,漫画/剧情向,同人为主,群像/多人,神话/宗教/日常/治愈,漫画分镜,漫画/多格,blue_archive|wuthering_waves|girls'_frontline,4koma company_name blue_archive copyright_notice no_nose blue_halo halo red_halo,漫画/剧情向 · 神话/宗教 · 日常/治愈 · 漫画分镜 · 漫画/多格,https://danbooru.donmai.us/artists/1394774
564945,efe,648,200,轻度色气,0.0,综合向插画师,同人为主,女性主体,兽耳/亚人/体型特征,漫画分镜,差分/变体,touhou|voiceroid|vocaloid,voiceroid yuzuki_yukari touhou vocaloid kizuna_akari imaizumi_kagerou short_hair_with_long_locks saigyouji_yuyuko,综合向插画师 · 兽耳/亚人 · 体型特征 · 漫画分镜 · 差分/变体,https://danbooru.donmai.us/artists/564945
1589453,fir3born,649,200,硬核R18,0.735,传统手绘媒介,原创/同人混合,男性主体,裸体/暴露/兽人/furry,线稿/速写/单色/灰度,姿势/动态,pokemon|dragon_ball|dragon_ball_z,gardevoir pokemon_(creature) thonk_(fir3born) lineart pokemon uncensored sketch cleft_of_venus,硬核R18 · 传统手绘媒介 · 裸体/暴露 · 兽人/furry · 线稿/速写 · 姿势/动态,https://danbooru.donmai.us/artists/1589453
375791,kamei,648,200,情色向,0.495,奇幻/魔法题材,同人为主,女性主体,裸体/暴露/奇幻/魔法,,表情/表演,seito_kaichou_hikaru|seisenki_valkyrie_sisters,seito_kaichou_hikaru seisenki_valkyrie_sisters ayatsuji_yuki izumi_hikaru sakurai_asahi_(seisenki_valkyrie_sisters) seira_kamui sakurai_natsuki tachi-e,情色向 · 奇幻/魔法题材 · 裸体/暴露 · 奇幻/魔法 · 表情/表演 · 同人为主,https://danbooru.donmai.us/artists/375791
387240,bococho,647,200,全年龄向,0.025,漫画/剧情向,同人为主,群像/多人,军事/枪械/制服/职场,漫画分镜/单色/灰度,漫画/多格,idolmaster|idolmaster_cinderella_girls|dungeon_and_fighter,idolmaster_cinderella_girls anastasia_(idolmaster) nitta_minami idolmaster kanzaki_ranko male_slayer_(dungeon_and_fighter) male_priest_(dungeon_and_fighter) female_mage_(dungeon_and_fighter),漫画/剧情向 · 军事/枪械 · 制服/职场 · 漫画分镜 · 漫画/多格,https://danbooru.donmai.us/artists/387240
428411,hounori,647,200,全年龄向,0.095,漫画/剧情向,同人为主,群像/多人,军事/枪械/奇幻/魔法,漫画分镜/单色/灰度,漫画/多格,touhou|guilty_gear|valkyrie_no_densetsu,multiple_4koma remilia_scarlet touhou valkyrie_(vnd) valkyrie_no_densetsu izayoi_sakuya dated 4koma,漫画/剧情向 · 军事/枪械 · 奇幻/魔法 · 漫画分镜 · 漫画/多格,https://danbooru.donmai.us/artists/428411
524442,tomobe_kinuko,647,200,全年龄向,0.0,同人角色专精,同人为主,群像/多人,兽耳/亚人/和风,单色/灰度/漫画分镜,漫画/多格,touhou|touhou_lostword|indie_virtual_youtuber,touhou nazrin toramaru_shou mouse_ears page_number mouse_tail mouse_girl blue_capelet,同人角色专精 · 兽耳/亚人 · 和风 · 单色/灰度 · 漫画/多格,https://danbooru.donmai.us/artists/524442
1285991,uranaishi_(miraura),647,200,全年龄向,0.0,同人角色专精,同人为主,群像/多人,战斗/动作/兽耳/亚人,线稿/速写,姿势/动态,touhou|mist_train_girls|ensemble_girls!,touhou kaku_seiga mist_train_girls hair_stick ebisu_eika ensemble_girls! white_vest drill_sidelocks,同人角色专精 · 战斗/动作 · 兽耳/亚人 · 线稿/速写 · 姿势/动态,https://danbooru.donmai.us/artists/1285991
515525,rifyu,647,200,全年龄向,0.005,漫画/剧情向,同人为主,群像/多人,百合/GL/校园,漫画分镜/单色/灰度,漫画/多格,mahou_shoujo_madoka_magica|mahou_shoujo_madoka_magica_(anime)|new_game!,square_4koma 4koma mitakihara_school_uniform mahou_shoujo_madoka_magica_(anime) mahou_shoujo_madoka_magica kaname_madoka kamijou_kyousuke numbered_panels,漫画/剧情向 · 百合/GL · 校园 · 漫画分镜 · 漫画/多格,https://danbooru.donmai.us/artists/515525
1288111,ichinomiya_(blantte),647,200,硬核R18,0.55,兽耳/亚人专精,同人为主,男性主体,兽耳/亚人/裸体/暴露,单色/灰度/漫画分镜,漫画/多格,blue_archive|comiket_103|comiket_106,wakamo_(blue_archive) sensei_(blue_archive) blue_archive comiket_103 fox_girl wakamo_(swimsuit)_(blue_archive) fox_tail fox_ears,硬核R18 · 兽耳/亚人专精 · 兽耳/亚人 · 裸体/暴露 · 单色/灰度 · 漫画/多格,https://danbooru.donmai.us/artists/1288111
1617041,shabana_may,646,200,全年龄向,0.0,兽耳/亚人专精,同人为主,群像/多人,兽人/furry/和风,漫画分镜,设定/图解,pokemon|pokemon_scarlet_and_violet|inazuma_eleven_(series),pokemon inazuma_eleven_(series) erika_(pokemon) pokemon:_let's_go_pikachu!_and_let's_go_eevee! inazuma_eleven_victory_road pokemon_(creature) pokemon_scarlet_and_violet shinohara_raika,兽耳/亚人专精 · 兽人/furry · 和风 · 漫画分镜 · 设定/图解,https://danbooru.donmai.us/artists/1617041
1664802,shiina_excel,646,200,轻度色气,0.015,同人角色专精,同人为主,群像/多人,手足/局部/泳装/内衣,线稿/速写,俯视/仰视,onii-chan_wa_oshimai!|girls_und_panzer|hololive,onii-chan_wa_oshimai! oyama_mahiro oyama_mihari oka_asahi girls_und_panzer hozuki_momiji akiyama_yukari hozuki_kaede,同人角色专精 · 手足/局部 · 泳装/内衣 · 线稿/速写 · 俯视/仰视,https://danbooru.donmai.us/artists/1664802
1543400,edarow,646,200,全年龄向,0.0,像素/复古画师,原创为主,男性主体,BL/腐向/体型特征,像素画/漫画分镜,单人立绘,sky:_children_of_the_light|arknights|pokemon,native_american manboobs native_american_clothes native_american_headdress monster_boy sky:_children_of_the_light sky_child muscular_male,像素/复古画师 · BL/腐向 · 体型特征 · 像素画 · 单人立绘,https://danbooru.donmai.us/artists/1543400
1171599,6u_(eternal_land),646,200,全年龄向,0.005,综合向插画师,原创/同人混合,群像/多人,泳装/内衣/自然/风景,光影/氛围,俯视/仰视,genshin_impact|go-toubun_no_hanayome|touhou,go-toubun_no_hanayome nakano_nino page_number genshin_impact furina_(genshin_impact) drop-shaped_pupils sawamura_spencer_eriri hu_tao_(genshin_impact),综合向插画师 · 泳装/内衣 · 自然/风景 · 光影/氛围 · 俯视/仰视,https://danbooru.donmai.us/artists/1171599
1247422,kashiwada_kiiho,646,200,全年龄向,0.0,同人角色专精,同人为主,群像/多人,音乐/偶像/日常/治愈,拼贴/混合/线稿/速写,差分/变体,touhou|retrospective_53_minutes|artificial_utopia_in_ruins,maribel_hearn usami_renko touhou contrast_collar mob_cap hat_bow ribbon-trimmed_capelet collared_dress,同人角色专精 · 音乐/偶像 · 日常/治愈 · 拼贴/混合 · 差分/变体,https://danbooru.donmai.us/artists/1247422
1305872,murata_tefu,646,200,全年龄向,0.0,综合向插画师,同人为主,男性主体,体型特征/奇幻/魔法,单色/灰度/线稿/速写,设定/图解,star_ocean|tales_of_(series)|the_king_of_fighters,star_ocean tales_of_(series) star_ocean:_till_the_end_of_time sophia_esteed star_ocean:_anamnesis the_king_of_fighters ikkitousen star_ocean:_integrity_and_faithlessness,综合向插画师 · 体型特征 · 奇幻/魔法 · 单色/灰度 · 设定/图解,https://danbooru.donmai.us/artists/1305872
1326537,taira_yuuki,645,200,全年龄向,0.0,同人角色专精,同人为主,群像/多人,和风/泳装/内衣,,差分/变体,kantai_collection|azur_lane|fate/grand_order,kantai_collection tenryuu_(kancolle) dated eyepatch headgear checkered_necktie one-hour_drawing_challenge artist_name,同人角色专精 · 和风 · 泳装/内衣 · 差分/变体 · 同人为主,https://danbooru.donmai.us/artists/1326537
415133,y2,645,200,全年龄向,0.0,同人角色专精,同人为主,群像/多人,泳装/内衣/兽耳/亚人,特效/后期/光影/氛围,肖像/半身,touhou|touhou_(pc-98)|touhou_tag_dream,touhou one-hour_drawing_challenge kazami_yuuka hata_no_kokoro touhou_tag_dream touhou_(pc-98) kishin_sagume kaenbyou_rin,同人角色专精 · 泳装/内衣 · 兽耳/亚人 · 特效/后期 · 肖像/半身,https://danbooru.donmai.us/artists/415133
1399208,parororo,645,200,轻度色气,0.0,传统手绘媒介,原创/同人混合,群像/多人,恐怖/猎奇/泳装/内衣,单色/灰度/线稿/速写,表情/表演,the_crawling_city|negative_frames|amissio,the_crawling_city aria_wintermint negative_frames kaz_asteri amissio duellist's_cap_(tier_6) dang_(runescape) runescape,传统手绘媒介 · 恐怖/猎奇 · 泳装/内衣 · 单色/灰度 · 表情/表演,https://danbooru.donmai.us/artists/1399208
1691618,yamashita_takahiro,645,200,全年龄向,0.0,漫画/剧情向,同人为主,非人物/静物,兽人/furry/自然/风景,漫画分镜/特效/后期,漫画/多格,pokemon,pokemon_focus furigana narration sprigatito pokemon_(creature) quaxly fuecoco no_humans,漫画/剧情向 · 兽人/furry · 自然/风景 · 漫画分镜 · 漫画/多格,https://danbooru.donmai.us/artists/1691618
1686264,molu_stranger,645,200,全年龄向,0.015,百合专精,同人为主,非人物/静物,百合/GL/兽耳/亚人,单色/灰度/特效/后期,漫画/多格,bang_dream!|bang_dream!_it's_mygo!!!!!|reverse:1999,bang_dream!_it's_mygo!!!!! bang_dream! reverse:1999 wakaba_mutsumi sophia_(reverse:1999) 37_(reverse:1999) friendly_rivalry woo_seul-gi,百合专精 · 百合/GL · 兽耳/亚人 · 单色/灰度 · 漫画/多格,https://danbooru.donmai.us/artists/1686264
484032,yuugen,644,200,全年龄向,0.0,奇幻/魔法题材,同人为主,群像/多人,奇幻/魔法/军事/枪械,特效/后期/线稿/速写,单人立绘,404_game_re:set|heaven_burns_red|atelier_(series),404_game_re:set heaven_burns_red anode_(404_game_re:set) cathode_(404_game_re:set) atelier_firis atelier_(series) personification magia_record:_mahou_shoujo_madoka_magica_gaiden,奇幻/魔法题材 · 奇幻/魔法 · 军事/枪械 · 特效/后期 · 单人立绘,https://danbooru.donmai.us/artists/484032
1356421,blue-senpai,645,200,硬核R18,0.795,R18情色向画师,同人为主,男性主体,裸体/暴露/手足/局部,赛璐璐/平涂/漫画分镜,姿势/动态,boku_no_hero_academia|kobayashi-san_chi_no_maidragon|sono_bisque_doll_wa_koi_wo_suru,boku_no_hero_academia uncensored ilulu_(maidragon) kobayashi-san_chi_no_maidragon yellow_horns nipples penis uraraka_ochaco,硬核R18 · R18情色向画师 · 裸体/暴露 · 手足/局部 · 赛璐璐/平涂 · 姿势/动态,https://danbooru.donmai.us/artists/1356421
401159,ayakura_juu,644,200,全年龄向,0.0,传统手绘媒介,同人为主,双人/CP,兽耳/亚人/自然/风景,线稿/速写/素描/炭笔,设定/图解,spice_and_wolf|voiceroid|vocaloid,spice_and_wolf holo voiceroid craft_lawrence yuzuki_yukari novel_cover kizuna_akari a.i._voice,传统手绘媒介 · 兽耳/亚人 · 自然/风景 · 线稿/速写 · 设定/图解,https://danbooru.donmai.us/artists/401159
1327994,isa_(peien516),644,200,全年龄向,0.01,BL/腐向专精,同人为主,男性主体,BL/腐向/恋爱/情感,单色/灰度/漫画分镜,差分/变体,persona|persona_3|eiyuu_densetsu,hiraga_keisuke odagiri_hidetoshi persona_3 persona gekkoukan_high_school_uniform rectangular_eyewear yaoi sideburns,BL/腐向专精 · BL/腐向 · 恋爱/情感 · 单色/灰度 · 差分/变体,https://danbooru.donmai.us/artists/1327994
1655765,miko_(royal_milk),644,200,情色向,0.1,综合向插画师,原创/同人混合,群像/多人,裸体/暴露/泳装/内衣,,姿势/动态,honkai:_star_rail|honkai_(series)|blue_archive,honkai:_star_rail honkai_(series) castorice_(honkai:_star_rail) dakimakura_(medium) genshin_impact firefly_(honkai:_star_rail) blue_archive firefly_(spring_missive)_(honkai:_star_rail),情色向 · 综合向插画师 · 裸体/暴露 · 泳装/内衣 · 姿势/动态 · 原创/同人混合,https://danbooru.donmai.us/artists/1655765
588618,yuuki_rika,643,200,全年龄向,0.13,像素/复古画师,同人为主,群像/多人,自然/风景/日常/治愈,单色/灰度/漫画分镜,漫画/多格,143_ocean_boulevard|ren'ai_x_royale|koibana_ren'ai,143_ocean_boulevard lala_tramont mickey_krog minnie_parker ren'ai_x_royale amagamine_renna koibana_ren'ai futamata_ren'ai,像素/复古画师 · 自然/风景 · 日常/治愈 · 单色/灰度 · 漫画/多格,https://danbooru.donmai.us/artists/588618
377809,kyogoku_shin,643,200,轻度色气,0.075,综合向插画师,同人为主,群像/多人,泳装/内衣/体型特征,单色/灰度/漫画分镜,漫画/多格,kantai_collection|blue_archive|comiket_107,kantai_collection oyashio_(kancolle) intrepid_(kancolle) hamakaze_(kancolle) atlanta_(kancolle) satin fletcher_(kancolle) rio_(blue_archive),综合向插画师 · 泳装/内衣 · 体型特征 · 单色/灰度 · 漫画/多格,https://danbooru.donmai.us/artists/377809
385059,yuzu_momo,643,200,全年龄向,0.005,日常/治愈系,同人为主,群像/多人,日常/治愈/制服/职场,单色/灰度/漫画分镜,漫画/多格,touhou|kantai_collection|touhou_(pc-98),kazami_yuuka houshou_(kancolle) touhou kantai_collection kappougi greyscale bread monochrome,日常/治愈系 · 日常/治愈 · 制服/职场 · 单色/灰度 · 漫画/多格,https://danbooru.donmai.us/artists/385059
1541002,tksand,643,200,硬核R18,0.925,R18情色向画师,同人为主,女性主体,裸体/暴露/体型特征,漫画分镜,姿势/动态,touhou|touhou_(pc-98)|gakuen_idolmaster,touhou mosaic_censoring sex pov_crotch vaginal hetero nipples cowgirl_position,硬核R18 · R18情色向画师 · 裸体/暴露 · 体型特征 · 漫画分镜 · 姿势/动态,https://danbooru.donmai.us/artists/1541002
1659583,anato_finnstark,643,200,轻度色气,0.005,奇幻/魔法题材,同人为主,男性主体,奇幻/魔法/军事/枪械,厚涂/数码绘,场景插画,elden_ring|dungeons_&_dragons|baldur's_gate,patreon_username patreon_logo baldur's_gate baldur's_gate_3 dungeons_&_dragons tolkien's_legendarium web_address elden_ring,奇幻/魔法题材 · 奇幻/魔法 · 军事/枪械 · 厚涂/数码绘 · 场景插画,https://danbooru.donmai.us/artists/1659583
1541347,mi_taro333,643,200,全年龄向,0.0,同人角色专精,同人为主,男性主体,神话/宗教/兽耳/亚人,漫画分镜/单色/灰度,漫画/多格,blue_archive|umamusume|jujutsu_kaisen,doodle_sensei_(blue_archive) sensei_(blue_archive) blue_archive squiggle_eyes halo pink_halo kazusa_(blue_archive) kei_(blue_archive),同人角色专精 · 神话/宗教 · 兽耳/亚人 · 漫画分镜 · 漫画/多格,https://danbooru.donmai.us/artists/1541347
1338684,torako_(toramaru),643,200,全年龄向,0.0,综合向插画师,同人为主,群像/多人,和风/奇幻/魔法,特效/后期/漫画分镜,姿势/动态,bocchi_the_rock!|sousou_no_frieren|the_king_of_fighters,hiroi_kikuri fighting_game bocchi_the_rock! hitbox geta medium_dress two-tone_jacket low-braided_long_hair,综合向插画师 · 和风 · 奇幻/魔法 · 特效/后期 · 姿势/动态,https://danbooru.donmai.us/artists/1338684
567959,ayagi_daifuku,642,200,硬核R18,0.68,R18情色向画师,同人为主,群像/多人,裸体/暴露/体型特征,漫画分镜/特效/后期,姿势/动态,hololive|nijisanji|indie_virtual_youtuber,hololive yozora_mel virtual_youtuber bat_hair_ornament warabeda_meiji bar_censor sex yukihana_lamy,硬核R18 · R18情色向画师 · 裸体/暴露 · 体型特征 · 漫画分镜 · 姿势/动态,https://danbooru.donmai.us/artists/567959
1064434,haruri,642,200,全年龄向,0.0,综合向插画师,同人为主,群像/多人,神话/宗教/音乐/偶像,,俯视/仰视,blue_archive|goddess_of_victory:_nikke|arknights,asuna_(blue_archive) blue_archive blue_halo mole_on_breast halo goddess_of_victory:_nikke karin_(blue_archive) asuna_(school_uniform)_(blue_archive),综合向插画师 · 神话/宗教 · 音乐/偶像 · 俯视/仰视 · 同人为主,https://danbooru.donmai.us/artists/1064434
728033,kei_(keigarou),642,200,全年龄向,0.0,综合向插画师,原创/同人混合,男性主体,音乐/偶像/战斗/动作,单色/灰度/漫画分镜,设定/图解,vocaloid|hardcore_tano-c|maria-sama_ga_miteru,doro-c hardcore_tano-c j-core nanako_(kei) album_cover maria-sama_ga_miteru lillian_girls'_academy_school_uniform iemitsu.,综合向插画师 · 音乐/偶像 · 战斗/动作 · 单色/灰度 · 设定/图解,https://danbooru.donmai.us/artists/728033
1292395,sukja,642,200,全年龄向,0.0,综合向插画师,同人为主,男性主体,BL/腐向/军事/枪械,特效/后期,设定/图解,uchi_no_hime-sama_ga_ichiban_kawaii|valkyrie_connect|saibai_shounen,uchi_no_hime-sama_ga_ichiban_kawaii ruka_fuuun novel_cover korean_text company_name saibai_shounen valkyrie_connect artist_name,综合向插画师 · BL/腐向 · 军事/枪械 · 特效/后期 · 设定/图解,https://danbooru.donmai.us/artists/1292395
2155221,corn_kuten,641,200,全年龄向,0.0,综合向插画师,同人为主,群像/多人,校园/兽耳/亚人,漫画分镜/线稿/速写,漫画/多格,voiceroid|voicevox|vocaloid,voiceroid voicevox zundamon iori_yuzuru kotonoha_aoi colored_speech_bubble yuzuki_yukari kotonoha_akane,综合向插画师 · 校园 · 兽耳/亚人 · 漫画分镜 · 漫画/多格,https://danbooru.donmai.us/artists/2155221
578599,itou_(onsoku_tassha),641,200,全年龄向,0.0,机甲/军事题材,原创为主,非人物/静物,科幻/机甲/战斗/动作,单色/灰度/线稿/速写,单人立绘,umamusume|panasonic_corporation|ginga_hyouryuu_vifam,android_girl_aki blonde_girl_(itou) white_blood android_girl_kotomi mechabare android colored_blood skin_seams,机甲/军事题材 · 科幻/机甲 · 战斗/动作 · 单色/灰度 · 单人立绘,https://danbooru.donmai.us/artists/578599
1888377,fukuro_(maruaru00),641,200,全年龄向,0.0,综合向插画师,原创/同人混合,群像/多人,体型特征/角色扮演/异装,漫画分镜/线稿/速写,肖像/半身,umamusume|umamusume:_cinderella_gray|real_life,umamusume horse_girl horse_ears ear_covers personification horse_tail heart's_cry_(racehorse) umamusume_horse_relations,综合向插画师 · 体型特征 · 角色扮演/异装 · 漫画分镜 · 肖像/半身,https://danbooru.donmai.us/artists/1888377
1320864,terada_tera,641,200,全年龄向,0.0,传统手绘媒介,原创/同人混合,群像/多人,恐怖/猎奇/自然/风景,线稿/速写/特效/后期,肖像/半身,undertale|utdr_(toby_fox)|indie_utaite,undertale utdr_(toby_fox) nanawo_akari indie_utaite sans_(undertale) frisk_(undertale) papyrus_(undertale) flowey_(undertale),传统手绘媒介 · 恐怖/猎奇 · 自然/风景 · 线稿/速写 · 肖像/半身,https://danbooru.donmai.us/artists/1320864
451337,yadokari_genpachirou,641,200,全年龄向,0.0,综合向插画师,同人为主,群像/多人,泳装/内衣/校园,,俯视/仰视,touhou|fate_(series)|fate/stay_night,touhou tohsaka_rin fate/stay_night alice_margatroid fate_(series) mash_kyrielight_(demi-servant) mash_kyrielight izayoi_sakuya,综合向插画师 · 泳装/内衣 · 校园 · 俯视/仰视 · 同人为主,https://danbooru.donmai.us/artists/451337
1433098,noco_(adamas),640,200,全年龄向,0.0,日常/治愈系,同人为主,男性主体,奇幻/魔法/BL/腐向,拼贴/混合,单人立绘,atelier_(series)|atelier_resleriana|nelke_to_densetsu_no_renkinjutsushi_tachi,atelier_(series) sophie_neuenmuller nelke_to_densetsu_no_renkinjutsushi_tachi atelier_resleriana atelier_sophie atelier_sophie_2 johanna_(atelier) atelier_lydie_&_suelle,日常/治愈系 · 奇幻/魔法 · BL/腐向 · 拼贴/混合 · 单人立绘,https://danbooru.donmai.us/artists/1433098
1456021,uneg,640,200,轻度色气,0.075,综合向插画师,同人为主,女性主体,神话/宗教/兽耳/亚人,特效/后期/线稿/速写,差分/变体,blue_archive|zenless_zone_zero|trickcal,hina_(blue_archive) blue_archive zenless_zone_zero purple_wings halo nozomi_(blue_archive) black_horns green_halo,综合向插画师 · 神话/宗教 · 兽耳/亚人 · 特效/后期 · 差分/变体,https://danbooru.donmai.us/artists/1456021
722167,fi-san,640,200,硬核R18,0.725,R18情色向画师,同人为主,男性主体,裸体/暴露/恐怖/猎奇,,姿势/动态,elsword|blue_archive|genshin_impact,elsword elesis_(elsword) tentacle_pit ara_haan aisha_landar cum cum_in_pussy laby_(elsword),硬核R18 · R18情色向画师 · 裸体/暴露 · 恐怖/猎奇 · 姿势/动态 · 同人为主,https://danbooru.donmai.us/artists/722167
1152472,kozue_akari,640,200,情色向,0.185,百合专精,原创/同人混合,双人/CP,裸体/暴露/百合/GL,,肖像/半身,sengoku_otome|kaitou_tenshi_twin_angel|twin_angel,sengoku_otome sen_rikyuu kannazuki_aoi kaitou_tenshi_twin_angel twin_angel jigoku_shoujo enma_ai tokugawa_ieyasu_(sengoku_otome),情色向 · 百合专精 · 裸体/暴露 · 百合/GL · 肖像/半身 · 原创/同人混合,https://danbooru.donmai.us/artists/1152472
663107,miri_(ago550421),640,200,全年龄向,0.0,综合向插画师,同人为主,女性主体,自然/风景/校园,,俯视/仰视,umamusume|hololive|hololive_dev_is,umamusume horse_girl horse_tail horse_ears mizumiya_su tracen_school_uniform purple_serafuku tracen_training_uniform,综合向插画师 · 自然/风景 · 校园 · 俯视/仰视 · 同人为主,https://danbooru.donmai.us/artists/663107
383267,kousaki_rui,640,200,全年龄向,0.0,综合向插画师,同人为主,男性主体,军事/枪械/战斗/动作,,姿势/动态,fate_(series)|fate/grand_order|ragnarok:_guild_masters,fate/grand_order fate_(series) cross_of_prontera ragnarok:_guild_masters morgan_le_fay_(fate) lord_knight_(ragnarok_online) spiked_gauntlets chainmail,综合向插画师 · 军事/枪械 · 战斗/动作 · 姿势/动态 · 同人为主,https://danbooru.donmai.us/artists/383267
1253668,nuu_(nu-nyu),640,200,全年龄向,0.0,机甲/军事题材,同人为主,群像/多人,军事/枪械/兽耳/亚人,漫画分镜,设定/图解,kantai_collection|arknights|fate_(series),arknights chibi kantai_collection u-511_(kancolle) rigging click_(arknights) abyssal_ship doctor_(arknights),机甲/军事题材 · 军事/枪械 · 兽耳/亚人 · 漫画分镜 · 设定/图解,https://danbooru.donmai.us/artists/1253668
702568,synecdoche,640,200,轻度色气,0.01,传统手绘媒介,同人为主,群像/多人,体型特征/奇幻/魔法,赛璐璐/平涂/单色/灰度,俯视/仰视,elf-san_wa_yaserarenai.|indie_virtual_youtuber|monster_hunter_(series),elf-san_wa_yaserarenai. elfuda_(elf-san_wa_yaserarenai.) kuroeda_(elf-san_wa_yaserarenai.) plump thick_thighs anime_coloring thick_arms belly,传统手绘媒介 · 体型特征 · 奇幻/魔法 · 赛璐璐/平涂 · 俯视/仰视,https://danbooru.donmai.us/artists/702568
2185747,saint_laurent_paris,639,200,全年龄向,0.02,综合向插画师,同人为主,群像/多人,军事/枪械/泳装/内衣,,差分/变体,honkai:_star_rail|honkai_(series)|date_a_live,tokisaki_kurumi tokisaki_kurumi_(spirit) date_a_live honkai:_star_rail clock_eyes honkai_(series) silver_palace tokisaki_kurumi_(twin_rose),综合向插画师 · 军事/枪械 · 泳装/内衣 · 差分/变体 · 同人为主,https://danbooru.donmai.us/artists/2185747
850589,dsmile,639,200,全年龄向,0.04,百合专精,同人为主,男性主体,BL/腐向/音乐/偶像,,设定/图解,genshin_impact|oshi_no_love_yori_koi_no_love|azur_lane,hayahoshi_akuru oshi_no_love_yori_koi_no_love furutachi_ren venti_(genshin_impact) red:_pride_of_eden xiao_(genshin_impact) ukm-2000_(girls'_frontline) manchester_(azur_lane),百合专精 · BL/腐向 · 音乐/偶像 · 设定/图解 · 同人为主,https://danbooru.donmai.us/artists/850589
1465754,kajin_(kajinman),639,200,轻度色气,0.095,综合向插画师,同人为主,男性主体,体型特征/泳装/内衣,漫画分镜,俯视/仰视,street_fighter|marvel|resident_evil,patreon_username web_address artist_name body_freckles mole_on_breast mole_on_thigh mole_on_stomach red_lips,综合向插画师 · 体型特征 · 泳装/内衣 · 漫画分镜 · 俯视/仰视,https://danbooru.donmai.us/artists/1465754
627934,s-a-murai,639,200,全年龄向,0.04,同人角色专精,同人为主,双人/CP,兽耳/亚人/和风,单色/灰度/漫画分镜,差分/变体,touhou|touhou_(pc-98)|fossilized_wonders,touhou iwanaga_ariya kazami_yuuka skeletal_wings half_mask yuiman_asama mask_over_one_eye skeletal_clothes,同人角色专精 · 兽耳/亚人 · 和风 · 单色/灰度 · 差分/变体,https://danbooru.donmai.us/artists/627934
1560649,classic_(zildjian33),639,200,情色向,0.135,综合向插画师,同人为主,女性主体,体型特征/泳装/内衣,,姿势/动态,azur_lane|blue_archive|world_of_warships,azur_lane sirius_(azur_lane) sirius_(scorching-hot_seirios)_(azur_lane) argus_(dignified_swimsuit_training)_(azur_lane) official_alternate_costume formidable_(azur_lane) anchorage_(sweet_evening_milk)_(azur_lane) anchorage_(azur_lane),情色向 · 综合向插画师 · 体型特征 · 泳装/内衣 · 姿势/动态 · 同人为主,https://danbooru.donmai.us/artists/1560649
1440462,necomi,639,200,全年龄向,0.0,综合向插画师,同人为主,男性主体,校园/兽耳/亚人,,设定/图解,boku_no_hero_academia|arcanadea|kotobukiya,majo_no_tabitabi_gakuen todoroki_shoto arcanadea kotobukiya majo_no_tabitabi burn_scar boku_no_hero_academia elaina_(majo_no_tabitabi),综合向插画师 · 校园 · 兽耳/亚人 · 设定/图解 · 同人为主,https://danbooru.donmai.us/artists/1440462
1275551,teoi_(good_chaos),639,200,硬核R18,0.795,日常/治愈系,同人为主,男性主体,裸体/暴露/日常/治愈,漫画分镜/特效/后期,姿势/动态,touhou|voiceroid|voicevox,full-face_blush peanut_mouth touhou ear_blush frilled_sailor_collar contrast_collar voiceroid mosaic_censoring,硬核R18 · 日常/治愈系 · 裸体/暴露 · 日常/治愈 · 漫画分镜 · 姿势/动态,https://danbooru.donmai.us/artists/1275551
589231,kurione_(zassou),639,200,轻度色气,0.025,机甲/军事题材,原创/同人混合,群像/多人,科幻/机甲/校园,漫画分镜,姿势/动态,muv-luv|muv-luv_alternative|voiceroid,fortified_suit muv-luv_alternative muv-luv armored_bodysuit mecha_pilot_suit impossible_bodysuit fortified_suit_(kagami_sumika) kagami_sumika,机甲/军事题材 · 科幻/机甲 · 校园 · 漫画分镜 · 姿势/动态,https://danbooru.donmai.us/artists/589231
1691483,ohasi,638,200,轻度色气,0.04,原创角色设计师,原创为主,群像/多人,体型特征/泳装/内衣,单色/灰度/漫画分镜,肖像/半身,vocaloid|utau|league_of_legends,broccoli_(ohasi) pink_(ohasi) kinky_hair nostril_piercing lip_piercing side_labret_piercing very_dark_skin face_piercing,原创角色设计师 · 体型特征 · 泳装/内衣 · 单色/灰度 · 肖像/半身,https://danbooru.donmai.us/artists/1691483
530599,watanabe_yoshihiro,638,200,全年龄向,0.005,综合向插画师,同人为主,群像/多人,神话/宗教/校园,赛璐璐/平涂/特效/后期,单人立绘,boku_wa_tomodachi_ga_sukunai|sora_no_otoshimono|shinmai_maou_no_testament,boku_wa_tomodachi_ga_sukunai st._chronica_academy_school_uniform sora_no_otoshimono kashiwazaki_sena mikazuki_yozora shinmai_maou_no_testament hasegawa_kobato ikaros,综合向插画师 · 神话/宗教 · 校园 · 赛璐璐/平涂 · 单人立绘,https://danbooru.donmai.us/artists/530599
649603,shibafu_(glock23),638,200,全年龄向,0.0,同人角色专精,同人为主,群像/多人,军事/枪械/和风,,设定/图解,kantai_collection|c2_kikan|famitsu,kantai_collection transparent_background rigging c2_kikan ship_turret fubuki_(kancolle) adapted_turret souya_(kancolle),同人角色专精 · 军事/枪械 · 和风 · 设定/图解 · 同人为主,https://danbooru.donmai.us/artists/649603
2076030,nekono_matatabi,638,200,情色向,0.255,综合向插画师,同人为主,群像/多人,裸体/暴露/泳装/内衣,单色/灰度/漫画分镜,姿势/动态,mahou_shoujo_ni_akogarete|blue_archive|onii-chan_wa_oshimai!,morino_korisu mahou_shoujo_ni_akogarete nero_alice onii-chan_wa_oshimai! loli oyama_mahiro hozuki_kaede magia_magenta,情色向 · 综合向插画师 · 裸体/暴露 · 泳装/内衣 · 单色/灰度 · 姿势/动态,https://danbooru.donmai.us/artists/2076030
1799738,kkato,638,200,全年龄向,0.0,综合向插画师,同人为主,群像/多人,神话/宗教/兽耳/亚人,,差分/变体,hololive|blue_archive|stellive,stellive tokoyami_towa bandaid_on_arm tail_piercing hololive winged_heart_tattoo winged_heart virtual_youtuber,综合向插画师 · 神话/宗教 · 兽耳/亚人 · 差分/变体 · 同人为主,https://danbooru.donmai.us/artists/1799738
648141,mikazuki_neko,637,200,全年龄向,0.065,综合向插画师,原创/同人混合,群像/多人,体型特征/兽耳/亚人,漫画分镜/单色/灰度,漫画/多格,touhou|vocaloid|umamusume,breast_expansion mikazuki_neko_(character) touhou confession alternate_breast_size_(larger) crescent_hair_ornament body_switch personality_switch,综合向插画师 · 体型特征 · 兽耳/亚人 · 漫画分镜 · 漫画/多格,https://danbooru.donmai.us/artists/648141
542823,sonson_(eleven),637,200,全年龄向,0.0,单色线稿派,同人为主,非人物/静物,和风/自然/风景,单色/灰度/漫画分镜,漫画/多格,touhou|danganronpa_(series)|danganronpa_2:_goodbye_despair,touhou maribel_hearn usami_renko page_number kochiya_sanae moriya_suwako greyscale comic,单色线稿派 · 和风 · 自然/风景 · 单色/灰度 · 漫画/多格,https://danbooru.donmai.us/artists/542823
1839870,tilt-shift_(azalanz),636,200,情色向,0.465,R18情色向画师,同人为主,男性主体,裸体/暴露/体型特征,,姿势/动态,phase_connect|indie_virtual_youtuber|girls'_frontline,phase_connect virtual_youtuber amanogawa_shiina dizzy_dokuro himemiya_rie bibi_biscuit erina_makina cygnus_(constellation),情色向 · R18情色向画师 · 裸体/暴露 · 体型特征 · 姿势/动态 · 同人为主,https://danbooru.donmai.us/artists/1839870
632136,goshiki_suzu,636,200,全年龄向,0.0,单色线稿派,原创/同人混合,群像/多人,兽耳/亚人/泳装/内衣,单色/灰度/线稿/速写,俯视/仰视,idolmaster|idolmaster_cinderella_girls|blue_archive,tokiwa_nao idolmaster idolmaster_cinderella_girls ohtsuki_yui hibiki_(blue_archive) hibiki_(cheer_squad)_(blue_archive) konishiya_shiyori_(goshiki_suzu) ootori_aoi_(goshiki_suzu),单色线稿派 · 兽耳/亚人 · 泳装/内衣 · 单色/灰度 · 俯视/仰视,https://danbooru.donmai.us/artists/632136
1265542,kanmiya_shinobu,636,200,全年龄向,0.0,同人角色专精,同人为主,群像/多人,校园/和风,,肖像/半身,kantai_collection|azur_lane|hokkaido_nippon-ham_fighters,kantai_collection clover_background aqua_bowtie aqua_bow asashimo_(kancolle) asashimo_kai_ni_(kancolle) hayanami_(kancolle) grey_thighhighs,同人角色专精 · 校园 · 和风 · 肖像/半身 · 同人为主,https://danbooru.donmai.us/artists/1265542
695982,aventador,636,200,全年龄向,0.0,漫画/剧情向,同人为主,群像/多人,神话/宗教/体型特征,漫画分镜/特效/后期,漫画/多格,blue_archive|idolmaster|idolmaster_shiny_colors,kawachino_yatsude comic nagiyanagi_nagito doodle_sensei_(blue_archive) sensei_(blue_archive) serizawa_asahi blue_archive sayuri_(blue_archive),漫画/剧情向 · 神话/宗教 · 体型特征 · 漫画分镜 · 漫画/多格,https://danbooru.donmai.us/artists/695982
590273,gin'ichi_(akacia),636,200,情色向,0.29,同人角色专精,同人为主,男性主体,裸体/暴露/泳装/内衣,单色/灰度/漫画分镜,俯视/仰视,kantai_collection|blue_archive|comiket_106,kantai_collection admiral_(kancolle) shinshuu_maru_(kancolle) suzuya_(kancolle) suzutsuki_(kancolle) screw_hair_ornament kashima_(kancolle) large_areolae,情色向 · 同人角色专精 · 裸体/暴露 · 泳装/内衣 · 单色/灰度 · 俯视/仰视,https://danbooru.donmai.us/artists/590273
534534,kasai_shin,636,200,硬核R18,0.805,R18情色向画师,同人为主,男性主体,裸体/暴露/兽人/furry,漫画分镜/特效/后期,姿势/动态,pokemon|sono_bisque_doll_wa_koi_wo_suru|one_piece,mosaic_censoring kitagawa_marin atelier_ryza_1 sono_bisque_doll_wa_koi_wo_suru nami_(one_piece) reisalin_stout tissue_box caressing_testicles,硬核R18 · R18情色向画师 · 裸体/暴露 · 兽人/furry · 漫画分镜 · 姿势/动态,https://danbooru.donmai.us/artists/534534
1333431,omaru_gyuunyuu,636,200,轻度色气,0.155,综合向插画师,同人为主,女性主体,裸体/暴露/奇幻/魔法,单色/灰度/线稿/速写,肖像/半身,idolmaster|idolmaster_cinderella_girls|pokemon,idolmaster_cinderella_girls idolmaster kulumi_(omaru_gyuunyuu) dragon_quest_x panel_de_pon lips yokoyama_nao idolmaster_million_live!,综合向插画师 · 裸体/暴露 · 奇幻/魔法 · 单色/灰度 · 肖像/半身,https://danbooru.donmai.us/artists/1333431
386515,caryo,636,200,情色向,0.055,综合向插画师,同人为主,双人/CP,科幻/机甲/裸体/暴露,线稿/速写,姿势/动态,kantai_collection|world_witches_series|strike_witches,world_witches_series long_legs strike_witches kantai_collection miss_monochrome_(character) miss_monochrome dungeon_no_oku dragon_quest_iii,情色向 · 综合向插画师 · 科幻/机甲 · 裸体/暴露 · 线稿/速写 · 姿势/动态,https://danbooru.donmai.us/artists/386515
505471,namamo_nanase,636,200,硬核R18,0.535,R18情色向画师,同人为主,女性主体,裸体/暴露/体型特征,,姿势/动态,touhou|voiceroid|vocaloid,defloration qr_code voiceroid touhou vaginal yuzuki_yukari sex bouncing_breasts,硬核R18 · R18情色向画师 · 裸体/暴露 · 体型特征 · 姿势/动态 · 同人为主,https://danbooru.donmai.us/artists/505471
1590508,krudears,635,200,全年龄向,0.0,综合向插画师,同人为主,双人/CP,恋爱/情感/配饰/首饰,漫画分镜/单色/灰度,肖像/半身,tokimeki_memorial|tokimeki_memorial_girl's_side|tokimeki_memorial_girl's_side_3rd_story,tokimeki_memorial_girl's_side_3rd_story shitara_seiji tokimeki_memorial_girl's_side protagonist_(tokimemo_gs3) tokimeki_memorial aerith_gainsborough cloud_strife couple,综合向插画师 · 恋爱/情感 · 配饰/首饰 · 漫画分镜 · 肖像/半身,https://danbooru.donmai.us/artists/1590508
1423462,mocha_(cotton),636,200,全年龄向,0.0,场景/背景插画师,原创为主,非人物/静物,自然/风景/都市/街景,光影/氛围,场景插画,one_-_kagayaku_kisetsu_e|eshi_100_nin_ten|re:lief_~shin'ai_naru_anata_e~,scenery overgrown wide_shot no_humans milky_way power_lines ruins moss,场景/背景插画师 · 自然/风景 · 都市/街景 · 光影/氛围 · 场景插画,https://danbooru.donmai.us/artists/1423462
1465704,seiran_(mousouchiku),635,200,全年龄向,0.0,日常/治愈系,同人为主,群像/多人,军事/枪械/校园,漫画分镜,漫画/多格,kantai_collection|umamusume|gundam,kantai_collection bamboo_shoot vegetable yamashiro_(kancolle) shigure_(kancolle) map shigure_kai_ni_(kancolle) burdock_root,日常/治愈系 · 军事/枪械 · 校园 · 漫画分镜 · 漫画/多格,https://danbooru.donmai.us/artists/1465704
2253095,hamchan69,634,200,全年龄向,0.02,百合专精,同人为主,群像/多人,百合/GL/音乐/偶像,漫画分镜/单色/灰度,漫画/多格,girls_band_cry|girls_band_cry_rpg|bang_dream!,kawaragi_momoka iseri_nina girls_band_cry roots_(hair) short_twintails rupa_(girls_band_cry) awa_subaru yuri,百合专精 · 百合/GL · 音乐/偶像 · 漫画分镜 · 漫画/多格,https://danbooru.donmai.us/artists/2253095
573909,lee_(colt),634,200,硬核R18,0.525,兽耳/亚人专精,原创为主,群像/多人,兽耳/亚人/裸体/暴露,线稿/速写/单色/灰度,姿势/动态,azur_lane|dororo_(tezuka)|indie_virtual_youtuber,komugi_(lee) fumizuki_(azur_lane) miku_(lee) fumizuki_(sleepy_fairy)_(azur_lane) kisaragi_(azur_lane) loli kodomo_doushi face-to-face,硬核R18 · 兽耳/亚人专精 · 兽耳/亚人 · 裸体/暴露 · 线稿/速写 · 姿势/动态,https://danbooru.donmai.us/artists/573909
2386359,uof,635,200,轻度色气,0.3,百合专精,同人为主,群像/多人,裸体/暴露/泳装/内衣,特效/后期/漫画分镜,差分/变体,arknights|arknights:_endfield|demons_roots_(series),arknights theresa_(arknights) film_grain arknights:_endfield ho'olheyak_(arknights) muelsyse_(arknights) futa_with_female futanari,百合专精 · 裸体/暴露 · 泳装/内衣 · 特效/后期 · 差分/变体,https://danbooru.donmai.us/artists/2386359
1646989,ningen_mame,634,200,全年龄向,0.0,综合向插画师,同人为主,群像/多人,自然/风景/神话/宗教,线稿/速写/漫画分镜,姿势/动态,idolmaster|blue_archive|gakuen_idolmaster,gakuen_idolmaster idolmaster blue_archive hanami_saki hanami_ume pink_halo rectangular_halo kaya_rinha,综合向插画师 · 自然/风景 · 神话/宗教 · 线稿/速写 · 姿势/动态,https://danbooru.donmai.us/artists/1646989
1409342,giraffe_(ilconte),634,200,情色向,0.255,综合向插画师,同人为主,女性主体,裸体/暴露/泳装/内衣,漫画分镜,姿势/动态,kantai_collection|blue_archive|lucky_star,kantai_collection recollection_(blue_archive) shimakaze_(kancolle) female_pubic_hair pubic_hair_peek pubic_hair user_interface nipples,情色向 · 综合向插画师 · 裸体/暴露 · 泳装/内衣 · 漫画分镜 · 姿势/动态,https://danbooru.donmai.us/artists/1409342
559706,narumi_arata,634,200,全年龄向,0.0,原创角色设计师,原创为主,群像/多人,自然/风景/音乐/偶像,漫画分镜/特效/后期,漫画/多格,10000_kounen_sougankyou|idolmaster|idolmaster_million_live!,10000_kounen_sougankyou mismatched_eyelashes recri_(narumi_arata) mano_(narumi_arata) idolmaster_million_live!_theater_days bubble_skirt idolmaster_million_live! grasslands,原创角色设计师 · 自然/风景 · 音乐/偶像 · 漫画分镜 · 漫画/多格,https://danbooru.donmai.us/artists/559706
1712445,herohero_(higashi_no_dou),634,200,全年龄向,0.005,同人角色专精,同人为主,女性主体,体型特征/泳装/内衣,单色/灰度/赛璐璐/平涂,差分/变体,umamusume|umamusume:_cinderella_gray|blue_archive,umamusume horse_girl horse_ears horse_tail request_inset mejiro_ardan_(umamusume) odaibako ear_ornament,同人角色专精 · 体型特征 · 泳装/内衣 · 单色/灰度 · 差分/变体,https://danbooru.donmai.us/artists/1712445
1910091,tomimon,634,200,全年龄向,0.0,同人角色专精,同人为主,非人物/静物,神话/宗教/兽耳/亚人,漫画分镜/单色/灰度,漫画/多格,blue_archive|shoujo_shuumatsu_ryokou|umamusume,kayoko_(blue_archive) grey_halo shikishi blue_archive mole_on_collarbone doodle_sensei_(blue_archive) black_hoodie sensei_(blue_archive),同人角色专精 · 神话/宗教 · 兽耳/亚人 · 漫画分镜 · 漫画/多格,https://danbooru.donmai.us/artists/1910091
1249127,soranamae,634,200,情色向,0.125,综合向插画师,同人为主,群像/多人,裸体/暴露/兽耳/亚人,,姿势/动态,final_fantasy|final_fantasy_xiv|genshin_impact,warrior_of_light_(ff14) final_fantasy_xiv au_ra final_fantasy speckled_areolae miqo'te large_areolae red_lips,情色向 · 综合向插画师 · 裸体/暴露 · 兽耳/亚人 · 姿势/动态 · 同人为主,https://danbooru.donmai.us/artists/1249127
381876,higuchi_isami,633,200,硬核R18,0.55,奇幻/魔法题材,同人为主,群像/多人,奇幻/魔法/裸体/暴露,,姿势/动态,mahou_shoujo_sae,mahou_shoujo_sae kusunoki_sae murakami_shizuru emit_(mahou_shoujo_sae) magical_girl tachi-e nishijima_shouko kusunoki_misako,硬核R18 · 奇幻/魔法题材 · 奇幻/魔法 · 裸体/暴露 · 姿势/动态 · 同人为主,https://danbooru.donmai.us/artists/381876
1908783,vamos_mk,633,200,全年龄向,0.0,BL/腐向专精,同人为主,男性主体,BL/腐向/战斗/动作,单色/灰度/漫画分镜,肖像/半身,one_piece|les_miserables|one_piece_(live_action),buggy_the_clown clown_nose shanks_(one_piece) one_piece weibo_watermark connected_beard facepaint pectorals,BL/腐向专精 · BL/腐向 · 战斗/动作 · 单色/灰度 · 肖像/半身,https://danbooru.donmai.us/artists/1908783
628386,osakana_(denpa_yun'yun),633,200,全年龄向,0.04,机甲/军事题材,同人为主,群像/多人,军事/枪械/战斗/动作,单色/灰度/线稿/速写,场景插画,girls'_frontline|bang_dream!|bang_dream!_it's_mygo!!!!!,girls'_frontline hk416_(girls'_frontline) bang_dream!_it's_mygo!!!!! h&k_hk416 teardrop_facial_mark assault_rifle bang_dream! rifle,机甲/军事题材 · 军事/枪械 · 战斗/动作 · 单色/灰度 · 场景插画,https://danbooru.donmai.us/artists/628386
1353635,shikitani_asuka,633,200,轻度色气,0.075,日常/治愈系,原创为主,男性主体,日常/治愈/自然/风景,单色/灰度/漫画分镜,漫画/多格,touhou|genshin_impact|hokenshitsu_no_otona_na_senpai_ore_no_mae_deha_sugu_dereru,twitter_username shirase_yuzuki hokenshitsu_no_otona_na_senpai_ore_no_mae_deha_sugu_dereru komeiji_koishi lyney_(genshin_impact) lynette_(genshin_impact) genshin_impact comiket_100,日常/治愈系 · 日常/治愈 · 自然/风景 · 单色/灰度 · 漫画/多格,https://danbooru.donmai.us/artists/1353635
1308118,kisaragi_nana,633,200,硬核R18,0.675,R18情色向画师,同人为主,女性主体,裸体/暴露/体型特征,单色/灰度,姿势/动态,fate_(series)|fate/grand_order|azur_lane,fate/grand_order fate_(series) queen_of_sheba_(fate) bar_censor sex vaginal cum_in_pussy penis,硬核R18 · R18情色向画师 · 裸体/暴露 · 体型特征 · 单色/灰度 · 姿势/动态,https://danbooru.donmai.us/artists/1308118
662345,eichi_yuu,633,200,全年龄向,0.0,百合专精,同人为主,群像/多人,兽耳/亚人/日常/治愈,特效/后期/线稿/速写,姿势/动态,touhou|embodiment_of_scarlet_devil|umamusume,touhou patchouli_knowledge remilia_scarlet mob_cap crescent_hat_ornament striped_dress hat_ribbon hat_ornament,百合专精 · 兽耳/亚人 · 日常/治愈 · 特效/后期 · 姿势/动态,https://danbooru.donmai.us/artists/662345
1575267,tanashi_(mk2),633,200,全年龄向,0.005,像素/复古画师,同人为主,男性主体,军事/枪械/体育/运动,特效/后期/拼贴/混合,差分/变体,senki_zesshou_symphogear|fate_(series)|umamusume,senki_zesshou_symphogear elfnein eyebrows carol_malus_dienheim yukine_chris akatsuki_kirika tsukuyomi_shirabe lens_flare,像素/复古画师 · 军事/枪械 · 体育/运动 · 特效/后期 · 差分/变体,https://danbooru.donmai.us/artists/1575267
1467267,goback,633,200,轻度色气,0.07,原创角色设计师,原创为主,群像/多人,军事/枪械/裸体/暴露,单色/灰度/漫画分镜,姿势/动态,touhou|dungeon_and_fighter|black_survival,flower_queen_blossom dungeon_and_fighter cat_girl_(ketron) touhou remilia_scarlet eternal_return:_black_survival black_survival chaperina_philosys,原创角色设计师 · 军事/枪械 · 裸体/暴露 · 单色/灰度 · 姿势/动态,https://danbooru.donmai.us/artists/1467267
1873662,illu_(illu_stratos),633,200,硬核R18,0.685,R18情色向画师,同人为主,女性主体,裸体/暴露/兽耳/亚人,,姿势/动态,kemono_friends|kemono_friends_v_project|kemono_friends_3,kemono_friends uncensored brahminy_kite_(kemono_friends)_(illu_(illu_stratos)) kemono_friends_v_project bird_tail kemono_friends_3 pussy female_pubic_hair,硬核R18 · R18情色向画师 · 裸体/暴露 · 兽耳/亚人 · 姿势/动态 · 同人为主,https://danbooru.donmai.us/artists/1873662
1625997,dino_(dinoartforame),632,200,全年龄向,0.0,综合向插画师,同人为主,男性主体,自然/风景/军事/枪械,单色/灰度/厚涂/数码绘,肖像/半身,wuthering_waves|hololive|hololive_english,wuthering_waves hololive_english chainsaw_man fami_(chainsaw_man) hololive tacet_mark_(wuthering_waves) hakos_baelz phrolova_(wuthering_waves),综合向插画师 · 自然/风景 · 军事/枪械 · 单色/灰度 · 肖像/半身,https://danbooru.donmai.us/artists/1625997
439203,kuroda_akimi,632,200,硬核R18,0.77,R18情色向画师,同人为主,男性主体,裸体/暴露/BL/腐向,,表情/表演,tsumamigui_(series)|tsuma_shibori|aniyome_wa_ijippari,tsuma_shibori tsumamigui_(series) aoi_sakura_(tsuma_shibori) shinba_kousuke izawa_ritsuko pixie_cut kotosuki_madoka tsubaki_ryouji,硬核R18 · R18情色向画师 · 裸体/暴露 · BL/腐向 · 表情/表演 · 同人为主,https://danbooru.donmai.us/artists/439203
1230748,shone,632,200,全年龄向,0.0,综合向插画师,同人为主,女性主体,兽耳/亚人/配饰/首饰,线稿/速写/素描/炭笔,单人立绘,idolmaster|idolmaster_cinderella_girls|touhou,idolmaster_cinderella_girls idolmaster shirasaka_koume touhou futaba_anzu hoshi_syoko umamusume hayasaka_mirei,综合向插画师 · 兽耳/亚人 · 配饰/首饰 · 线稿/速写 · 单人立绘,https://danbooru.donmai.us/artists/1230748
1316417,kojima_takeshi,632,200,轻度色气,0.085,机甲/军事题材,同人为主,群像/多人,军事/枪械/神话/宗教,单色/灰度/漫画分镜,俯视/仰视,fate_(series)|fate/grand_order|blue_archive,girls_zombie_party mitsurugi_saya fate/grand_order tenochtitlan_(second_ascension)_(fate) fate_(series) sessyoin_kiara tenshi_maria tenochtitlan_(fate),机甲/军事题材 · 军事/枪械 · 神话/宗教 · 单色/灰度 · 俯视/仰视,https://danbooru.donmai.us/artists/1316417
1298317,kawai_(purplrpouni),632,200,全年龄向,0.035,综合向插画师,同人为主,群像/多人,泳装/内衣/神话/宗教,,单人立绘,blue_archive|umamusume|genshin_impact,umamusume horse_girl horse_ears blue_archive eishin_flash_(umamusume) daiwa_scarlet_(umamusume) bra_visible_through_clothes dakimakura_(medium),综合向插画师 · 泳装/内衣 · 神话/宗教 · 单人立绘 · 同人为主,https://danbooru.donmai.us/artists/1298317
1930317,chamaruk,632,200,全年龄向,0.0,同人角色专精,同人为主,非人物/静物,兽耳/亚人/奇幻/魔法,单色/灰度,差分/变体,touhou|unfinished_dream_of_all_living_ghost|strange_creators_of_outer_world,touhou kagiyama_hina unfinished_dream_of_all_living_ghost front_ponytail frilled_shirt_collar disembodied_linked_eye komano_aunn_(komainu) animalization,同人角色专精 · 兽耳/亚人 · 奇幻/魔法 · 单色/灰度 · 差分/变体,https://danbooru.donmai.us/artists/1930317
1653746,andou_shuki,632,200,情色向,0.49,R18情色向画师,同人为主,群像/多人,裸体/暴露/泳装/内衣,漫画分镜,姿势/动态,idolmaster|idolmaster_million_live!|gakuen_idolmaster,idolmaster_million_live! idolmaster idolmaster_million_live!_theater_days gakuen_idolmaster kousaka_umi hanami_saki female_pubic_hair hanami_ume,情色向 · R18情色向画师 · 裸体/暴露 · 泳装/内衣 · 漫画分镜 · 姿势/动态,https://danbooru.donmai.us/artists/1653746
575036,honjou_raita,632,200,全年龄向,0.0,同人角色专精,同人为主,男性主体,和风/体型特征,拼贴/混合/3D/渲染,姿势/动态,fate_(series)|fate/grand_order|mahou_shoujo_(raita),fate/grand_order fate_(series) ibuki_douji_(fate) murasaki_shikibu_(fate) shuten_douji_(fate) james_moriarty_(ruler)_(fate) minamoto_no_raikou_(fate) ibuki_douji_(swimsuit_berserker)_(fate),同人角色专精 · 和风 · 体型特征 · 拼贴/混合 · 姿势/动态,https://danbooru.donmai.us/artists/575036
1564870,kurotofu,631,200,全年龄向,0.0,兽耳/亚人专精,同人为主,非人物/静物,兽耳/亚人/角色扮演/异装,漫画分镜/线稿/速写,漫画/多格,arknights|arknights:_endfield|blue_archive,arknights doctor_(arknights) mochi_(kurotofu) arknights:_endfield suzuran_(arknights) female_doctor_(arknights) rosmontis_(arknights) short_eyebrows,兽耳/亚人专精 · 兽耳/亚人 · 角色扮演/异装 · 漫画分镜 · 漫画/多格,https://danbooru.donmai.us/artists/1564870
1426684,tokuura,632,200,全年龄向,0.0,同人角色专精,同人为主,男性主体,BL/腐向/奇幻/魔法,单色/灰度/漫画分镜,差分/变体,the_legend_of_zelda|the_legend_of_zelda:_the_wind_waker|the_legend_of_zelda:_spirit_tracks,the_legend_of_zelda:_the_wind_waker toon_link the_legend_of_zelda toon_zelda link green_tunic the_legend_of_zelda:_spirit_tracks tetra,同人角色专精 · BL/腐向 · 奇幻/魔法 · 单色/灰度 · 差分/变体,https://danbooru.donmai.us/artists/1426684
1610731,batta_16-sei,631,200,情色向,0.265,综合向插画师,同人为主,女性主体,裸体/暴露/体型特征,单色/灰度,姿势/动态,nijisanji|sousou_no_frieren|gundam,kanzarin_(vtuber) aty_(summon_night) summon_night nijisanji lize_helesta sousou_no_frieren virtual_youtuber fern_(sousou_no_frieren),情色向 · 综合向插画师 · 裸体/暴露 · 体型特征 · 单色/灰度 · 姿势/动态,https://danbooru.donmai.us/artists/1610731
1365498,nekobungi_sumire,631,200,全年龄向,0.005,单色线稿派,同人为主,群像/多人,军事/枪械/制服/职场,单色/灰度/漫画分镜,漫画/多格,alice_sherlock:_the_rubious_nebula|the_kingdom_of_felismans|freedom_of_speech,alice_sherlock:_the_rubious_nebula left-to-right_manga alice_sherlock marie_(alice_sherlock) the_kingdom_of_felismans emilie_pfauenfeder harold_sachertorte cat_boy,单色线稿派 · 军事/枪械 · 制服/职场 · 单色/灰度 · 漫画/多格,https://danbooru.donmai.us/artists/1365498
381901,kawase_seiki,630,200,情色向,0.375,R18情色向画师,同人为主,群像/多人,裸体/暴露/体型特征,特效/后期/漫画分镜,姿势/动态,sword_art_online|sword_art_online:_alicization|sword_art_online:_alicization_-_war_of_underworld,sword_art_online kirigaya_suguha leafa_(sao) sword_art_online:_alicization sinon sword_art_online:_alicization_-_war_of_underworld leafa_(terraria)_(sao) sinon_(solus),情色向 · R18情色向画师 · 裸体/暴露 · 体型特征 · 特效/后期 · 姿势/动态,https://danbooru.donmai.us/artists/381901
1655767,hokuro_ryuuseigun,630,200,硬核R18,0.905,BL/腐向专精,原创为主,男性主体,BL/腐向/角色扮演/异装,漫画分镜/单色/灰度,姿势/动态,cracklecradle|chrono_crusade|tiktok,crossdressing_(mtf) trap multiple_traps crossdressing yaoi josou_seme junior_(hokuro_ryuuseigun) bar_censor,硬核R18 · BL/腐向专精 · BL/腐向 · 角色扮演/异装 · 漫画分镜 · 姿势/动态,https://danbooru.donmai.us/artists/1655767
633588,kuromayu,630,200,轻度色气,0.185,日常/治愈系,同人为主,女性主体,裸体/暴露/校园,特效/后期,姿势/动态,kantai_collection|flower_knight_girl|dragon_quest,shiratsuyu_(kancolle) kantai_collection shiratsuyu_kai_ni_(kancolle) choukai_(kancolle) aoba_(kancolle) souryuu_(kancolle) hair_flaps red_hairband,日常/治愈系 · 裸体/暴露 · 校园 · 特效/后期 · 姿势/动态,https://danbooru.donmai.us/artists/633588
2001115,ponpu_(pumpkinsinclair),629,200,硬核R18,0.83,R18情色向画师,原创/同人混合,男性主体,裸体/暴露/体型特征,,俯视/仰视,marvel|dc_comics|kill_la_kill,madeline_zoldak_(pumpkinsinclair) erection wimple penis sister_erauso_(ponpu) uncensored sex traditional_nun,硬核R18 · R18情色向画师 · 裸体/暴露 · 体型特征 · 俯视/仰视 · 原创/同人混合,https://danbooru.donmai.us/artists/2001115
2334996,hiyoko_spot,629,200,硬核R18,1.0,R18情色向画师,同人为主,女性主体,裸体/暴露/体型特征,特效/后期/漫画分镜,姿势/动态,blue_archive|hololive|idolmaster,bar_censor pov_crotch penis large_areolae assertive_female clothed_female_nude_male erection femdom,硬核R18 · R18情色向画师 · 裸体/暴露 · 体型特征 · 特效/后期 · 姿势/动态,https://danbooru.donmai.us/artists/2334996
520360,syroh,630,200,硬核R18,0.77,R18情色向画师,同人为主,男性主体,裸体/暴露/兽耳/亚人,,俯视/仰视,yakimochi_stream,tania_helvellyn yakimochi_stream raised_inner_eyebrows white_ribbon mosaic_censoring sideways lying_on_person penis,硬核R18 · R18情色向画师 · 裸体/暴露 · 兽耳/亚人 · 俯视/仰视 · 同人为主,https://danbooru.donmai.us/artists/520360
487853,nikoo,629,200,全年龄向,0.05,综合向插画师,同人为主,女性主体,角色扮演/异装/兽耳/亚人,,姿势/动态,indie_virtual_youtuber|hololive|vspo!,yuuki_sakuna minato_aqua virtual_youtuber indie_virtual_youtuber mashiro_mayu ghost_hair_ornament hololive fish_hair_ornament,综合向插画师 · 角色扮演/异装 · 兽耳/亚人 · 姿势/动态 · 同人为主,https://danbooru.donmai.us/artists/487853
1694057,duke_(inu_daimyou),628,200,全年龄向,0.015,综合向插画师,同人为主,女性主体,泳装/内衣/角色扮演/异装,单色/灰度,姿势/动态,love_live!|love_live!_school_idol_project|myo-chan_sensei_wa_kaku_katariki,tojo_nozomi love_live!_school_idol_project love_live! hair_scrunchie pink_scrunchie scrunchie red_scrunchie tareme,综合向插画师 · 泳装/内衣 · 角色扮演/异装 · 单色/灰度 · 姿势/动态,https://danbooru.donmai.us/artists/1694057
377712,aoi_kumiko,629,200,情色向,0.15,传统手绘媒介,原创为主,群像/多人,裸体/暴露/体型特征,线稿/速写/素描/炭笔,姿势/动态,os-tan|alice's_adventures_in_wonderland|re:zero_kara_hajimeru_isekai_seikatsu,3.1-tan loli os-tan ballerina ballet_class_clothes athletic_leotard ballet_slippers hotel_room,情色向 · 传统手绘媒介 · 裸体/暴露 · 体型特征 · 线稿/速写 · 姿势/动态,https://danbooru.donmai.us/artists/377712
1266537,pigeon666,628,200,全年龄向,0.005,BL/腐向专精,原创为主,男性主体,BL/腐向/体型特征,单色/灰度,肖像/半身,pokemon|pokemon_masters_ex|gundam,lighting_practice dr._tequila_(pigeon666) sanpaku pokemon_masters_ex signature portrait bruno_(yu-gi-oh!) facial_hair,BL/腐向专精 · BL/腐向 · 体型特征 · 单色/灰度 · 肖像/半身,https://danbooru.donmai.us/artists/1266537
650690,maco22,627,200,全年龄向,0.0,原创角色设计师,原创为主,男性主体,BL/腐向/制服/职场,单色/灰度,肖像/半身,danganronpa_(series)|danganronpa_2:_goodbye_despair|utau,hinata_hajime danganronpa_2:_goodbye_despair harumaki_haru_(maco22) danganronpa_(series) hamita_hami_(maco22) komaeda_nagito blush_stickers momijiya_asahi_(maco22),原创角色设计师 · BL/腐向 · 制服/职场 · 单色/灰度 · 肖像/半身,https://danbooru.donmai.us/artists/650690
1567974,aihara-rina,628,200,全年龄向,0.005,百合专精,同人为主,男性主体,兽人/furry/百合/GL,单色/灰度/线稿/速写,漫画/多格,touhou|pokemon|pokemon_(anime),hakurei_reimu ash_ketchum pokemon_(classic_anime) touhou frilled_hair_tubes kirisame_marisa frilled_bow pokemon_(anime),百合专精 · 兽人/furry · 百合/GL · 单色/灰度 · 漫画/多格,https://danbooru.donmai.us/artists/1567974
1682642,dasdokter,627,200,全年龄向,0.08,综合向插画师,同人为主,群像/多人,兽耳/亚人/裸体/暴露,单色/灰度/漫画分镜,差分/变体,hololive|hololive_english|umamusume,hololive_english hololive nerissa_ravencroft irys_(hololive) virtual_youtuber asymmetrical_horns raora_panthera uneven_horns,综合向插画师 · 兽耳/亚人 · 裸体/暴露 · 单色/灰度 · 差分/变体,https://danbooru.donmai.us/artists/1682642
460462,reku,627,200,情色向,0.21,综合向插画师,原创/同人混合,群像/多人,裸体/暴露/兽耳/亚人,单色/灰度/漫画分镜,漫画/多格,nijisanji|blue_archive|kantai_collection,shiroko_(reku) sanbi_(reku) shizuka_rin kumano_(kancolle) nijisanji prinz_eugen_(kancolle) kako_(reku) suzuya_(kancolle),情色向 · 综合向插画师 · 裸体/暴露 · 兽耳/亚人 · 单色/灰度 · 漫画/多格,https://danbooru.donmai.us/artists/460462
1579473,ekz_(robotekz),627,200,情色向,0.485,单色线稿派,原创/同人混合,男性主体,体型特征/裸体/暴露,单色/灰度/漫画分镜,漫画/多格,kobayashi-san_chi_no_maidragon|pokemon|one_piece,red_theme sound_effects paizuri english_text monochrome hetero huge_breasts paizuri_under_clothes,情色向 · 单色线稿派 · 体型特征 · 裸体/暴露 · 单色/灰度 · 漫画/多格,https://danbooru.donmai.us/artists/1579473
1747580,kazuma_(kazumav),627,200,情色向,0.225,原创角色设计师,原创为主,群像/多人,裸体/暴露/泳装/内衣,特效/后期/光影/氛围,姿势/动态,hololive|amagi_brilliant_park|idolmaster,amasawa_chigusa hotaka_mai saotome_sakurako amagi_brilliant_park shimamura_uzuki full-face_blush eyes_out_of_frame hololive,情色向 · 原创角色设计师 · 裸体/暴露 · 泳装/内衣 · 特效/后期 · 姿势/动态,https://danbooru.donmai.us/artists/1747580
1550982,muk_(monsieur),627,200,硬核R18,0.805,R18情色向画师,原创为主,群像/多人,裸体/暴露/手足/局部,漫画分镜,姿势/动态,tiny_evil|men_play_channel|idolmaster,tiny_evil sana_(tiny_evil) yurika_(tiny_evil) loli lolidom miyako_(tiny_evil) smalldom yuu_(tiny_evil),硬核R18 · R18情色向画师 · 裸体/暴露 · 手足/局部 · 漫画分镜 · 姿势/动态,https://danbooru.donmai.us/artists/1550982
1533464,lazyprocrastinator,627,200,硬核R18,1.0,3D/拟真渲染,同人为主,男性主体,裸体/暴露/BL/腐向,3D/渲染,姿势/动态,zenless_zone_zero|final_fantasy|dead_or_alive,3d cecilia_(zenless_zone_zero) uncensored dead_or_alive wise_(zenless_zone_zero) momiji_(ninja_gaiden) penis head_fins,硬核R18 · 3D/拟真渲染 · 裸体/暴露 · BL/腐向 · 3D/渲染 · 姿势/动态,https://danbooru.donmai.us/artists/1533464
1549480,henria,626,200,硬核R18,0.87,R18情色向画师,同人为主,群像/多人,裸体/暴露/手足/局部,,姿势/动态,eiyuu_densetsu|sen_no_kiseki_(series)|indie_virtual_youtuber,mob_x_character eiyuu_densetsu sen_no_kiseki_(series) mosaic_censoring altina_orion musse_egret cum sen_no_kiseki_iii,硬核R18 · R18情色向画师 · 裸体/暴露 · 手足/局部 · 姿势/动态 · 同人为主,https://danbooru.donmai.us/artists/1549480
1731969,mu46016419,626,200,全年龄向,0.155,BL/腐向专精,同人为主,男性主体,BL/腐向/战斗/动作,漫画分镜/单色/灰度,漫画/多格,project_moon|limbus_company|lobotomy_corporation,project_moon limbus_company netzach_(project_moon) sinclair_(project_moon) don_quixote_(project_moon) lobotomy_corporation yi_sang_(project_moon) faust_(project_moon),BL/腐向专精 · BL/腐向 · 战斗/动作 · 漫画分镜 · 漫画/多格,https://danbooru.donmai.us/artists/1731969
543322,gensoukoumuten,627,200,全年龄向,0.0,日常/治愈系,同人为主,群像/多人,兽耳/亚人/日常/治愈,单色/灰度/漫画分镜,漫画/多格,touhou|kemono_friends|dragon_quest,touhou himekaidou_hatate tokin_hat komeiji_satori disembodied_linked_eye kaenbyou_rin heart_of_string kasodani_kyouko,日常/治愈系 · 兽耳/亚人 · 日常/治愈 · 单色/灰度 · 漫画/多格,https://danbooru.donmai.us/artists/543322
411282,saiste,632,200,全年龄向,0.055,原创角色设计师,原创为主,群像/多人,兽耳/亚人/体型特征,单色/灰度/线稿/速写,俯视/仰视,blue_archive|onii-chan_wa_oshimai!|rabi-ribi,rabi-ribi onii-chan_wa_oshimai! erina_(rabi-ribi) ribbon_(rabi-ribi) oyama_mahiro loli cropped_legs blue_archive,原创角色设计师 · 兽耳/亚人 · 体型特征 · 单色/灰度 · 俯视/仰视,https://danbooru.donmai.us/artists/411282
382615,yoshitomi_akihito,626,200,全年龄向,0.0,传统手绘媒介,原创为主,男性主体,手足/局部/校园,线稿/速写/素描/炭笔,姿势/动态,chikyuu_no_houkago|eat-man|school_ningyo,sketch monochrome green_theme chikyuu_no_houkago art_tools_in_frame eat-man feet toes,传统手绘媒介 · 手足/局部 · 校园 · 线稿/速写 · 姿势/动态,https://danbooru.donmai.us/artists/382615
1691550,kanzarin,626,200,轻度色气,0.16,综合向插画师,同人为主,女性主体,裸体/暴露/泳装/内衣,,单人立绘,indie_virtual_youtuber|hololive|vspo!,kanzarin_(vtuber) virtual_youtuber indie_virtual_youtuber vspo! yano_kuromu hololive noripro la+_darknesss,综合向插画师 · 裸体/暴露 · 泳装/内衣 · 单人立绘 · 同人为主,https://danbooru.donmai.us/artists/1691550
2527318,iyokan_momiji,626,200,全年龄向,0.0,传统手绘媒介,同人为主,群像/多人,兽耳/亚人/神话/宗教,单色/灰度/线稿/速写,俯视/仰视,hololive|blue_archive|indie_virtual_youtuber,natsuiro_matsuri hololive virtual_youtuber natsuiro_matsuri_(1st_costume) off-shoulder_jacket harvest_moon_(vtuber) blue_archive black_camisole,传统手绘媒介 · 兽耳/亚人 · 神话/宗教 · 单色/灰度 · 俯视/仰视,https://danbooru.donmai.us/artists/2527318
404531,ichihaya,626,200,情色向,0.265,日常/治愈系,原创为主,女性主体,裸体/暴露/日常/治愈,,姿势/动态,kantai_collection|touhou|shibayanrecords,shibayanrecords loli album_cover nipples criminal_girls album_name black_sailor_collar curtains,情色向 · 日常/治愈系 · 裸体/暴露 · 日常/治愈 · 姿势/动态 · 原创为主,https://danbooru.donmai.us/artists/404531
488515,shiwasu_horio,625,200,全年龄向,0.01,原创角色设计师,原创为主,群像/多人,校园/自然/风景,单色/灰度/漫画分镜,漫画/多格,puyopuyo|puyopuyo_20th_anniversary|puyopuyo_quest,arle_nadja puyopuyo puyopuyo_20th_anniversary no_armor satan_(puyopuyo) carbuncle_(puyopuyo) greyscale comic,原创角色设计师 · 校园 · 自然/风景 · 单色/灰度 · 漫画/多格,https://danbooru.donmai.us/artists/488515
383113,pairan,626,200,全年龄向,0.0,原创角色设计师,原创为主,群像/多人,校园/自然/风景,特效/后期,设定/图解,girls_und_panzer|girls_und_panzer_gekijouban|gundam,artist_logo aoi_sora_(pairan) logo gym_uniform girls_und_panzer girls_und_panzer_gekijouban gym_shirt emblem,原创角色设计师 · 校园 · 自然/风景 · 特效/后期 · 设定/图解,https://danbooru.donmai.us/artists/383113
1454086,mirin_chikuwa,625,200,硬核R18,0.915,R18情色向画师,原创/同人混合,男性主体,裸体/暴露/兽耳/亚人,漫画分镜/特效/后期,漫画/多格,arknights|zenless_zone_zero|arknights:_endfield,futanari huge_testicles animal_genitalia_on_humanoid prepuce arknights animal_penis testicles bar_censor,硬核R18 · R18情色向画师 · 裸体/暴露 · 兽耳/亚人 · 漫画分镜 · 漫画/多格,https://danbooru.donmai.us/artists/1454086
1431572,luicent,625,200,全年龄向,0.0,原创角色设计师,原创为主,群像/多人,自然/风景/都市/街景,特效/后期/线稿/速写,场景插画,blue_archive|comiket_106|girls'_frontline,elisia_valfelto cf05_(girls'_frontline) hair_intakes eyebrows_hidden_by_hair sbi_e-sports wispy_bangs tokikaze_mayura hair_spread_out,原创角色设计师 · 自然/风景 · 都市/街景 · 特效/后期 · 场景插画,https://danbooru.donmai.us/artists/1431572
1801941,mame1645,625,200,全年龄向,0.015,同人角色专精,同人为主,双人/CP,恋爱/情感/校园,漫画分镜/拼贴/混合,漫画/多格,go-toubun_no_hanayome|chainsaw_man|the_ring,go-toubun_no_hanayome uesugi_fuutarou asahiyama_high_school_uniform nakano_nino nakano_ichika nakano_yotsuba nakano_miku nakano_itsuki,同人角色专精 · 恋爱/情感 · 校园 · 漫画分镜 · 漫画/多格,https://danbooru.donmai.us/artists/1801941
1518096,zaphn,625,200,情色向,0.345,日常/治愈系,同人为主,双人/CP,裸体/暴露/体型特征,漫画分镜,姿势/动态,genshin_impact|zenless_zone_zero|blue_archive,zeliya_(zaphn) genshin_impact claire_(zaphn) large_areolae huge_breasts lisa_(genshin_impact) uncensored alternate_breast_size_(larger),情色向 · 日常/治愈系 · 裸体/暴露 · 体型特征 · 漫画分镜 · 姿势/动态,https://danbooru.donmai.us/artists/1518096
714734,shirogane_(platinum),625,200,轻度色气,0.145,综合向插画师,同人为主,女性主体,裸体/暴露/兽耳/亚人,,姿势/动态,hololive|indie_virtual_youtuber|yumemi_channel,kumonoue_yumemi yumemi_channel virtual_youtuber hololive cat_cutout cat_lingerie hiiro_kuma kouya_no_naga_samurai,综合向插画师 · 裸体/暴露 · 兽耳/亚人 · 姿势/动态 · 同人为主,https://danbooru.donmai.us/artists/714734
1619340,free_style_(yohan1754),626,200,全年龄向,0.0,日常/治愈系,原创为主,女性主体,日常/治愈/泳装/内衣,光影/氛围,俯视/仰视,genshin_impact|kono_subarashii_sekai_ni_shukufuku_wo!|hololive,toned_female hair_spread_out toned mase_(hwangabi) micro_bikini underboob thighs sideboob,日常/治愈系 · 日常/治愈 · 泳装/内衣 · 光影/氛围 · 俯视/仰视,https://danbooru.donmai.us/artists/1619340
1243826,nameo_(judgemasterkou),625,200,轻度色气,0.115,原创角色设计师,原创为主,男性主体,体型特征/军事/枪械,线稿/速写/素描/炭笔,肖像/半身,touhou|jojo_no_kimyou_na_bouken|predator_(series),glasses_girl_(nameo) ojou_(nameo) bad_anatomy predator_(character) predator_(1987) stand_(jojo) huge_breasts jojo_no_kimyou_na_bouken,原创角色设计师 · 体型特征 · 军事/枪械 · 线稿/速写 · 肖像/半身,https://danbooru.donmai.us/artists/1243826
1468452,kokomi_(aniesuakkaman),624,200,全年龄向,0.0,综合向插画师,同人为主,男性主体,制服/职场/泳装/内衣,特效/后期/线稿/速写,肖像/半身,indie_virtual_youtuber|hololive|hololive_english,nimi_nightmare tapir_ears tapir_girl limealicious vinesauce ferret_girl ferret_ears omori,综合向插画师 · 制服/职场 · 泳装/内衣 · 特效/后期 · 肖像/半身,https://danbooru.donmai.us/artists/1468452
1235662,jonsun,624,200,全年龄向,0.0,原创角色设计师,原创为主,群像/多人,泳装/内衣/和风,漫画分镜,单人立绘,breath_of_fire|breath_of_fire_iii|fate/grand_order,riku_(jonsun) shiori_(jonsun) aya_(jonsun) tamami_(jonsun) misaki_(jonsun) mami_(jonsun) mole_under_each_eye blurry_background,原创角色设计师 · 泳装/内衣 · 和风 · 漫画分镜 · 单人立绘,https://danbooru.donmai.us/artists/1235662
1295760,paragasu_(parags112),625,200,全年龄向,0.035,传统手绘媒介,同人为主,男性主体,兽耳/亚人/裸体/暴露,线稿/速写/素描/炭笔,肖像/半身,touhou|blue_archive|hololive,flandre_scarlet touhou mob_cap red_vest crystal yellow_ascot teddy_bear crystal_wings,传统手绘媒介 · 兽耳/亚人 · 裸体/暴露 · 线稿/速写 · 肖像/半身,https://danbooru.donmai.us/artists/1295760
386752,eko,624,200,全年龄向,0.045,兽耳/亚人专精,同人为主,男性主体,神话/宗教/兽耳/亚人,特效/后期/线稿/速写,差分/变体,blue_archive|comiket_106|touhou,niko_(blue_archive) blue_archive blue_halo halo throat_microphone fox_ears fox_girl miyako_(blue_archive),兽耳/亚人专精 · 神话/宗教 · 兽耳/亚人 · 特效/后期 · 差分/变体,https://danbooru.donmai.us/artists/386752
1325844,koyubi_(littlefinger1988),624,200,全年龄向,0.0,单色线稿派,同人为主,群像/多人,体型特征/中式,单色/灰度/特效/后期,差分/变体,touhou|fate/grand_order|fate_(series),hong_meiling touhou multiple_scars scar_on_arm star_hat_ornament cross_scar toramaru_shou scar_on_leg,单色线稿派 · 体型特征 · 中式 · 单色/灰度 · 差分/变体,https://danbooru.donmai.us/artists/1325844
1428177,dan_(kumadan),624,200,全年龄向,0.0,综合向插画师,同人为主,群像/多人,神话/宗教/泳装/内衣,单色/灰度/漫画分镜,差分/变体,blue_archive|kantai_collection|hololive,toki_(blue_archive) blue_archive blue_halo yuudachi_(kancolle) yuudachi_kai_ni_(kancolle) halo toki_(bunny)_(blue_archive) kantai_collection,综合向插画师 · 神话/宗教 · 泳装/内衣 · 单色/灰度 · 差分/变体,https://danbooru.donmai.us/artists/1428177
1558694,hi_you_(flying_bear),626,200,轻度色气,0.215,单色线稿派,同人为主,群像/多人,裸体/暴露/中式,单色/灰度/漫画分镜,漫画/多格,touhou|kemono_friends|tales_of_(series),tangzhuang miyako_yoshika touhou jiangshi flat_cap star_hat_ornament page_number common_vampire_bat_(kemono_friends),单色线稿派 · 裸体/暴露 · 中式 · 单色/灰度 · 漫画/多格,https://danbooru.donmai.us/artists/1558694
587008,uni_mate,623,200,全年龄向,0.1,单色线稿派,同人为主,群像/多人,体育/运动/裸体/暴露,单色/灰度/漫画分镜,漫画/多格,touhou|kantai_collection|phantasy_star,touhou patchouli_knowledge himekaidou_hatate konpaku_youmu kirisame_marisa greyscale monochrome bicycle,单色线稿派 · 体育/运动 · 裸体/暴露 · 单色/灰度 · 漫画/多格,https://danbooru.donmai.us/artists/587008
1590808,qys3,622,200,全年龄向,0.005,综合向插画师,原创/同人混合,群像/多人,音乐/偶像/军事/枪械,特效/后期,俯视/仰视,vocaloid|arknights|shinkai_shoujo_(vocaloid),qian_ye_(qys3) hatsune_miku vocaloid tokisaki_mio_(niliu_chahui) tokisaki_asaba_(niliu_chahui) shinkai_shoujo_(vocaloid) tian_ling_(qys3) hatsune_miku_(honey_whip),综合向插画师 · 音乐/偶像 · 军事/枪械 · 特效/后期 · 俯视/仰视,https://danbooru.donmai.us/artists/1590808
582805,minust,623,200,全年龄向,0.02,百合专精,同人为主,群像/多人,自然/风景/百合/GL,特效/后期,姿势/动态,touhou|blue_archive|subterranean_animism,touhou yakumo_yukari mob_cap hat_ribbon saigyouji_yuyuko frilled_shirt_collar triangular_headpiece petticoat,百合专精 · 自然/风景 · 百合/GL · 特效/后期 · 姿势/动态,https://danbooru.donmai.us/artists/582805
1903919,kuro_(toi_et_moi),622,200,轻度色气,0.365,原创角色设计师,原创为主,群像/多人,裸体/暴露/手足/局部,漫画分镜,单人立绘,sono_bisque_doll_wa_koi_wo_suru|mf_ghost|fatal_fury,hitoyo_(baffu) reference_sheet dark-skinned_male bar_censor pubic_hair female_pubic_hair brown-haired_girl_(kuro) penis,原创角色设计师 · 裸体/暴露 · 手足/局部 · 漫画分镜 · 单人立绘,https://danbooru.donmai.us/artists/1903919
1257491,kikuyoshi_(tracco),622,200,全年龄向,0.0,兽耳/亚人专精,同人为主,非人物/静物,兽人/furry/BL/腐向,特效/后期,表情/表演,pokemon|pokemon_scarlet_and_violet|pokemon_legends:_arceus,pokemon_(creature) pokemon pokemon_focus no_humans pokemon_scarlet_and_violet kieran_(pokemon) signature manectric,兽耳/亚人专精 · 兽人/furry · BL/腐向 · 特效/后期 · 表情/表演,https://danbooru.donmai.us/artists/1257491
557952,namie-kun,622,200,全年龄向,0.0,日常/治愈系,同人为主,群像/多人,自然/风景/兽耳/亚人,特效/后期,姿势/动态,arknights|fate_(series)|fate/grand_order,mizuki_(arknights) arknights goldenglow_(arknights) infection_monitor_(arknights) pepe_(arknights) lightning_bolt_print oda_nobunaga_(fate) fou_(fate),日常/治愈系 · 自然/风景 · 兽耳/亚人 · 特效/后期 · 姿势/动态,https://danbooru.donmai.us/artists/557952
1414980,fjsmu,622,200,全年龄向,0.0,日常/治愈系,原创为主,非人物/静物,自然/风景/都市/街景,光影/氛围,场景插画,touhou|pokemon|pokemon_tcg,scenery utility_pole power_lines wide_shot rural road house touhou,日常/治愈系 · 自然/风景 · 都市/街景 · 光影/氛围 · 场景插画,https://danbooru.donmai.us/artists/1414980
1762579,puuzaki_puuna,622,200,硬核R18,0.605,R18情色向画师,同人为主,男性主体,裸体/暴露/体型特征,漫画分镜/单色/灰度,姿势/动态,hitozukiai_ga_nigate_na_miboujin_no_yukionna-san_to_noroi_no_yubiwa|fate_(series)|fate/grand_order,hitozukiai_ga_nigate_na_miboujin_no_yukionna-san_to_noroi_no_yubiwa yukino_mifuyu_(puuzaki_puuna) twitter_logo yuki_onna twitter_username kiryuin_kaede fate/grand_order fate_(series),硬核R18 · R18情色向画师 · 裸体/暴露 · 体型特征 · 漫画分镜 · 姿势/动态,https://danbooru.donmai.us/artists/1762579
585674,eho_(icbm),622,200,全年龄向,0.0,同人角色专精,同人为主,男性主体,军事/枪械/兽耳/亚人,单色/灰度/漫画分镜,漫画/多格,touhou|labyrinth_of_touhou_(series)|labyrinth_of_touhou_2,labyrinth_of_touhou_(series) labyrinth_of_touhou_2 labyrinth_of_touhou_tri touhou transparent_background morichika_rinnosuke kirisame_marisa hat_bow,同人角色专精 · 军事/枪械 · 兽耳/亚人 · 单色/灰度 · 漫画/多格,https://danbooru.donmai.us/artists/585674
1417821,jrpencil,621,200,轻度色气,0.0,原创角色设计师,原创为主,女性主体,体型特征/泳装/内衣,线稿/速写/单色/灰度,漫画/多格,minecraft,raised_inner_eyebrows artist_name bralines enderman outside_border huge_breasts white_border minecraft,原创角色设计师 · 体型特征 · 泳装/内衣 · 线稿/速写 · 漫画/多格,https://danbooru.donmai.us/artists/1417821
1541656,jourd4n,621,200,全年龄向,0.035,原创角色设计师,原创为主,群像/多人,泳装/内衣/战斗/动作,漫画分镜,漫画/多格,zenless_zone_zero|marvel|sousou_no_frieren,claire_volikova ji-yoon_(jourd4n) gelvira_meadows skull_hair_ornament minori_yume_(jourd4n) zenless_zone_zero goth_fashion rayzel_(jourd4n),原创角色设计师 · 泳装/内衣 · 战斗/动作 · 漫画分镜 · 漫画/多格,https://danbooru.donmai.us/artists/1541656
2068139,natsukaze_shigure,621,200,情色向,0.29,原创角色设计师,原创为主,群像/多人,军事/枪械/奇幻/魔法,漫画分镜,单人立绘,girls'_frontline|girls'_frontline_2:_exilium|gundam,m004_(natsukaze_shigure) hydrasia_(natsukaze_shigure) colossus_(natsukaze_shigure) impossible_bodysuit check_six_(natsukaze_shigure) giantess giant impossible_leotard,情色向 · 原创角色设计师 · 军事/枪械 · 奇幻/魔法 · 漫画分镜 · 单人立绘,https://danbooru.donmai.us/artists/2068139
2139840,babalilo,621,200,硬核R18,0.525,兽耳/亚人专精,原创为主,男性主体,裸体/暴露/兽耳/亚人,漫画分镜/单色/灰度,姿势/动态,indie_virtual_youtuber|azur_lane|genshin_impact,titi_(babalilo) babalilo_(babalilo) loli donegon_(babalilo) tsukiko_(babalilo) fox_tail fox_ears fox_girl,硬核R18 · 兽耳/亚人专精 · 裸体/暴露 · 兽耳/亚人 · 漫画分镜 · 姿势/动态,https://danbooru.donmai.us/artists/2139840
1481527,kurachi_mizuki,621,200,轻度色气,0.025,兽耳/亚人专精,同人为主,群像/多人,兽人/furry/体型特征,漫画分镜/线稿/速写,漫画/多格,touhou|pokemon|mario_(series),touhou mario_(series) pokemon rosalina pokemon_legends:_arceus princess_peach alpha_pokemon cat_rosalina,兽耳/亚人专精 · 兽人/furry · 体型特征 · 漫画分镜 · 漫画/多格,https://danbooru.donmai.us/artists/1481527
1264321,shika_miso,621,200,情色向,0.35,同人角色专精,同人为主,群像/多人,裸体/暴露/中式,单色/灰度,单人立绘,touhou|touhou_lostword|reitaisai,miyako_yoshika jiangshi star_hat_ornament touhou ofuda tangzhuang lace-trimmed_sleeves newsboy_cap,情色向 · 同人角色专精 · 裸体/暴露 · 中式 · 单色/灰度 · 单人立绘,https://danbooru.donmai.us/artists/1264321
403715,kanno_takanori,621,200,硬核R18,0.63,R18情色向画师,同人为主,男性主体,体型特征/裸体/暴露,单色/灰度/漫画分镜,姿势/动态,blue_archive|genshin_impact|fate/grand_order,paizuri huge_breasts raiden_shogun penis hasumi_(blue_archive) blue_archive breasts_squeezed_together hetero,硬核R18 · R18情色向画师 · 体型特征 · 裸体/暴露 · 单色/灰度 · 姿势/动态,https://danbooru.donmai.us/artists/403715
1603656,shima_(wansyon144),621,200,轻度色气,0.13,BL/腐向专精,原创为主,男性主体,BL/腐向/兽耳/亚人,单色/灰度,肖像/半身,pokemon|frankenstein|indie_virtual_youtuber,dog_boy trap shota dog_ears dog_tail monster_boy androgynous animal_genitalia_on_humanoid,BL/腐向专精 · BL/腐向 · 兽耳/亚人 · 单色/灰度 · 肖像/半身,https://danbooru.donmai.us/artists/1603656
1569733,studionice2011,620,200,全年龄向,0.0,漫画/剧情向,原创/同人混合,男性主体,制服/职场/战斗/动作,漫画分镜/单色/灰度,漫画/多格,working_girls_weekly|neon_genesis_evangelion|batman_(series),working_girls_weekly segmented_comic anna_ayasaki right-to-left_comic itoya_(studionice2011) blue_theme jenny_miller talking,漫画/剧情向 · 制服/职场 · 战斗/动作 · 漫画分镜 · 漫画/多格,https://danbooru.donmai.us/artists/1569733
2358208,monyami,620,200,全年龄向,0.0,单色线稿派,同人为主,群像/多人,自然/风景/日常/治愈,线稿/速写/漫画分镜,单人立绘,wuthering_waves|trickcal|cyberpunk:_edgerunners,trickcal chibi_only wuthering_waves lupa_(wuthering_waves) white_outline outline blush_stickers chibi,单色线稿派 · 自然/风景 · 日常/治愈 · 线稿/速写 · 单人立绘,https://danbooru.donmai.us/artists/2358208
1315305,kekemotsu,621,200,轻度色气,0.035,原创角色设计师,原创为主,男性主体,泳装/内衣/奇幻/魔法,单色/灰度/漫画分镜,姿势/动态,guilty_gear|guilty_gear_strive|arknights,amamiya_natsumi izumi_(kekemotsu) koharu_(kekemotsu) highleg_one-piece_swimsuit competition_swimsuit highleg white_one-piece_swimsuit one-piece_swimsuit,原创角色设计师 · 泳装/内衣 · 奇幻/魔法 · 单色/灰度 · 姿势/动态,https://danbooru.donmai.us/artists/1315305
510494,kakage,620,200,全年龄向,0.005,综合向插画师,同人为主,群像/多人,战斗/动作/军事/枪械,单色/灰度/特效/后期,设定/图解,hololive|dungeon_ni_deai_wo_motomeru_no_wa_machigatteiru_darou_ka|astraea_record,astraea_record dungeon_ni_deai_wo_motomeru_no_wa_machigatteiru_darou_ka takane_lui evertale danmachi_eiyuutan_argonaut hololive ivy_(fire_emblem) fire_emblem_heroes,综合向插画师 · 战斗/动作 · 军事/枪械 · 单色/灰度 · 设定/图解,https://danbooru.donmai.us/artists/510494
1638304,yusha_m,620,200,情色向,0.255,综合向插画师,同人为主,群像/多人,体型特征/科幻/机甲,漫画分镜,姿势/动态,azur_lane|wuthering_waves|atelier_(series),azur_lane ulrich_von_hutten_(azur_lane) regensburg_(azur_lane) brown_bodystocking friedrich_der_grosse_(azur_lane) mouth_insertion inverted_nipples huge_breasts,情色向 · 综合向插画师 · 体型特征 · 科幻/机甲 · 漫画分镜 · 姿势/动态,https://danbooru.donmai.us/artists/1638304
676899,kikurage_(crayon_arts),620,200,轻度色气,0.25,兽耳/亚人专精,原创为主,群像/多人,兽人/furry/裸体/暴露,单色/灰度,场景插画,hirogaru_sky!_precure|precure|digimon,furry_female body_fur furry brown_fur claws dog_girl animal_feet animal_hands,兽耳/亚人专精 · 兽人/furry · 裸体/暴露 · 单色/灰度 · 场景插画,https://danbooru.donmai.us/artists/676899
1801509,mumyou_ishi,622,200,硬核R18,0.935,R18情色向画师,同人为主,男性主体,裸体/暴露/泳装/内衣,漫画分镜,姿势/动态,jashin-chan_dropkick|vocaloid|talkex,jashin-chan_dropkick honda_tadakatsu_(sengoku_bushouki_muramasa) sengoku_bushouki_muramasa talkex otomachi_una_(talkex) otomachi_una tachibana_mei_(jashin-chan_dropkick) yusa_(jashin-chan_dropkick),硬核R18 · R18情色向画师 · 裸体/暴露 · 泳装/内衣 · 漫画分镜 · 姿势/动态,https://danbooru.donmai.us/artists/1801509
520899,hijiri_rei,620,200,轻度色气,0.04,综合向插画师,原创/同人混合,群像/多人,体型特征/恐怖/猎奇,单色/灰度/漫画分镜,表情/表演,idolmaster|idolmaster_cinderella_girls|blue_archive,oekaki bandaid_on_forehead loli shirasaka_koume idolmaster_cinderella_girls bandaids_on_nipples teardrop idolmaster,综合向插画师 · 体型特征 · 恐怖/猎奇 · 单色/灰度 · 表情/表演,https://danbooru.donmai.us/artists/520899
382524,yumesato_makura,620,200,全年龄向,0.0,综合向插画师,同人为主,男性主体,泳装/内衣/军事/枪械,特效/后期,俯视/仰视,kantai_collection|umamusume|ragnarok:_guild_masters,silence_suzuka_(umamusume) kantai_collection ragnarok:_guild_masters acolyte_(ragnarok_online) umamusume ear_covers horse_girl kashima_(kancolle),综合向插画师 · 泳装/内衣 · 军事/枪械 · 特效/后期 · 俯视/仰视,https://danbooru.donmai.us/artists/382524
449984,zuwai_kani,620,200,轻度色气,0.135,BL/腐向专精,同人为主,男性主体,BL/腐向/和风,单色/灰度/线稿/速写,漫画/多格,touken_ranbu|fate_(series)|fate/grand_order,touken_ranbu kogitsunemaru mikazuki_munechika arjuna_(fate) karna_(fate) yaoi higekiri_(touken_ranbu) hizamaru_(touken_ranbu),BL/腐向专精 · BL/腐向 · 和风 · 单色/灰度 · 漫画/多格,https://danbooru.donmai.us/artists/449984
1357848,twistedscarlett60,620,200,硬核R18,0.95,兽耳/亚人专精,同人为主,群像/多人,裸体/暴露/兽人/furry,,俯视/仰视,my_little_pony|my_little_pony:_friendship_is_magic|pokemon,patreon_username web_address my_little_pony:_friendship_is_magic my_little_pony furry_female uncensored furry body_fur,硬核R18 · 兽耳/亚人专精 · 裸体/暴露 · 兽人/furry · 俯视/仰视 · 同人为主,https://danbooru.donmai.us/artists/1357848
1276073,cslucaris,619,200,情色向,0.305,综合向插画师,原创/同人混合,群像/多人,裸体/暴露/体型特征,漫画分镜/单色/灰度,姿势/动态,rwby|hololive|nier:automata,lucille_(cslucaris) rwby neopolitan_(rwby) patreon_username ruby_rose birthmark spider_girl arthropod_girl,情色向 · 综合向插画师 · 裸体/暴露 · 体型特征 · 漫画分镜 · 姿势/动态,https://danbooru.donmai.us/artists/1276073
535041,hidari_(left_side),620,200,全年龄向,0.0,传统手绘媒介,同人为主,男性主体,军事/枪械/BL/腐向,线稿/速写/素描/炭笔,单人立绘,fire_emblem|fire_emblem_echoes:_shadows_of_valentia|atelier_(series),fire_emblem_echoes:_shadows_of_valentia atelier_shallie fire_emblem atelier_(series) shallotte_elminus shallistera_(atelier) atelier_escha_&_logy character_profile,传统手绘媒介 · 军事/枪械 · BL/腐向 · 线稿/速写 · 单人立绘,https://danbooru.donmai.us/artists/535041
385582,kso,619,200,硬核R18,0.825,奇幻/魔法题材,原创为主,群像/多人,裸体/暴露/奇幻/魔法,漫画分镜/光影/氛围,姿势/动态,emil_chronicle_online|final_fantasy|final_fantasy_xiv,loli meyuu_(kso) fairy_wings fairy mosaic_censoring dashed_eyes pussy flat_chest,硬核R18 · 奇幻/魔法题材 · 裸体/暴露 · 奇幻/魔法 · 漫画分镜 · 姿势/动态,https://danbooru.donmai.us/artists/385582
1353606,sasaame,619,200,全年龄向,0.01,原创角色设计师,原创为主,女性主体,校园/泳装/内衣,,姿势/动态,,school_swimsuit dancer old_school_swimsuit petite balloon sakyua_(sasaame) dango_(sasaame) twitter_username,原创角色设计师 · 校园 · 泳装/内衣 · 姿势/动态 · 原创为主,https://danbooru.donmai.us/artists/1353606
2137636,tyomimas,619,200,全年龄向,0.0,兽耳/亚人专精,原创为主,群像/多人,兽耳/亚人/自然/风景,,俯视/仰视,precure|meitantei_precure!|indie_virtual_youtuber,akechi_anna kobayashi_mikuru meitantei_precure! sakurada_shiro_(hy_plus) precure cat_girl animal_ear_fluff hanamaru_lily,兽耳/亚人专精 · 兽耳/亚人 · 自然/风景 · 俯视/仰视 · 原创为主,https://danbooru.donmai.us/artists/2137636
1649694,marukyuu_ameya,619,200,硬核R18,0.51,机甲/军事题材,同人为主,男性主体,科幻/机甲/泳装/内衣,单色/灰度/线稿/速写,差分/变体,touhou|girls'_frontline,flandre_scarlet multicolored_wings touhou missing_headwear crystal exoskeleton ump45_(girls'_frontline) red_vest,硬核R18 · 机甲/军事题材 · 科幻/机甲 · 泳装/内衣 · 单色/灰度 · 差分/变体,https://danbooru.donmai.us/artists/1649694
424111,kirero,619,200,全年龄向,0.0,日常/治愈系,同人为主,群像/多人,自然/风景/女仆/侍女,单色/灰度/特效/后期,漫画/多格,touhou|touhou_lostword|shinmai_renkinjutsushi_no_tenpo_keiei,remilia_scarlet touhou izayoi_sakuya mob_cap flandre_scarlet bat_wings four_of_a_kind_(touhou) crystal,日常/治愈系 · 自然/风景 · 女仆/侍女 · 单色/灰度 · 漫画/多格,https://danbooru.donmai.us/artists/424111
727606,yuiga_naoha,619,200,硬核R18,0.95,R18情色向画师,同人为主,群像/多人,裸体/暴露/体型特征,漫画分镜,姿势/动态,sword_art_online|sousou_no_frieren|kimetsu_no_yaiba,mosaic_censoring kirigaya_suguha rape sex sword_art_online hetero group_sex nipples,硬核R18 · R18情色向画师 · 裸体/暴露 · 体型特征 · 漫画分镜 · 姿势/动态,https://danbooru.donmai.us/artists/727606
608592,akai_sashimi,619,200,全年龄向,0.0,原创角色设计师,原创为主,群像/多人,恐怖/猎奇/日常/治愈,漫画分镜/单色/灰度,漫画/多格,idolmaster|idolmaster_(classic),one-eyed comic creature claws eel monster speech_bubble alien,原创角色设计师 · 恐怖/猎奇 · 日常/治愈 · 漫画分镜 · 漫画/多格,https://danbooru.donmai.us/artists/608592
408296,souryu,619,200,轻度色气,0.05,综合向插画师,原创/同人混合,男性主体,体型特征/泳装/内衣,单色/灰度/漫画分镜,俯视/仰视,kou_iu_no_ga_ii|machigatta_ko_wo_mahou_shoujo_ni_shite_shimatta|kantai_collection,eguchi_tomoka kou_iu_no_ga_ii machigatta_ko_wo_mahou_shoujo_ni_shite_shimatta majiba_kayo kusunose_an quad_drills kashima_(kancolle) murata_motoki,综合向插画师 · 体型特征 · 泳装/内衣 · 单色/灰度 · 俯视/仰视,https://danbooru.donmai.us/artists/408296
409438,sankuma,618,200,全年龄向,0.03,机甲/军事题材,同人为主,群像/多人,军事/枪械/日常/治愈,特效/后期/漫画分镜,设定/图解,girls_und_panzer|touhou|gekitotsu!_joshikousei_oiroke_sensha_gundan,girls_und_panzer gekitotsu!_joshikousei_oiroke_sensha_gundan moonlight_flower touhou tank 30_minutes_sisters military_vehicle luluce_(30ms),机甲/军事题材 · 军事/枪械 · 日常/治愈 · 特效/后期 · 设定/图解,https://danbooru.donmai.us/artists/409438
711193,hanauna,619,200,情色向,0.385,综合向插画师,同人为主,群像/多人,体型特征/裸体/暴露,单色/灰度/漫画分镜,差分/变体,genshin_impact|blue_archive|pokemon,arihara_yuuna_(hanauna) raiden_shogun genshin_impact female_pubic_hair pubic_hair huge_breasts body_writing cut-here_line,情色向 · 综合向插画师 · 体型特征 · 裸体/暴露 · 单色/灰度 · 差分/变体,https://danbooru.donmai.us/artists/711193
565055,gabiran,618,200,全年龄向,0.0,综合向插画师,同人为主,男性主体,和风/自然/风景,特效/后期,俯视/仰视,fate_(series)|fate/grand_order|sword_art_online,fate/grand_order sword_art_online fate_(series) sinon morgan_le_fay_(fate) ryugahama_yue yuuki_(sao) okita_souji_(fate),综合向插画师 · 和风 · 自然/风景 · 特效/后期 · 俯视/仰视,https://danbooru.donmai.us/artists/565055
1481975,uenoryoma,618,200,全年龄向,0.0,综合向插画师,同人为主,女性主体,体型特征/手足/局部,单色/灰度,俯视/仰视,genshin_impact|zenless_zone_zero|honkai:_star_rail,genshin_impact mona_(genshin_impact) zenless_zone_zero honkai:_star_rail honkai_(series) facing_away vision_(genshin_impact) goddess_of_victory:_nikke,综合向插画师 · 体型特征 · 手足/局部 · 单色/灰度 · 俯视/仰视,https://danbooru.donmai.us/artists/1481975
2056139,blue_borscht,617,200,硬核R18,0.975,R18情色向画师,同人为主,双人/CP,裸体/暴露/体型特征,漫画分镜,姿势/动态,blue_archive|hololive|hololive_english,loli male_pubic_hair blank_censor bar_censor flat_chest penis heart_censor ugly_bastard,硬核R18 · R18情色向画师 · 裸体/暴露 · 体型特征 · 漫画分镜 · 姿势/动态,https://danbooru.donmai.us/artists/2056139
2458055,wanitaroo._(waniwani_panic),617,200,轻度色气,0.055,综合向插画师,同人为主,群像/多人,泳装/内衣/自然/风景,漫画分镜/单色/灰度,姿势/动态,idolmaster|idolmaster_shiny_colors|gakuen_idolmaster,osaki_tenka idolmaster_shiny_colors osaki_amana idolmaster kuwayama_chiyuki debi_tarou twins alstroemeria_(idolmaster),综合向插画师 · 泳装/内衣 · 自然/风景 · 漫画分镜 · 姿势/动态,https://danbooru.donmai.us/artists/2458055
1371390,takanashi_ringo,617,200,全年龄向,0.055,日常/治愈系,同人为主,群像/多人,日常/治愈/兽耳/亚人,单色/灰度/漫画分镜,漫画/多格,idolmaster|idolmaster_cinderella_girls|nijisanji,moroboshi_kirari idolmaster_cinderella_girls idolmaster nijisanji inui_toko akagi_miria lize_helesta screentones,日常/治愈系 · 日常/治愈 · 兽耳/亚人 · 单色/灰度 · 漫画/多格,https://danbooru.donmai.us/artists/1371390
1246730,lyy,617,200,全年龄向,0.0,百合专精,同人为主,群像/多人,音乐/偶像/百合/GL,漫画分镜/线稿/速写,漫画/多格,bang_dream!|bang_dream!_it's_mygo!!!!!|hibike!_euphonium,chihaya_anon nagasaki_soyo bang_dream!_it's_mygo!!!!! bang_dream! shiina_taki tsukinomori_school_uniform haneoka_school_uniform kaname_raana,百合专精 · 音乐/偶像 · 百合/GL · 漫画分镜 · 漫画/多格,https://danbooru.donmai.us/artists/1246730
388851,inoue_sora,617,200,全年龄向,0.0,综合向插画师,同人为主,群像/多人,体育/运动/校园,漫画分镜/线稿/速写,俯视/仰视,idolmaster|myslot|idolmaster_(classic),myslot midori-chan_(myslot) himawari_(myslot) mai_ball! sasuga_ayame boku_no_kanojo_wa_sasuga_desu. soccer_uniform idolmaster_(classic),综合向插画师 · 体育/运动 · 校园 · 漫画分镜 · 俯视/仰视,https://danbooru.donmai.us/artists/388851
1562156,hanpenmaru,616,200,硬核R18,0.925,R18情色向画师,同人为主,男性主体,裸体/暴露/体型特征,漫画分镜/单色/灰度,姿势/动态,hololive|genshin_impact|goddess_of_victory:_nikke,hololive penis mosaic_censoring kazama_iroha sex hetero genshin_impact virtual_youtuber,硬核R18 · R18情色向画师 · 裸体/暴露 · 体型特征 · 漫画分镜 · 姿势/动态,https://danbooru.donmai.us/artists/1562156
1806484,lpikamasi,616,200,全年龄向,0.0,同人角色专精,同人为主,女性主体,校园/配饰/首饰,漫画分镜,单人立绘,umamusume|comiket_108,tracen_school_uniform umamusume horse_girl horse_ears sailor_shirt purple_bowtie purple_shirt horse_tail,同人角色专精 · 校园 · 配饰/首饰 · 漫画分镜 · 单人立绘,https://danbooru.donmai.us/artists/1806484
1482113,ebinku,616,200,硬核R18,0.915,R18情色向画师,同人为主,双人/CP,裸体/暴露/体型特征,漫画分镜/单色/灰度,漫画/多格,fire_emblem|fire_emblem:_three_houses|fire_emblem_echoes:_shadows_of_valentia,fire_emblem fire_emblem_echoes:_shadows_of_valentia muscular_male fire_emblem:_genealogy_of_the_holy_war deirdre_(fire_emblem) fire_emblem:_three_houses muscular sex,硬核R18 · R18情色向画师 · 裸体/暴露 · 体型特征 · 漫画分镜 · 漫画/多格,https://danbooru.donmai.us/artists/1482113
382033,dr.p,616,200,轻度色气,0.095,单色线稿派,同人为主,男性主体,泳装/内衣/裸体/暴露,单色/灰度/线稿/速写,俯视/仰视,breath_of_fire|breath_of_fire_ii|breath_of_fire_v,breath_of_fire breath_of_fire_ii breath_of_fire_v breath_of_fire_iv ursula_(breath_of_fire) breath_of_fire_iii momo_(breath_of_fire) spar,单色线稿派 · 泳装/内衣 · 裸体/暴露 · 单色/灰度 · 俯视/仰视,https://danbooru.donmai.us/artists/382033
1274753,neit_ni_sei,616,200,全年龄向,0.0,综合向插画师,同人为主,男性主体,泳装/内衣/兽耳/亚人,光影/氛围,姿势/动态,nijisanji|genshin_impact|indie_virtual_youtuber,nijisanji hu_tao_(genshin_impact) virtual_youtuber genshin_impact igarashi_rika koshimizu_toru kuramochi_meruto sophia_valentine,综合向插画师 · 泳装/内衣 · 兽耳/亚人 · 光影/氛围 · 姿势/动态,https://danbooru.donmai.us/artists/1274753
627862,j7w,616,200,硬核R18,0.5,R18情色向画师,原创为主,群像/多人,裸体/暴露/体型特征,,姿势/动态,neko_musume_michikusa_nikki|the_legend_of_zelda|the_legend_of_zelda:_twilight_princess,meikko-chan_(j7w) loli neko_musume_michikusa_nikki oppai_loli cleft_of_venus pussy nipples uncensored,硬核R18 · R18情色向画师 · 裸体/暴露 · 体型特征 · 姿势/动态 · 原创为主,https://danbooru.donmai.us/artists/627862
1922566,imoko_(imonatsuki),616,200,全年龄向,0.005,机甲/军事题材,同人为主,群像/多人,军事/枪械/战斗/动作,漫画分镜/线稿/速写,单人立绘,girls'_frontline|girls'_frontline_neural_cloud|vocaloid,girls'_frontline sl8_(girls'_frontline) weibo_watermark g36_(girls'_frontline) qbz-191_(girls'_frontline) qbu-88_(girls'_frontline) girls'_frontline_neural_cloud h&k_sl8,机甲/军事题材 · 军事/枪械 · 战斗/动作 · 漫画分镜 · 单人立绘,https://danbooru.donmai.us/artists/1922566
1787394,feint721,615,200,全年龄向,0.0,综合向插画师,同人为主,男性主体,泳装/内衣/配饰/首饰,单色/灰度/线稿/速写,差分/变体,honkai:_star_rail|honkai_(series)|hololive,stelle_(honkai:_star_rail) trailblazer_(honkai:_star_rail) honkai:_star_rail honkai_(series) feint721_(person) stella_(feint721) glitter_dress cropped_legs,综合向插画师 · 泳装/内衣 · 配饰/首饰 · 单色/灰度 · 差分/变体,https://danbooru.donmai.us/artists/1787394
384648,nanase_miori,615,200,全年龄向,0.0,单色线稿派,同人为主,群像/多人,校园/制服/职场,单色/灰度/漫画分镜,漫画/多格,blue_archive|gakuen_idolmaster|idolmaster,fujita_kotone gakuen_idolmaster kafuu_chino gochuumon_wa_usagi_desu_ka? hoto_cocoa angora_rabbit tippy_(gochiusa) idolmaster,单色线稿派 · 校园 · 制服/职场 · 单色/灰度 · 漫画/多格,https://danbooru.donmai.us/artists/384648
693355,mvv,615,200,情色向,0.235,原创角色设计师,原创为主,群像/多人,手足/局部/裸体/暴露,,姿势/动态,aika_(series)|genshin_impact|agent_aika,vivian_(mvv) delores_(mvv) aika_(series) aika_zero fainting agent_aika unconscious black_delmo,情色向 · 原创角色设计师 · 手足/局部 · 裸体/暴露 · 姿势/动态 · 原创为主,https://danbooru.donmai.us/artists/693355
602435,suito,615,200,全年龄向,0.005,百合专精,同人为主,群像/多人,自然/风景/百合/GL,单色/灰度/漫画分镜,漫画/多格,love_live!|love_live!_hasu_no_sora_jogakuin_school_idol_club|love_live!_school_idol_project,love_live!_hasu_no_sora_jogakuin_school_idol_club murano_sayaka yugiri_tsuzuri dollchestra love_live! hasu_no_sora_school_uniform inverted_bob diagonal_bangs,百合专精 · 自然/风景 · 百合/GL · 单色/灰度 · 漫画/多格,https://danbooru.donmai.us/artists/602435
1235698,naruse_mai,614,200,情色向,0.39,R18情色向画师,同人为主,女性主体,裸体/暴露/校园,赛璐璐/平涂,俯视/仰视,pokemon|assault_lily|idolmaster,inverted_nipples blue_buruma assault_lily buruma gym_uniform pokemon_horizons bar_censor gym_shirt,情色向 · R18情色向画师 · 裸体/暴露 · 校园 · 赛璐璐/平涂 · 俯视/仰视,https://danbooru.donmai.us/artists/1235698
1548299,ysys,614,200,全年龄向,0.005,单色线稿派,同人为主,群像/多人,战斗/动作/自然/风景,单色/灰度/漫画分镜,漫画/多格,touhou|final_fantasy|2channel,fujiwara_no_mokou touhou houraisan_kaguya greyscale comic bleeding monochrome yagokoro_eirin,单色线稿派 · 战斗/动作 · 自然/风景 · 单色/灰度 · 漫画/多格,https://danbooru.donmai.us/artists/1548299
385159,tajima_yuuki,616,200,情色向,0.105,传统手绘媒介,同人为主,女性主体,体型特征/手足/局部,线稿/速写/素描/炭笔,俯视/仰视,touhou|nijisanji|tetris,izayoi_sakuya touhou blue_leotard shiny_clothes thighband_pantyhose suzuka_utako latex blue_gloves,情色向 · 传统手绘媒介 · 体型特征 · 手足/局部 · 线稿/速写 · 俯视/仰视,https://danbooru.donmai.us/artists/385159
426411,alex_ahad,615,200,全年龄向,0.0,机甲/军事题材,同人为主,群像/多人,军事/枪械/战斗/动作,特效/后期/线稿/速写,姿势/动态,street_fighter|the_king_of_fighters|metroid,the_king_of_fighters rainbow_mika samus_aran normal_suit_(metroid) metroid_dread metroid street_fighter power_suit_(metroid),机甲/军事题材 · 军事/枪械 · 战斗/动作 · 特效/后期 · 姿势/动态,https://danbooru.donmai.us/artists/426411
389547,imaichi,614,200,全年龄向,0.0,同人角色专精,同人为主,群像/多人,泳装/内衣/奇幻/魔法,漫画分镜,漫画/多格,dragon_quest|dragon_quest_iii|dragon_quest_iv,dragon_quest dragon_quest_iii roto_(dq3) dragon_quest_vi heroine_(dq3) warrior_(dq3) dragon_quest_v dragon_quest_iv,同人角色专精 · 泳装/内衣 · 奇幻/魔法 · 漫画分镜 · 漫画/多格,https://danbooru.donmai.us/artists/389547
1768382,hirayama_kanna,614,200,全年龄向,0.0,综合向插画师,同人为主,群像/多人,音乐/偶像/泳装/内衣,赛璐璐/平涂/线稿/速写,姿势/动态,oshi_no_ko|kanojo_okarishimasu|go-toubun_no_hanayome,oshi_no_ko kanojo_okarishimasu hoshino_ruby mizuhara_chizuru hoshino_aquamarine arima_kana anime_coloring kurokawa_akane,综合向插画师 · 音乐/偶像 · 泳装/内衣 · 赛璐璐/平涂 · 姿势/动态,https://danbooru.donmai.us/artists/1768382
432531,toritora,614,200,硬核R18,0.915,R18情色向画师,同人为主,男性主体,裸体/暴露/神话/宗教,漫画分镜/单色/灰度,姿势/动态,blue_archive|fate/grand_order|fate_(series),blue_archive long_labia clitoral_hood bar_censor pubic_hair female_pubic_hair anus urethra,硬核R18 · R18情色向画师 · 裸体/暴露 · 神话/宗教 · 漫画分镜 · 姿势/动态,https://danbooru.donmai.us/artists/432531
1364284,akatsuki_hijiri,614,200,全年龄向,0.0,综合向插画师,同人为主,群像/多人,兽耳/亚人/泳装/内衣,,姿势/动态,fate_(series)|fate/grand_order|blue_archive,morgan_le_fay_(fate) fate/grand_order fate_(series) baobhan_sith_(fate) cernunnos_(fate) ereshkigal_(fate) space_ereshkigal_(fate) class_de_2banme_ni_kawaii_boyish_osananajimi_o_nihakumikka_de_netotte_tanetsuke_sex-zuke_ni_suru_hanashi,综合向插画师 · 兽耳/亚人 · 泳装/内衣 · 姿势/动态 · 同人为主,https://danbooru.donmai.us/artists/1364284
1467733,caburi,613,200,硬核R18,0.505,奇幻/魔法题材,同人为主,男性主体,奇幻/魔法/裸体/暴露,特效/后期,姿势/动态,kurone_no_kimochi|blue_archive|kantai_collection,kurone_(kurone_no_kimochi) kurone_no_kimochi transparent_background black_robe white_camisole open_robe witch white_choker,硬核R18 · 奇幻/魔法题材 · 奇幻/魔法 · 裸体/暴露 · 特效/后期 · 姿势/动态,https://danbooru.donmai.us/artists/1467733
1321657,ebiblue,613,200,全年龄向,0.0,单色线稿派,原创/同人混合,群像/多人,军事/枪械/制服/职场,单色/灰度/漫画分镜,漫画/多格,kantai_collection|indie_virtual_youtuber|final_fantasy,gesugao kashima_(kancolle) spot_color kantai_collection kiso_kai_ni_(kancolle) kiso_(kancolle) twitter_username monochrome,单色线稿派 · 军事/枪械 · 制服/职场 · 单色/灰度 · 漫画/多格,https://danbooru.donmai.us/artists/1321657
394640,mitha,614,200,轻度色气,0.15,综合向插画师,原创/同人混合,女性主体,裸体/暴露/泳装/内衣,,姿势/动态,haruoto_alice_gram|alia's_carnival!|nanawind,haruoto_alice_gram kuonji_kazuha_(harugura) alia's_carnival! nanawind kanzaki_erisa saijo_karin shinomori_yumi ousaka_asuha,综合向插画师 · 裸体/暴露 · 泳装/内衣 · 姿势/动态 · 原创/同人混合,https://danbooru.donmai.us/artists/394640
1263732,bellhenge,613,200,全年龄向,0.0,综合向插画师,同人为主,男性主体,和风/配饰/首饰,线稿/速写,肖像/半身,the_legend_of_zelda|mario_(series)|splatoon_(series),the_legend_of_zelda splatoon_(series) mario_(series) inkling splatoon_3 princess_zelda princess_peach tentacle_hair,综合向插画师 · 和风 · 配饰/首饰 · 线稿/速写 · 肖像/半身,https://danbooru.donmai.us/artists/1263732
676099,gemu555,613,200,全年龄向,0.0,日常/治愈系,同人为主,群像/多人,校园/军事/枪械,单色/灰度/漫画分镜,漫画/多格,girls_und_panzer|gekitotsu!_joshikousei_oiroke_sensha_gundan|girls_und_panzer_senshadou_daisakusen!,gekitotsu!_joshikousei_oiroke_sensha_gundan chi-hatan_school_uniform girls_und_panzer fukuda_haru nishi_kinuyo tamada_tamaki hosomi_shizuko ooarai_school_uniform,日常/治愈系 · 校园 · 军事/枪械 · 单色/灰度 · 漫画/多格,https://danbooru.donmai.us/artists/676099
394550,choco_chip,612,200,情色向,0.49,R18情色向画师,同人为主,男性主体,裸体/暴露/体型特征,,俯视/仰视,anetomo|sara_sara_sasara|baku_ane_2_~otouto_ippai_shibocchau_zo!~,anetomo sara_sara_sasara baku_ane_2_~otouto_ippai_shibocchau_zo!~ kateikyoushi_no_onee-san prima_stella mamatomo bunny's_mama_daikou_service arima_shinoa,情色向 · R18情色向画师 · 裸体/暴露 · 体型特征 · 俯视/仰视 · 同人为主,https://danbooru.donmai.us/artists/394550
1439507,hero_neisan,612,200,硬核R18,0.675,R18情色向画师,同人为主,群像/多人,裸体/暴露/泳装/内衣,单色/灰度/漫画分镜,姿势/动态,idolmaster|fate_(series)|fate/grand_order,female_pubic_hair excessive_pubic_hair pubic_hair stray_pubic_hair smell anal_hair pubic_hair_peek mismatched_pubic_hair,硬核R18 · R18情色向画师 · 裸体/暴露 · 泳装/内衣 · 单色/灰度 · 姿势/动态,https://danbooru.donmai.us/artists/1439507
1439810,doushimasho,613,200,全年龄向,0.0,日常/治愈系,原创/同人混合,群像/多人,制服/职场/日常/治愈,单色/灰度/漫画分镜,漫画/多格,kaisha_no_senpai_akaori-san|koibito_ijou_no_koto_wo_kanojo_janai_kimi_to|genkai_ol-chan_nui_wo_suu,kaisha_no_senpai_akaori-san akaori_umeka minase_ito koibito_ijou_no_koto_wo_kanojo_janai_kimi_to kirito_mihoko sawamoto_mikan office_lady udou_komori,日常/治愈系 · 制服/职场 · 日常/治愈 · 单色/灰度 · 漫画/多格,https://danbooru.donmai.us/artists/1439810
1568955,amane_hasuhito,612,200,情色向,0.24,综合向插画师,原创/同人混合,女性主体,裸体/暴露/兽耳/亚人,漫画分镜,姿势/动态,nijisanji|azur_lane|girls'_frontline,nijisanji warabeda_meiji_(1st_costume) warabeda_meiji girls'_frontline rosa_(pokemon) pokemon_black_2_and_white_2 nipples virtual_youtuber,情色向 · 综合向插画师 · 裸体/暴露 · 兽耳/亚人 · 漫画分镜 · 姿势/动态,https://danbooru.donmai.us/artists/1568955
1320244,ask_(askzy),612,200,全年龄向,0.0,综合向插画师,同人为主,男性主体,军事/枪械/自然/风景,特效/后期,设定/图解,arknights|neon_genesis_evangelion|league_of_legends,entelechia_(arknights) weibo_watermark souryuu_asuka_langley neon_genesis_evangelion arknights noah_fantasy surtr_(arknights) league_of_legends,综合向插画师 · 军事/枪械 · 自然/风景 · 特效/后期 · 设定/图解,https://danbooru.donmai.us/artists/1320244
452096,toujou_sakana,612,200,全年龄向,0.015,BL/腐向专精,同人为主,男性主体,BL/腐向/兽耳/亚人,线稿/速写/单色/灰度,差分/变体,final_fantasy|final_fantasy_vii|jojo_no_kimyou_na_bouken,sephiroth final_fantasy_vii jojo_no_kimyou_na_bouken final_fantasy kujo_jotaro zack_fair diamond_wa_kudakenai higashikata_josuke,BL/腐向专精 · BL/腐向 · 兽耳/亚人 · 线稿/速写 · 差分/变体,https://danbooru.donmai.us/artists/452096
1243824,miwabe_sakura,612,200,全年龄向,0.0,原创角色设计师,原创为主,群像/多人,泳装/内衣/日常/治愈,漫画分镜,俯视/仰视,fire_emblem|fire_emblem_heroes|saijo_no_osewa,saijo_no_osewa fire_emblem_heroes konohana_hinako fire_emblem tennouji_mirei fire_emblem_engage lapis_(mighty_bride)_(fire_emblem) dengeki_moeoh,原创角色设计师 · 泳装/内衣 · 日常/治愈 · 漫画分镜 · 俯视/仰视,https://danbooru.donmai.us/artists/1243824
1536705,echo_saber,612,200,情色向,0.2,日常/治愈系,同人为主,群像/多人,体型特征/泳装/内衣,漫画分镜,俯视/仰视,boku_no_hero_academia|mario_(series)|marvel,patreon_logo patreon_username web_address mirko boku_no_hero_academia huge_ass marvel_rivals princess_peach,情色向 · 日常/治愈系 · 体型特征 · 泳装/内衣 · 漫画分镜 · 俯视/仰视,https://danbooru.donmai.us/artists/1536705
1363872,takayama_toshinori,612,200,轻度色气,0.005,综合向插画师,同人为主,女性主体,体型特征/泳装/内衣,单色/灰度/漫画分镜,俯视/仰视,arms_(game)|bareteru!_cocktail_knights|toki-sensei_wa_kigaetai,bareteru!_cocktail_knights arms_(game) min_min_(arms) amagami_sora toki-sensei_(toki-sensei_wa_kigaetai) toki-sensei_wa_kigaetai narutomaki kamaboko,综合向插画师 · 体型特征 · 泳装/内衣 · 单色/灰度 · 俯视/仰视,https://danbooru.donmai.us/artists/1363872
1728895,greatodoggo,611,200,情色向,0.265,百合专精,同人为主,双人/CP,手足/局部/裸体/暴露,漫画分镜,俯视/仰视,hololive|hololive_english|indie_virtual_youtuber,hololive_english hololive virtual_youtuber patreon_logo novelty_censor patreon_username twitter_x_logo nimi_nightmare,情色向 · 百合专精 · 手足/局部 · 裸体/暴露 · 漫画分镜 · 俯视/仰视,https://danbooru.donmai.us/artists/1728895
1476598,danmakuman,611,200,情色向,0.405,R18情色向画师,同人为主,女性主体,裸体/暴露/体型特征,线稿/速写/特效/后期,姿势/动态,bishoujo_senshi_sailor_moon|kobayashi-san_chi_no_maidragon|sousou_no_frieren,retro_artstyle 1990s_(style) faux_retro_artstyle dated signature uncensored 1980s_(style) bishoujo_senshi_sailor_moon,情色向 · R18情色向画师 · 裸体/暴露 · 体型特征 · 线稿/速写 · 姿势/动态,https://danbooru.donmai.us/artists/1476598
1547032,dayama,611,200,全年龄向,0.045,百合专精,同人为主,双人/CP,百合/GL/恋爱/情感,赛璐璐/平涂/漫画分镜,姿势/动态,bokujou_monogatari|bokujou_monogatari:_youkoso!_kaze_no_bazaar_e|bocchi_the_rock!,bokujou_monogatari bokujou_monogatari:_youkoso!_kaze_no_bazaar_e haruka_(bokujou_monogatari) freya_(bokujou_monogatari) watashi_ga_koibito_ni_nareru_wake_naijan_murimuri! goat_boy deltarune amaori_renako,百合专精 · 百合/GL · 恋爱/情感 · 赛璐璐/平涂 · 姿势/动态,https://danbooru.donmai.us/artists/1547032
411854,emurin,611,200,轻度色气,0.27,综合向插画师,原创/同人混合,群像/多人,裸体/暴露/体型特征,线稿/速写/特效/后期,姿势/动态,ragnarok_online|blazblue|touhou,majiko_(emurin) ragnarok_online mage_(ragnarok_online) platinum_the_trinity blazblue cat_brooch loli brown_capelet,综合向插画师 · 裸体/暴露 · 体型特征 · 线稿/速写 · 姿势/动态,https://danbooru.donmai.us/artists/411854
1635391,nikki_kyousuke,611,200,全年龄向,0.0,单色线稿派,同人为主,群像/多人,和风/军事/枪械,单色/灰度/漫画分镜,漫画/多格,sekaiju_no_meikyuu|sekaiju_no_meikyuu_2|chanto_suenai_kyuuketsuki-chan,sekaiju_no_meikyuu curse_maker_1 doctor_magus doctor_magus_4 curse_maker ranger_(sekaiju) paladin_(sekaiju) paladin_2_(sekaiju),单色线稿派 · 和风 · 军事/枪械 · 单色/灰度 · 漫画/多格,https://danbooru.donmai.us/artists/1635391
1231689,amagai_tarou,611,200,全年龄向,0.0,综合向插画师,同人为主,群像/多人,音乐/偶像/兽耳/亚人,,单人立绘,hololive|fire_emblem|fire_emblem_heroes,tokino_sora hololive hololive_idol_uniform_(color_rise) sakura_miko virtual_youtuber fire_emblem_heroes ankimo_(tokino_sora) comiket_97,综合向插画师 · 音乐/偶像 · 兽耳/亚人 · 单人立绘 · 同人为主,https://danbooru.donmai.us/artists/1231689
608026,tsukasawa_takamatsu,611,200,情色向,0.1,百合专精,同人为主,双人/CP,体型特征/科幻/机甲,漫画分镜,差分/变体,fate/grand_order|fate_(series)|gundam,himiko_(fate) himiko_(first_ascension)_(fate) gundam_suisei_no_majo uzaki-chan_wa_asobitai! miorine_rembran huge_breasts suletta_mercury fate/grand_order,情色向 · 百合专精 · 体型特征 · 科幻/机甲 · 漫画分镜 · 差分/变体,https://danbooru.donmai.us/artists/608026
1434380,gachou,611,200,情色向,0.215,R18情色向画师,同人为主,女性主体,体型特征/裸体/暴露,漫画分镜/特效/后期,单人立绘,fate/grand_order|fate_(series)|blue_archive,miyamoto_musashi_(fate) fate/grand_order fate_(series) monster_hunter_rise miyamoto_musashi_(swimsuit_berserker)_(fate) miyamoto_musashi_(swimsuit_berserker)_(second_ascension)_(fate) florence_nightingale_(fate) hinoa,情色向 · R18情色向画师 · 体型特征 · 裸体/暴露 · 漫画分镜 · 单人立绘,https://danbooru.donmai.us/artists/1434380
558477,hinagi_(fox_priest),610,200,轻度色气,0.16,百合专精,同人为主,群像/多人,百合/GL/兽耳/亚人,单色/灰度/漫画分镜,漫画/多格,cho_kaguya-hime!|genshin_impact|honkai:_star_rail,runami_yachiyo cho_kaguya-hime! sakayori_iroha ningguang_(genshin_impact) kaguya_(cho_kaguya-hime!) runami_yachiyo_(tsukuyomi) sakayori_iroha_(tsukuyomi) keqing_(genshin_impact),百合专精 · 百合/GL · 兽耳/亚人 · 单色/灰度 · 漫画/多格,https://danbooru.donmai.us/artists/558477
585670,kyo_(kuroichigo),610,200,全年龄向,0.005,综合向插画师,原创/同人混合,男性主体,战斗/动作/兽耳/亚人,特效/后期/单色/灰度,俯视/仰视,final_fantasy|final_fantasy_xiv|umamusume,final_fantasy_xiv warrior_of_light_(ff14) final_fantasy au_ra miqo'te viera red_lips hyur,综合向插画师 · 战斗/动作 · 兽耳/亚人 · 特效/后期 · 俯视/仰视,https://danbooru.donmai.us/artists/585670
607562,orion_(orionproject),610,200,情色向,0.415,综合向插画师,同人为主,男性主体,裸体/暴露/体型特征,线稿/速写/素描/炭笔,表情/表演,rance_(series)|rance_x|rance_quest,rance_(series) rance rance_x rance_quest silky_littleraisin maris_amaryllis choukou_taisen_escalation_heroines choukou_(alicesoft),情色向 · 综合向插画师 · 裸体/暴露 · 体型特征 · 线稿/速写 · 表情/表演,https://danbooru.donmai.us/artists/607562
1770503,speedl00ver,610,200,硬核R18,0.58,R18情色向画师,同人为主,男性主体,体型特征/裸体/暴露,单色/灰度/漫画分镜,姿势/动态,fate_(series)|fate/grand_order|boku_no_hero_academia,comic_sans patreon_username patreon_logo muscular_female futanari uncensored large_penis veiny_penis,硬核R18 · R18情色向画师 · 体型特征 · 裸体/暴露 · 单色/灰度 · 姿势/动态,https://danbooru.donmai.us/artists/1770503
377552,hima,610,200,情色向,0.24,R18情色向画师,同人为主,群像/多人,裸体/暴露/体型特征,单色/灰度,姿势/动态,final_fantasy|final_fantasy_v|accel_world,final_fantasy_v faris_scherwiz lenna_charlotte_tycoon accel_world final_fantasy yashahime_(momotarou_densetsu) kuroyukihime momotarou_densetsu,情色向 · R18情色向画师 · 裸体/暴露 · 体型特征 · 单色/灰度 · 姿势/动态,https://danbooru.donmai.us/artists/377552
1285592,kugimiya_atsuki,610,200,全年龄向,0.0,单色线稿派,同人为主,群像/多人,日常/治愈/和风,单色/灰度/漫画分镜,漫画/多格,umamusume|idolmaster|kantai_collection,trainer_(umamusume) umamusume horse_girl horse_ears transcend_(umamusume) horse_tail t-head_trainer_(umamusume) ear_ornament,单色线稿派 · 日常/治愈 · 和风 · 单色/灰度 · 漫画/多格,https://danbooru.donmai.us/artists/1285592
1284844,yan_(nicknikg),610,200,情色向,0.125,原创角色设计师,原创为主,群像/多人,泳装/内衣/裸体/暴露,光影/氛围/漫画分镜,姿势/动态,blue_archive|fate_(series)|fate/kaleid_liner_prisma_illya,loli flat_chest cinderella_bust bow_bloomers bright_background white_panties blue_archive fallenshadow,情色向 · 原创角色设计师 · 泳装/内衣 · 裸体/暴露 · 光影/氛围 · 姿势/动态,https://danbooru.donmai.us/artists/1284844
1350361,otoi_rekomaru,609,200,全年龄向,0.015,日常/治愈系,同人为主,群像/多人,制服/职场/日常/治愈,漫画分镜/单色/灰度,漫画/多格,ojisan_to_marshmallow|wakabayashi-kun_ga_nekasete_kurenai|overwatch,ojisan_to_marshmallow wakabayashi_iori hige_habahiro nose_genki wakabayashi-kun_ga_nekasete_kurenai susumu-sensei wakabayashi_ikuno mustache,日常/治愈系 · 制服/职场 · 日常/治愈 · 漫画分镜 · 漫画/多格,https://danbooru.donmai.us/artists/1350361
704675,chipa_(arutana),610,200,情色向,0.08,日常/治愈系,同人为主,群像/多人,裸体/暴露/自然/风景,漫画分镜/单色/灰度,漫画/多格,touhou|voiceroid|blue_archive,komeiji_koishi diamond_button page_number heart_of_string disembodied_linked_eye voiceroid frilled_shirt_collar touhou,情色向 · 日常/治愈系 · 裸体/暴露 · 自然/风景 · 漫画分镜 · 漫画/多格,https://danbooru.donmai.us/artists/704675
1610905,djheycha,609,200,情色向,0.47,单色线稿派,同人为主,群像/多人,裸体/暴露/体型特征,单色/灰度/线稿/速写,姿势/动态,blue_archive|idolmaster|idolmaster_cinderella_girls,loli rindou_mikoto blue_archive sasaki_chie bar_censor greyscale idolmaster rindou_mikoto_(1st_costume),情色向 · 单色线稿派 · 裸体/暴露 · 体型特征 · 单色/灰度 · 姿势/动态,https://danbooru.donmai.us/artists/1610905
1597438,shingyou_(alexander-13),609,200,轻度色气,0.09,同人角色专精,同人为主,群像/多人,裸体/暴露/制服/职场,单色/灰度,差分/变体,kantai_collection|girls_und_panzer|kemono_friends,kantai_collection richelieu_(kancolle) ballet ballet_slippers ballerina iowa_(kancolle) en_pointe saratoga_(kancolle),同人角色专精 · 裸体/暴露 · 制服/职场 · 单色/灰度 · 差分/变体,https://danbooru.donmai.us/artists/1597438
545539,koi_(koisan),609,200,全年龄向,0.0,同人角色专精,同人为主,群像/多人,军事/枪械/恋爱/情感,,差分/变体,gochuumon_wa_usagi_desu_ka?|manga_time_kirara|clockwork_rabbit,gochuumon_wa_usagi_desu_ka? hoto_cocoa kafuu_chino ujimatsu_chiya kirima_syaro tippy_(gochiusa) tedeza_rize page_number,同人角色专精 · 军事/枪械 · 恋爱/情感 · 差分/变体 · 同人为主,https://danbooru.donmai.us/artists/545539
1238464,mafuyu_(chibi21),609,200,全年龄向,0.0,原创角色设计师,原创为主,男性主体,兽耳/亚人/角色扮演/异装,线稿/速写,俯视/仰视,indie_virtual_youtuber|poker_chase|blue_archive,leo_(mafuyu) mafuyu_(streamer) mafuner_(mafuyu) ao_(mafuyu) indie_virtual_youtuber signature cat_girl virtual_youtuber,原创角色设计师 · 兽耳/亚人 · 角色扮演/异装 · 线稿/速写 · 俯视/仰视,https://danbooru.donmai.us/artists/1238464
397094,kurot,609,200,全年龄向,0.15,综合向插画师,同人为主,群像/多人,裸体/暴露/兽耳/亚人,,姿势/动态,azur_lane|flower_knight_girl|hololive,flower_knight_girl azur_lane object_namesake hololive virtual_youtuber ning_hai_(azur_lane) hololive_english ping_hai_(azur_lane),综合向插画师 · 裸体/暴露 · 兽耳/亚人 · 姿势/动态 · 同人为主,https://danbooru.donmai.us/artists/397094
1608740,xter,609,200,轻度色气,0.125,综合向插画师,原创/同人混合,群像/多人,泳装/内衣/裸体/暴露,单色/灰度/漫画分镜,姿势/动态,pixela_project|goddess_of_victory:_nikke|sousou_no_frieren,nush_(xter) mature_female nut-chan_(xter) nate-napa_hongsakulpitak_(xter) umino_ciala pixela_project annie_(xter) red_lips,综合向插画师 · 泳装/内衣 · 裸体/暴露 · 单色/灰度 · 姿势/动态,https://danbooru.donmai.us/artists/1608740
605288,kiikii_(kitsukedokoro),609,200,硬核R18,0.77,R18情色向画师,同人为主,群像/多人,裸体/暴露/体型特征,单色/灰度/线稿/速写,姿势/动态,tales_of_(series)|tales_of_symphonia|tales_of_graces,tales_of_(series) tales_of_symphonia tales_of_graces tales_of_eternia mosaic_censoring tales_of_destiny sex marta_lualdi,硬核R18 · R18情色向画师 · 裸体/暴露 · 体型特征 · 单色/灰度 · 姿势/动态,https://danbooru.donmai.us/artists/605288
659779,han_(jackpot),609,200,轻度色气,0.215,综合向插画师,同人为主,女性主体,体型特征/裸体/暴露,漫画分镜/单色/灰度,设定/图解,girls_und_panzer|fate_(series)|fate/grand_order,girls_und_panzer itsumi_erika fate/grand_order anchovy_(girls_und_panzer) fate_(series) paizuri_under_clothes kuromorimine_school_uniform paizuri,综合向插画师 · 体型特征 · 裸体/暴露 · 漫画分镜 · 设定/图解,https://danbooru.donmai.us/artists/659779
1407266,efukei,609,200,全年龄向,0.03,传统手绘媒介,同人为主,群像/多人,体型特征/配饰/首饰,单色/灰度/线稿/速写,肖像/半身,touhou|fate/grand_order|fate_(series),touhou maribel_hearn usami_renko mob_cap one-hour_drawing_challenge monochrome hat_bow yorigami_jo'on,传统手绘媒介 · 体型特征 · 配饰/首饰 · 单色/灰度 · 肖像/半身,https://danbooru.donmai.us/artists/1407266
1310855,sakura_hiyori,609,200,全年龄向,0.0,原创角色设计师,原创为主,群像/多人,校园/日常/治愈,漫画分镜,肖像/半身,blue_archive|dengeki_moeoh|cho_kaguya-hime!,amane_(sakura_hiyori) colored_speech_bubble mika_(blue_archive) dengeki_moeoh blue_archive wing_ornament holding_cotton_swab diagonal-striped_bow,原创角色设计师 · 校园 · 日常/治愈 · 漫画分镜 · 肖像/半身,https://danbooru.donmai.us/artists/1310855
1854843,ro_g_(oowack),608,200,硬核R18,0.685,百合专精,同人为主,群像/多人,裸体/暴露/恐怖/猎奇,漫画分镜,姿势/动态,yu-gi-oh!|yu-gi-oh!_rush_duel|yu-gi-oh!_master_duel,duel_monster yu-gi-oh! evil_twin_lil-la evil_twin_ki-sikil ki-sikil_(yu-gi-oh!) lil-la_(yu-gi-oh!) a_bao_a_qu_the_lightless_shadow mosaic_censoring,硬核R18 · 百合专精 · 裸体/暴露 · 恐怖/猎奇 · 漫画分镜 · 姿势/动态,https://danbooru.donmai.us/artists/1854843
1255371,kouda_suzu,608,200,全年龄向,0.005,原创角色设计师,原创为主,群像/多人,校园/日常/治愈,,俯视/仰视,gochuumon_wa_usagi_desu_ka?|hololive|summer_pockets,kafuu_chino gochuumon_wa_usagi_desu_ka? shiyou_(kouda_suzu) tippy_(gochiusa) dolphin_hair_ornament x_hair_ornament heart_hair_ornament depth_of_field,原创角色设计师 · 校园 · 日常/治愈 · 俯视/仰视 · 原创为主,https://danbooru.donmai.us/artists/1255371
1229946,nigo_(aozoragarou),608,200,轻度色气,0.19,日常/治愈系,原创/同人混合,男性主体,裸体/暴露/日常/治愈,单色/灰度,姿势/动态,touhou|genshin_impact|fate_(series),aoi_saki konpaku_youmu touhou green_vest konpaku_youmu_(ghost) ganyu_(genshin_impact) hata_no_kokoro black_hairband,日常/治愈系 · 裸体/暴露 · 日常/治愈 · 单色/灰度 · 姿势/动态,https://danbooru.donmai.us/artists/1229946
1343692,ganesagi,608,200,全年龄向,0.0,综合向插画师,原创/同人混合,非人物/静物,兽耳/亚人/军事/枪械,单色/灰度/漫画分镜,单人立绘,girls'_frontline|azur_lane|granblue_fantasy,nanashi_(ganesagi) suzuhara_lulu momo_(ganesagi) girls'_frontline suzuhara_lulu_(1st_costume) granblue_fantasy azur_lane nijisanji,综合向插画师 · 兽耳/亚人 · 军事/枪械 · 单色/灰度 · 单人立绘,https://danbooru.donmai.us/artists/1343692
1227596,h_kasei,608,200,情色向,0.435,奇幻/魔法题材,原创为主,群像/多人,奇幻/魔法/裸体/暴露,单色/灰度/漫画分镜,姿势/动态,blue_archive|kantai_collection|girls'_frontline,long_pointy_ears elf rape dark_elf surrounded mosaic_censoring goblin penis,情色向 · 奇幻/魔法题材 · 奇幻/魔法 · 裸体/暴露 · 单色/灰度 · 姿势/动态,https://danbooru.donmai.us/artists/1227596
1269695,ryuki_(ryukisukune),608,200,轻度色气,0.185,综合向插画师,同人为主,女性主体,裸体/暴露/军事/枪械,漫画分镜,姿势/动态,princess_connect!|kantai_collection|azur_lane,princess_connect! kantai_collection admiral_(kancolle) tsumugi_(princess_connect!) pecorine_(princess_connect!) agano_(kancolle) yuuki_(princess_connect!) karyl_(princess_connect!),综合向插画师 · 裸体/暴露 · 军事/枪械 · 漫画分镜 · 姿势/动态,https://danbooru.donmai.us/artists/1269695
1570025,lillly,608,200,全年龄向,0.0,综合向插画师,原创/同人混合,群像/多人,泳装/内衣/体型特征,,单人立绘,zenless_zone_zero|blue_archive|honkai:_star_rail,lillly_(character) zenless_zone_zero lochi's_character nicole_demara wise_(zenless_zone_zero) belle_(zenless_zone_zero) bangboo_(zenless_zone_zero) firefly_(honkai:_star_rail),综合向插画师 · 泳装/内衣 · 体型特征 · 单人立绘 · 原创/同人混合,https://danbooru.donmai.us/artists/1570025
1818147,wanderjegson,607,200,全年龄向,0.0,单色线稿派,同人为主,群像/多人,神话/宗教/兽人/furry,单色/灰度/漫画分镜,漫画/多格,persona|persona_4|marvel,narukami_yu persona_4 persona yasogami_school_uniform genderswap_(mtf) genderswap lower_eyelashes_only marvel_tokon:_fighting_souls,单色线稿派 · 神话/宗教 · 兽人/furry · 单色/灰度 · 漫画/多格,https://danbooru.donmai.us/artists/1818147
1349048,kakizaki_(chou_neji),607,200,全年龄向,0.005,同人角色专精,同人为主,群像/多人,校园/战斗/动作,单色/灰度/漫画分镜,肖像/半身,kantai_collection|umamusume|comiket_108,kagerou_(kancolle) kantai_collection shiranui_(kancolle) grey_vest hayashio_(kancolle) shorts_under_skirt kagerou_kai_ni_(kancolle) dress_shirt,同人角色专精 · 校园 · 战斗/动作 · 单色/灰度 · 肖像/半身,https://danbooru.donmai.us/artists/1349048
2090398,syurikenmaru,607,200,全年龄向,0.0,同人角色专精,同人为主,群像/多人,神话/宗教/角色扮演/异装,漫画分镜,表情/表演,wuthering_waves|trickcal|pokemon,wuthering_waves chibi_only phoebe_(wuthering_waves) zani_(wuthering_waves) chibi tacet_mark_(wuthering_waves) cartethyia_(wuthering_waves) speaki_(trickcal),同人角色专精 · 神话/宗教 · 角色扮演/异装 · 漫画分镜 · 表情/表演,https://danbooru.donmai.us/artists/2090398
1714781,namiorii,607,200,全年龄向,0.025,同人角色专精,同人为主,群像/多人,兽耳/亚人/音乐/偶像,,差分/变体,hololive|hololive_english|indie_virtual_youtuber,hololive_english hololive irys_(hololive) hakos_baelz virtual_youtuber raora_panthera panther_girl panther_ears,同人角色专精 · 兽耳/亚人 · 音乐/偶像 · 差分/变体 · 同人为主,https://danbooru.donmai.us/artists/1714781
522298,roki_(hirokix),607,200,情色向,0.025,同人角色专精,同人为主,女性主体,体型特征/裸体/暴露,漫画分镜/单色/灰度,差分/变体,touhou|forbidden_scrollery|touhou_unreal_mahjong,touhou mind_control shiny_skin spoken_question_mark covered_nipples out-of-frame_censoring hata_no_kokoro micro_bikini,情色向 · 同人角色专精 · 体型特征 · 裸体/暴露 · 漫画分镜 · 差分/变体,https://danbooru.donmai.us/artists/522298
1263305,muku_(muku-coffee),607,200,情色向,0.425,兽耳/亚人专精,原创/同人混合,女性主体,裸体/暴露/兽耳/亚人,漫画分镜/线稿/速写,姿势/动态,blue_archive|hololive|genshin_impact,sheeney_(muku) hanae_(blue_archive) oppai_loli izuna_(blue_archive) blue_archive minato_aqua heart_censor pill_hair_ornament,情色向 · 兽耳/亚人专精 · 裸体/暴露 · 兽耳/亚人 · 漫画分镜 · 姿势/动态,https://danbooru.donmai.us/artists/1263305
1972238,yano_mitsuki_(nanairo),606,200,全年龄向,0.01,综合向插画师,同人为主,群像/多人,自然/风景/和风,特效/后期,设定/图解,hololive|hololive_indonesia|azur_lane,airani_iofifteen hololive_indonesia palette_hair_ornament mint_(uchi_no_pet_jijou) uchi_no_pet_jijou side_up_bun forbin_(azur_lane) paint_splatter_on_face,综合向插画师 · 自然/风景 · 和风 · 特效/后期 · 设定/图解,https://danbooru.donmai.us/artists/1972238
1507950,matilda_fiship,606,200,全年龄向,0.01,原创角色设计师,原创为主,群像/多人,兽耳/亚人/体型特征,单色/灰度/线稿/速写,单人立绘,pokemon|monster_girl_encyclopedia|vrchat,creature_and_personification monster_girl leech_queen_(matilda_fiship) personification colored_skin olivia_(matilda_fiship) arthropod_girl fewer_digits,原创角色设计师 · 兽耳/亚人 · 体型特征 · 单色/灰度 · 单人立绘,https://danbooru.donmai.us/artists/1507950
1105515,hisen_kaede,606,200,全年龄向,0.0,综合向插画师,原创/同人混合,群像/多人,泳装/内衣/自然/风景,,俯视/仰视,cu-no|mahjong_soul|vocaloid,cu-no yayoi_sakura kohitsuji_ai hakurei_botan rapua_qive konno_uzu_(hisen_kaede) nonono_futaba kokonoe_tamaki,综合向插画师 · 泳装/内衣 · 自然/风景 · 俯视/仰视 · 原创/同人混合,https://danbooru.donmai.us/artists/1105515
1357388,kotobuki_(momoko_factory),606,200,全年龄向,0.0,综合向插画师,同人为主,群像/多人,女仆/侍女/制服/职场,漫画分镜/单色/灰度,差分/变体,umamusume|kantai_collection|idolmaster,tenryuu_(kancolle) vodka_(umamusume) checkered_necktie umamusume twitter_username narita_brian_(umamusume) kantai_collection horse_girl,综合向插画师 · 女仆/侍女 · 制服/职场 · 漫画分镜 · 差分/变体,https://danbooru.donmai.us/artists/1357388
2137669,chyko,606,200,全年龄向,0.0,奇幻/魔法题材,同人为主,男性主体,体型特征/战斗/动作,,单人立绘,fire_emblem|fire_emblem_heroes|fire_emblem_fates,fire_emblem_heroes fire_emblem romancing_saga_re;universe fire_emblem_fates transparent_background malice_(fire_emblem) fire_emblem:_archanea_saga reina_(ninja)_(fire_emblem),奇幻/魔法题材 · 体型特征 · 战斗/动作 · 单人立绘 · 同人为主,https://danbooru.donmai.us/artists/2137669
492319,zaxwu,606,200,情色向,0.23,综合向插画师,原创/同人混合,女性主体,裸体/暴露/神话/宗教,单色/灰度/漫画分镜,姿势/动态,blue_archive|nijisanji|hololive,koyoru-chan_(zaxwu) blue_archive yorumi_rena_(7th_costume) loli nijisanji halo yorumi_rena virtual_youtuber,情色向 · 综合向插画师 · 裸体/暴露 · 神话/宗教 · 单色/灰度 · 姿势/动态,https://danbooru.donmai.us/artists/492319
1298753,ssalbulre,606,200,全年龄向,0.0,兽耳/亚人专精,同人为主,非人物/静物,兽人/furry/BL/腐向,漫画分镜,表情/表演,pokemon|pokemon_sun_and_moon|pokemon_sword_and_shield,guzma_(pokemon) pokemon pokemon_(creature) pokemon_sun_and_moon asymmetrical_eyewear classicaloid pokemon_sword_and_shield pokemon_masters_ex,兽耳/亚人专精 · 兽人/furry · BL/腐向 · 漫画分镜 · 表情/表演,https://danbooru.donmai.us/artists/1298753
517554,cloba,606,200,轻度色气,0.025,综合向插画师,原创/同人混合,群像/多人,泳装/内衣/体型特征,漫画分镜,差分/变体,goddess_of_victory:_nikke|blue_archive|hololive,soda_(nikke) sp-chan_(cloba) goddess_of_victory:_nikke blonde_girl_(cloba) player_2_(cloba) blue_archive air_jordan air_jordan_1,综合向插画师 · 泳装/内衣 · 体型特征 · 漫画分镜 · 差分/变体,https://danbooru.donmai.us/artists/517554
1188005,terrajin,605,200,全年龄向,0.0,机甲/军事题材,同人为主,群像/多人,军事/枪械/和风,漫画分镜,漫画/多格,kantai_collection|touhou|daihatsu,kantai_collection yamashio_maru_(kancolle) sendai_(kancolle) fairy_(kancolle) sendai_kai_ni_(kancolle) abyssal_ship rigging prinz_eugen_(kancolle),机甲/军事题材 · 军事/枪械 · 和风 · 漫画分镜 · 漫画/多格,https://danbooru.donmai.us/artists/1188005
2419176,christian_young,605,200,全年龄向,0.0,场景/背景插画师,原创为主,非人物/静物,自然/风景/恐怖/猎奇,厚涂/数码绘/单色/灰度,场景插画,microsoft_windows|real_life|elden_ring,microsoft_paint_(software) art_program_in_frame painterly landscape scenery mountain_focus no_humans mountainous_horizon,场景/背景插画师 · 自然/风景 · 恐怖/猎奇 · 厚涂/数码绘 · 场景插画,https://danbooru.donmai.us/artists/2419176
1622046,fagi_(kakikaki),605,200,全年龄向,0.0,综合向插画师,同人为主,男性主体,自然/风景/军事/枪械,,俯视/仰视,vspo!|hololive|nijisanji,madtown_gta vspo! virtual_youtuber neo-porte holostars reject_(esports) kisaragi_ren_(vspo!) konkon_aria,综合向插画师 · 自然/风景 · 军事/枪械 · 俯视/仰视 · 同人为主,https://danbooru.donmai.us/artists/1622046
1403976,takunomi,605,200,轻度色气,0.085,奇幻/魔法题材,同人为主,女性主体,奇幻/魔法/泳装/内衣,特效/后期/漫画分镜,姿势/动态,enjo_kouhai|hoshoku_club|comiket_100,enjo_kouhai ursula_(takunomi) hoshoku_club iris_(takunomi) aegis_(takunomi) origamine_ouka oogami_itsuki_(takunomi) shishizaki_airi_(takunomi),奇幻/魔法题材 · 奇幻/魔法 · 泳装/内衣 · 特效/后期 · 姿势/动态,https://danbooru.donmai.us/artists/1403976
2096201,haidao_mao,605,200,全年龄向,0.025,百合专精,同人为主,群像/多人,百合/GL/兽耳/亚人,单色/灰度/线稿/速写,设定/图解,shuuniichido_classmate_wo_kau_hanashi|adachi_to_shimamura|bocchi_the_rock!,shuuniichido_classmate_wo_kau_hanashi sendai_hazuki miyagi_shiori shimamura_hougetsu adachi_sakura adachi_to_shimamura half_up_braid yuri,百合专精 · 百合/GL · 兽耳/亚人 · 单色/灰度 · 设定/图解,https://danbooru.donmai.us/artists/2096201
1763878,torino_aqua,605,200,全年龄向,0.0,日常/治愈系,同人为主,群像/多人,自然/风景/日常/治愈,,场景插画,genshin_impact|honkai_(series)|honkai:_star_rail,genshin_impact vision_(genshin_impact) honkai:_star_rail honkai_(series) furina_(genshin_impact) gazebo pavilion zenless_zone_zero,日常/治愈系 · 自然/风景 · 日常/治愈 · 场景插画 · 同人为主,https://danbooru.donmai.us/artists/1763878
593615,yajirushi_(chanoma),604,200,全年龄向,0.0,原创角色设计师,原创为主,群像/多人,都市/街景/校园,抽象/几何/漫画分镜,场景插画,oekaki_musume|twitter|line_(naver),symbolism oekaki_musume mastermind_(board_game) user_interface mosaic_pattern very_short_hair buddha kokeshi,原创角色设计师 · 都市/街景 · 校园 · 抽象/几何 · 场景插画,https://danbooru.donmai.us/artists/593615
1295067,yapo_(croquis_side),604,200,轻度色气,0.03,日常/治愈系,原创/同人混合,男性主体,BL/腐向/角色扮演/异装,单色/灰度/漫画分镜,漫画/多格,granblue_fantasy|fate/grand_order|fate_(series),cagliostro_(granblue_fantasy) trap granblue_fantasy crossdressing_(mtf) jougasaki_rika crossdressing gran_(granblue_fantasy) cagliostro_(dark)_(granblue_fantasy),日常/治愈系 · BL/腐向 · 角色扮演/异装 · 单色/灰度 · 漫画/多格,https://danbooru.donmai.us/artists/1295067
1045671,tomohiro_kai,603,200,情色向,0.16,单色线稿派,同人为主,男性主体,体型特征/泳装/内衣,单色/灰度/漫画分镜,漫画/多格,destiny_lovers|goddess_of_victory:_nikke|azur_lane,destiny_lovers manga_cover ibu_sayaka ticonderoga_(azur_lane) kusakabe_akiho bird_of_paradise_flower paint_splatter huge_breasts,情色向 · 单色线稿派 · 体型特征 · 泳装/内衣 · 单色/灰度 · 漫画/多格,https://danbooru.donmai.us/artists/1045671
1575266,koumei_(twinameless),603,200,硬核R18,0.775,R18情色向画师,原创/同人混合,女性主体,裸体/暴露/体型特征,漫画分镜,姿势/动态,fate_(series)|fate/grand_order|kantai_collection,mosaic_censoring aesc_(rain_witch)_(fate) penis sex aesc_(fate) hetero vaginal nipples,硬核R18 · R18情色向画师 · 裸体/暴露 · 体型特征 · 漫画分镜 · 姿势/动态,https://danbooru.donmai.us/artists/1575266
519686,fuuma_nagi,603,200,全年龄向,0.005,综合向插画师,同人为主,群像/多人,泳装/内衣/自然/风景,,差分/变体,kantai_collection|fate/grand_order|fate_(series),kantai_collection murakumo_(kancolle) speedo_(company) competition_swimsuit graf_zeppelin_(kancolle) twitter_username arena_(company) tress_ribbon,综合向插画师 · 泳装/内衣 · 自然/风景 · 差分/变体 · 同人为主,https://danbooru.donmai.us/artists/519686
381270,tenmaso,603,200,轻度色气,0.055,奇幻/魔法题材,原创/同人混合,男性主体,自然/风景/奇幻/魔法,漫画分镜/单色/灰度,场景插画,leadale_no_daichi_nite|world_election|g.i.b._girls_in_black,leadale_no_daichi_nite cayna_(leadale_no_daichi_nite) sophia_usty world_election g.i.b._girls_in_black landscape usotsuki_ouji_to_nayameru_ohime-sama dungeon_tou_de_yadoya_wo_yarou,奇幻/魔法题材 · 自然/风景 · 奇幻/魔法 · 漫画分镜 · 场景插画,https://danbooru.donmai.us/artists/381270
1676165,asiri_senpai,603,200,全年龄向,0.0,综合向插画师,同人为主,群像/多人,和风/配饰/首饰,漫画分镜,肖像/半身,honkai:_star_rail|honkai_(series)|genshin_impact,honkai:_star_rail twitter_username honkai_(series) adapted_costume raiden_shogun genshin_impact black_bridal_gauntlets blue_pupils,综合向插画师 · 和风 · 配饰/首饰 · 漫画分镜 · 肖像/半身,https://danbooru.donmai.us/artists/1676165
1558374,tomari_(veryberry00),603,200,全年龄向,0.0,综合向插画师,同人为主,群像/多人,音乐/偶像/校园,单色/灰度/线稿/速写,单人立绘,tomodachi_no_imouto_ga_ore_ni_dake_uzai|idolmaster|idolmaster_shiny_colors,tomodachi_no_imouto_ga_ore_ni_dake_uzai kohinata_iroha_(imouuzai) tsukinomori_mashiro ooboshi_akiteru kageishi_sumire diagonal-striped_necktie wing_collar diagonal-striped_clothes,综合向插画师 · 音乐/偶像 · 校园 · 单色/灰度 · 单人立绘,https://danbooru.donmai.us/artists/1558374
576862,saitou_naoki,603,200,全年龄向,0.0,兽耳/亚人专精,同人为主,非人物/静物,兽人/furry/BL/腐向,,设定/图解,pokemon|pokemon_tcg|dragalia_lost,pokemon_tcg pokemon_card trading_card dragalia_lost card_(medium) duel_masters dragon_musume_ni_naritakunai! copyright_notice,兽耳/亚人专精 · 兽人/furry · BL/腐向 · 设定/图解 · 同人为主,https://danbooru.donmai.us/artists/576862
1311786,somechime_(sometime1209),602,200,全年龄向,0.0,百合专精,原创/同人混合,群像/多人,奇幻/魔法/校园,单色/灰度/漫画分镜,漫画/多格,majigawa|kamen_rider|mahou_shoujo_no_majo_saiban,majigawa ougami_shiki sakura_menon sweet_pink gakeppuchi_reijou_wa_kurokishi-sama_o_horesasetai kamen_rider_zeztz_(series) mahou_shoujo_no_majo_saiban kamen_rider,百合专精 · 奇幻/魔法 · 校园 · 单色/灰度 · 漫画/多格,https://danbooru.donmai.us/artists/1311786
1374878,simoyuki,602,200,全年龄向,0.0,同人角色专精,同人为主,群像/多人,校园/兽耳/亚人,漫画分镜/单色/灰度,差分/变体,umamusume|kantai_collection|umayuru,matikanefukukitaru_(umamusume) umamusume horse_girl horse_ears ear_covers daruma_doll horse_tail clover_hair_ornament,同人角色专精 · 校园 · 兽耳/亚人 · 漫画分镜 · 差分/变体,https://danbooru.donmai.us/artists/1374878
1336498,redlhzz,602,200,全年龄向,0.0,兽耳/亚人专精,同人为主,男性主体,兽人/furry/BL/腐向,漫画分镜,差分/变体,pokemon|pokemon_sword_and_shield|fire_emblem,leon_(pokemon) pokemon_sword_and_shield raihan_(pokemon) champion_uniform_(pokemon) pokemon dark-skinned_male orange_headband sylvain_jose_gautier,兽耳/亚人专精 · 兽人/furry · BL/腐向 · 漫画分镜 · 差分/变体,https://danbooru.donmai.us/artists/1336498
697669,fumitsuki_(minaduki_6),602,200,情色向,0.37,百合专精,同人为主,群像/多人,裸体/暴露/泳装/内衣,单色/灰度/漫画分镜,漫画/多格,touhou|touhou_lostword|reitaisai,koakuma touhou patchouli_knowledge lactation head_wings crescent_hair_ornament remilia_scarlet mandrake,情色向 · 百合专精 · 裸体/暴露 · 泳装/内衣 · 单色/灰度 · 漫画/多格,https://danbooru.donmai.us/artists/697669
1497411,skeptycally,602,200,轻度色气,0.01,原创角色设计师,原创为主,女性主体,裸体/暴露/角色扮演/异装,光影/氛围/线稿/速写,俯视/仰视,blue_archive|fire_emblem|arknights,bluesky_username twitter_username grey_background blue_archive fire_emblem olivia_(fire_emblem) arknights ako_(blue_archive),原创角色设计师 · 裸体/暴露 · 角色扮演/异装 · 光影/氛围 · 俯视/仰视,https://danbooru.donmai.us/artists/1497411
1703481,tenten_(chan4545),602,200,全年龄向,0.0,漫画/剧情向,同人为主,群像/多人,神话/宗教/军事/枪械,漫画分镜/单色/灰度,漫画/多格,vocaloid|blue_archive|sousou_no_frieren,kasane_teto utau kasane_teto_(utau) sousou_no_frieren aura_(sousou_no_frieren) female_tyrant_(stella_sora) tyrant_(stella_sora) hatsune_miku,漫画/剧情向 · 神话/宗教 · 军事/枪械 · 漫画分镜 · 漫画/多格,https://danbooru.donmai.us/artists/1703481
1372661,tajima_ryuushi,601,200,情色向,0.055,原创角色设计师,原创为主,群像/多人,兽耳/亚人/军事/枪械,,姿势/动态,blue_archive|gundam|nijisanji,fox_tail fox_ears elf covered_nipples fox_shadow_puppet thong sheath microskirt,情色向 · 原创角色设计师 · 兽耳/亚人 · 军事/枪械 · 姿势/动态 · 原创为主,https://danbooru.donmai.us/artists/1372661
507254,okitakung,601,200,轻度色气,0.045,综合向插画师,同人为主,群像/多人,军事/枪械/体型特征,,差分/变体,fate/grand_order|fate_(series)|blue_archive,scathach_(fate) scathach-skadi_(fate) fate/grand_order fate_(series) rio_(blue_archive) gae_bolg_(fate) blue_archive dakimakura_(medium),综合向插画师 · 军事/枪械 · 体型特征 · 差分/变体 · 同人为主,https://danbooru.donmai.us/artists/507254
1876174,maguro27,601,200,硬核R18,0.545,综合向插画师,原创/同人混合,男性主体,裸体/暴露/神话/宗教,漫画分镜,姿势/动态,blue_archive|touhou|indie_virtual_youtuber,latex_bodysuit latex impossible_bodysuit skin_tight armbinder chastity_belt ball_gag gag,硬核R18 · 综合向插画师 · 裸体/暴露 · 神话/宗教 · 漫画分镜 · 姿势/动态,https://danbooru.donmai.us/artists/1876174
607091,oda_ken'ichi,601,200,情色向,0.385,R18情色向画师,同人为主,女性主体,裸体/暴露/泳装/内衣,漫画分镜,姿势/动态,lyrical_nanoha|mahou_shoujo_lyrical_nanoha_strikers|touhou,lyrical_nanoha mahou_shoujo_lyrical_nanoha_strikers fate_testarossa takamachi_nanoha nipples touhou signum mahou_shoujo_lyrical_nanoha,情色向 · R18情色向画师 · 裸体/暴露 · 泳装/内衣 · 漫画分镜 · 姿势/动态,https://danbooru.donmai.us/artists/607091
589215,walzrj,601,200,全年龄向,0.01,综合向插画师,同人为主,群像/多人,日常/治愈/军事/枪械,漫画分镜/线稿/速写,单人立绘,kantai_collection|fate_(series)|fate/grand_order,ta-class_battleship abyssal_ship beata_(walzrj) wendy_(walzrj) battleship_princess kantai_collection miyamoto_musashi_(third_ascension)_(fate) fate/grand_order,综合向插画师 · 日常/治愈 · 军事/枪械 · 漫画分镜 · 单人立绘,https://danbooru.donmai.us/artists/589215
1397665,geshumaro,601,200,全年龄向,0.0,单色线稿派,同人为主,男性主体,校园/音乐/偶像,单色/灰度/漫画分镜,漫画/多格,gal_gamer_ni_homeraretai|vspo!|bukiyou_na_senpai,gal_gamer_ni_homeraretai suzuki_rion sasaki_raito kunioka_yuu kogal gyaru spot_color long_fingernails,单色线稿派 · 校园 · 音乐/偶像 · 单色/灰度 · 漫画/多格,https://danbooru.donmai.us/artists/1397665
1575704,koyomania,601,200,全年龄向,0.06,百合专精,同人为主,双人/CP,百合/GL/恋爱/情感,单色/灰度/漫画分镜,漫画/多格,tensei_oujo_to_tensai_reijou_no_mahou_kakumei|kimetsu_no_yaiba|zombie_land_saga,anisphia_wynn_palettia tensei_oujo_to_tensai_reijou_no_mahou_kakumei euphyllia_magenta kochou_shinobu demon_slayer_uniform kimetsu_no_yaiba kochou_kanae tsuyuri_kanao,百合专精 · 百合/GL · 恋爱/情感 · 单色/灰度 · 漫画/多格,https://danbooru.donmai.us/artists/1575704
1468361,r-binon,601,200,硬核R18,0.665,R18情色向画师,同人为主,女性主体,裸体/暴露/科幻/机甲,漫画分镜,姿势/动态,yu-gi-oh!|senki_zesshou_symphogear|gundam,senki_zesshou_symphogear mosaic_censoring cagalli_yula_athha gundam_seed yu-gi-oh! yukine_chris censored gundam_seed_destiny,硬核R18 · R18情色向画师 · 裸体/暴露 · 科幻/机甲 · 漫画分镜 · 姿势/动态,https://danbooru.donmai.us/artists/1468361
606111,ginko_(silver_fox),602,200,硬核R18,0.565,R18情色向画师,同人为主,群像/多人,裸体/暴露/奇幻/魔法,赛璐璐/平涂/漫画分镜,姿势/动态,precure|mahou_girls_precure!|one_piece,web_address precure dated watermark nipples mahou_girls_precure! pussy mosaic_censoring,硬核R18 · R18情色向画师 · 裸体/暴露 · 奇幻/魔法 · 赛璐璐/平涂 · 姿势/动态,https://danbooru.donmai.us/artists/606111
1417968,a.x.,600,200,全年龄向,0.0,原创角色设计师,原创为主,女性主体,自然/风景/泳装/内衣,特效/后期/光影/氛围,俯视/仰视,real_life|batman_(series)|dc_comics,viewfinder dated battery_indicator bokeh shinonome_umi depth_of_field blurry_background blurry,原创角色设计师 · 自然/风景 · 泳装/内衣 · 特效/后期 · 俯视/仰视,https://danbooru.donmai.us/artists/1417968
679151,60mai,600,200,全年龄向,0.0,综合向插画师,同人为主,群像/多人,兽耳/亚人/和风,线稿/速写/漫画分镜,肖像/半身,touhou|indie_virtual_youtuber|touhou_(pc-98),touhou remilia_scarlet mob_cap bat_wings sample_watermark hat_ribbon indie_virtual_youtuber pink_hat,综合向插画师 · 兽耳/亚人 · 和风 · 线稿/速写 · 肖像/半身,https://danbooru.donmai.us/artists/679151
726889,momose_(oqo),600,200,全年龄向,0.0,综合向插画师,同人为主,双人/CP,恋爱/情感/BL/腐向,线稿/速写/漫画分镜,差分/变体,tamako_market|holostars|idolmaster,kitashirakawa_tamako tamako_market ooji_mochizou hanasaki_miyabi holostars kishido_temma couple hanasaki_miyabi_(1st_costume),综合向插画师 · 恋爱/情感 · BL/腐向 · 线稿/速写 · 差分/变体,https://danbooru.donmai.us/artists/726889
1430020,marota,600,200,情色向,0.095,综合向插画师,同人为主,群像/多人,体型特征/兽耳/亚人,单色/灰度,差分/变体,touhou|indie_virtual_youtuber|blue_archive,marota_(character) cow_tail cow_ears twitter_username huge_breasts cow_horns touhou cow_print_bikini,情色向 · 综合向插画师 · 体型特征 · 兽耳/亚人 · 单色/灰度 · 差分/变体,https://danbooru.donmai.us/artists/1430020
1727796,niku_(ni23ku),599,200,全年龄向,0.02,日常/治愈系,同人为主,双人/CP,和风/恋爱/情感,单色/灰度/漫画分镜,场景插画,kimetsu_no_yaiba|naruto_(series)|boruto_(series),tomioka_giyuu kochou_shinobu uchiha_sasuke kimetsu_no_yaiba haruno_sakura print_haori demon_slayer_uniform naruto_(series),日常/治愈系 · 和风 · 恋爱/情感 · 单色/灰度 · 场景插画,https://danbooru.donmai.us/artists/1727796
1468704,amano_don,599,200,轻度色气,0.215,综合向插画师,原创/同人混合,群像/多人,体型特征/泳装/内衣,单色/灰度/漫画分镜,俯视/仰视,goddess_of_victory:_nikke|fuuzoku_katsudou|blue_archive,goddess_of_victory:_nikke viper_(nikke) rupee_(nikke) fuuzoku_katsudou nakatsuka_mizuki sakurai_hana_(amano_don) viper_(toxic_rabbit)_(nikke) rupee_(rabbit_deluxe)_(nikke),综合向插画师 · 体型特征 · 泳装/内衣 · 单色/灰度 · 俯视/仰视,https://danbooru.donmai.us/artists/1468704
640620,shiki_(psychedelic_g2),599,200,轻度色气,0.13,综合向插画师,原创/同人混合,女性主体,裸体/暴露/体型特征,特效/后期,表情/表演,mon-musu_quest!|mon-musu_quest:_paradox|fire_emblem,mon-musu_quest:_paradox mon-musu_quest! hayakawa_mayumi nose lilith_(mon-musu_quest:_paradox) hiruko_(mon-musu_quest!) monster_girl full-body_tattoo,综合向插画师 · 裸体/暴露 · 体型特征 · 特效/后期 · 表情/表演,https://danbooru.donmai.us/artists/640620
1684199,kanden_sky,599,200,情色向,0.03,原创角色设计师,原创/同人混合,女性主体,裸体/暴露/校园,单色/灰度/线稿/速写,场景插画,kantai_collection|indie_virtual_youtuber|comiket_107,x-ray_vision x-ray_glasses small_nipples kantai_collection ye_xilan revealing_layer nipples sparkling_sweat,情色向 · 原创角色设计师 · 裸体/暴露 · 校园 · 单色/灰度 · 场景插画,https://danbooru.donmai.us/artists/1684199
560496,miyako_hito,599,200,全年龄向,0.0,漫画/剧情向,同人为主,群像/多人,校园/日常/治愈,漫画分镜/线稿/速写,漫画/多格,grimoire_~shiritsu_grimoire_mahou_gakuen~|love_live!|love_live!_nijigasaki_high_school_idol_club,grimoire_~shiritsu_grimoire_mahou_gakuen~ nanjo_ren hattori_azusa futami_kokoro kazeyari_mina tachibana_ui shuriken_hair_ornament chinese_knot,漫画/剧情向 · 校园 · 日常/治愈 · 漫画分镜 · 漫画/多格,https://danbooru.donmai.us/artists/560496
1574711,scott_malin,599,200,情色向,0.165,原创角色设计师,原创为主,群像/多人,裸体/暴露/日常/治愈,漫画分镜/线稿/速写,漫画/多格,dragon_ball|kindred_heavens|the_legend_of_zelda,lucia_(scott_malin) mia_(scott_malin) daisy_(scott_malin) crab black_nails katya_(scott_malin) isabelle_voit kindred_heavens,情色向 · 原创角色设计师 · 裸体/暴露 · 日常/治愈 · 漫画分镜 · 漫画/多格,https://danbooru.donmai.us/artists/1574711
1656798,papajay_(jennygin2),598,200,全年龄向,0.0,兽耳/亚人专精,同人为主,男性主体,兽耳/亚人/军事/枪械,,差分/变体,honkai:_star_rail|honkai_(series)|genshin_impact,honkai:_star_rail honkai_(series) genshin_impact phainon_(honkai:_star_rail) anaxa_(honkai:_star_rail) mydei_(honkai:_star_rail) chimera_(honkai:_star_rail) alhaitham_(genshin_impact),兽耳/亚人专精 · 兽耳/亚人 · 军事/枪械 · 差分/变体 · 同人为主,https://danbooru.donmai.us/artists/1656798
2042810,bambi2000line,599,200,全年龄向,0.0,综合向插画师,同人为主,男性主体,角色扮演/异装/体型特征,线稿/速写/漫画分镜,设定/图解,kono_subarashii_sekai_ni_shukufuku_wo!|onii-chan_wa_oshimai!|pokemon,megumin kono_subarashii_sekai_ni_shukufuku_wo! onii-chan_wa_oshimai! artist_logo zoom_layer hozuki_momiji male-female_symbol logo,综合向插画师 · 角色扮演/异装 · 体型特征 · 线稿/速写 · 设定/图解,https://danbooru.donmai.us/artists/2042810
1226508,chameleon_(ryokucha_combo),598,200,全年龄向,0.0,单色线稿派,同人为主,群像/多人,制服/职场/兽耳/亚人,单色/灰度/漫画分镜,漫画/多格,idolmaster|idolmaster_cinderella_girls|hololive,producer_(idolmaster_cinderella_girls_anime) idolmaster_cinderella_girls producer_(idolmaster) idolmaster futaba_anzu moroboshi_kirari formal_clothes comic,单色线稿派 · 制服/职场 · 兽耳/亚人 · 单色/灰度 · 漫画/多格,https://danbooru.donmai.us/artists/1226508
695983,warashi,598,200,全年龄向,0.0,同人角色专精,同人为主,非人物/静物,校园/泳装/内衣,漫画分镜/单色/灰度,漫画/多格,umamusume|gundam|blue_archive,umamusume horse_girl horse_ears horse_tail chibi_only chibi hishi_miracle_(umamusume) trainer_(umamusume),同人角色专精 · 校园 · 泳装/内衣 · 漫画分镜 · 漫画/多格,https://danbooru.donmai.us/artists/695983
1526164,nakkar,598,200,全年龄向,0.0,原创角色设计师,原创为主,女性主体,都市/街景/兽耳/亚人,拼贴/混合/线稿/速写,单人立绘,indie_virtual_youtuber|comitia_156|vrchat,photo_background cherry_hair_ornament twitter_username plaid_bow loose_socks shoulder_bag puffy_long_sleeves animal_ear_fluff,原创角色设计师 · 都市/街景 · 兽耳/亚人 · 拼贴/混合 · 单人立绘,https://danbooru.donmai.us/artists/1526164
1547699,skai_kun,598,200,情色向,0.26,综合向插画师,同人为主,群像/多人,裸体/暴露/泳装/内衣,漫画分镜,姿势/动态,honkai:_star_rail|honkai_(series)|zenless_zone_zero,sparkle_(honkai:_star_rail) honkai:_star_rail honkai_(series) zenless_zone_zero hu_tao_(genshin_impact) phase_connect mark_under_both_eyes fox_mask,情色向 · 综合向插画师 · 裸体/暴露 · 泳装/内衣 · 漫画分镜 · 姿势/动态,https://danbooru.donmai.us/artists/1547699
1522257,nico-mo,597,200,硬核R18,0.715,R18情色向画师,同人为主,群像/多人,裸体/暴露/兽人/furry,线稿/速写/漫画分镜,姿势/动态,boku_no_hero_academia|sousou_no_frieren|pokemon,uncensored nipples boku_no_hero_academia haneyama_kazuho nagatoro_hayase ijiranaide_nagatoro-san penis vigilante_-boku_no_hero_academia:_illegals-,硬核R18 · R18情色向画师 · 裸体/暴露 · 兽人/furry · 线稿/速写 · 姿势/动态,https://danbooru.donmai.us/artists/1522257
1826792,box_wonderland,597,200,情色向,0.345,综合向插画师,同人为主,群像/多人,裸体/暴露/泳装/内衣,漫画分镜/单色/灰度,俯视/仰视,love_live!|umamusume|love_live!_nijigasaki_high_school_idol_club,love_live! dressed_shadow_(meme) umamusume love_live!_nijigasaki_high_school_idol_club love_live!_superstar!! horse_girl horse_tail horse_ears,情色向 · 综合向插画师 · 裸体/暴露 · 泳装/内衣 · 漫画分镜 · 俯视/仰视,https://danbooru.donmai.us/artists/1826792
1428432,imamiya_pinoko,597,200,全年龄向,0.015,原创角色设计师,原创为主,男性主体,角色扮演/异装/BL/腐向,漫画分镜/单色/灰度,差分/变体,voiceroid|vocaloid,ayase_ayato_(imamiya_pinoko) trap crossdressing_(mtf) crossdressing hirakawa_mahiru_(imamiya_pinoko) thick_eyebrows imamiya-kun_(imamiya_pinoko) kakage_azusa_(imamiya_pinoko),原创角色设计师 · 角色扮演/异装 · BL/腐向 · 漫画分镜 · 差分/变体,https://danbooru.donmai.us/artists/1428432
1436722,quick_waipa,597,200,全年龄向,0.0,漫画/剧情向,同人为主,群像/多人,兽耳/亚人/自然/风景,漫画分镜,漫画/多格,kemono_friends|kemurikusa|keifuku-san,kemono_friends kaban_(kemono_friends) serval_(kemono_friends) lucky_beast_(kemono_friends) fennec_(kemono_friends) common_chimpanzee_(kemono_friends) common_raccoon_(kemono_friends) tatsuki_(irodori)_(style),漫画/剧情向 · 兽耳/亚人 · 自然/风景 · 漫画分镜 · 漫画/多格,https://danbooru.donmai.us/artists/1436722
1357372,chiharu_(9654784),597,200,全年龄向,0.0,综合向插画师,同人为主,双人/CP,泳装/内衣/日常/治愈,单色/灰度,肖像/半身,eiyuu_densetsu|kuro_no_kiseki_(series)|kai_no_kiseki,eiyuu_densetsu kuro_no_kiseki_(series) agnes_claudel kai_no_kiseki elaine_auclair kuro_no_kiseki_i shizuna_rem_misurugi bun_with_braided_base,综合向插画师 · 泳装/内衣 · 日常/治愈 · 单色/灰度 · 肖像/半身,https://danbooru.donmai.us/artists/1357372
1462488,kurihara_sakura,596,200,全年龄向,0.0,单色线稿派,原创/同人混合,群像/多人,神话/宗教/恐怖/猎奇,单色/灰度/漫画分镜,漫画/多格,blue_archive|comiket_106|stella_sora,blue_archive hifumi_(blue_archive) greyscale comic azusa_(blue_archive) zombie monochrome makoto_(blue_archive),单色线稿派 · 神话/宗教 · 恐怖/猎奇 · 单色/灰度 · 漫画/多格,https://danbooru.donmai.us/artists/1462488
601638,michibata_65,596,200,全年龄向,0.0,综合向插画师,同人为主,男性主体,BL/腐向/军事/枪械,单色/灰度/漫画分镜,肖像/半身,another_eden|final_fantasy|dragon_quest,another_eden linear_hatching hatching_(texture) final_fantasy tunic greyscale_with_colored_background gensou_suikoden dragon_quest,综合向插画师 · BL/腐向 · 军事/枪械 · 单色/灰度 · 肖像/半身,https://danbooru.donmai.us/artists/601638
405967,nilitsu,596,200,全年龄向,0.0,综合向插画师,同人为主,群像/多人,兽耳/亚人/奇幻/魔法,赛璐璐/平涂/单色/灰度,肖像/半身,dungeon_ni_deai_wo_motomeru_no_wa_machigatteiru_darou_ka|snack_nili|shokei_shoujo_no_virgin_road,snack_nili dungeon_ni_deai_wo_motomeru_no_wa_machigatteiru_darou_ka hizuki_rurufu shokei_shoujo_no_virgin_road tsuyokute_new_saga ryu_lion menou_(virgin_road) sakuma_lovey,综合向插画师 · 兽耳/亚人 · 奇幻/魔法 · 赛璐璐/平涂 · 肖像/半身,https://danbooru.donmai.us/artists/405967
1053712,ougi_hina,596,200,轻度色气,0.21,综合向插画师,同人为主,男性主体,裸体/暴露/和风,线稿/速写/单色/灰度,姿势/动态,len'en|touhou|touhou_tag_dream,len'en genderswap_(otf) houlen_yabusame other_focus androgynous enraku_tsubakura genderswap clause_(len'en),综合向插画师 · 裸体/暴露 · 和风 · 线稿/速写 · 姿势/动态,https://danbooru.donmai.us/artists/1053712
1456458,revolverwing,596,200,情色向,0.46,奇幻/魔法题材,同人为主,群像/多人,裸体/暴露/奇幻/魔法,漫画分镜,姿势/动态,fire_emblem|blue_archive|fire_emblem_heroes,fire_emblem fire_emblem_heroes blue_archive fire_emblem:_mystery_of_the_emblem nyna_(fire_emblem) fire_emblem:_archanea_saga fire_emblem_engage fire_emblem:_shadow_dragon_and_the_blade_of_light,情色向 · 奇幻/魔法题材 · 裸体/暴露 · 奇幻/魔法 · 漫画分镜 · 姿势/动态,https://danbooru.donmai.us/artists/1456458
1573033,super_masara,596,200,轻度色气,0.0,单色线稿派,同人为主,群像/多人,军事/枪械/制服/职场,单色/灰度/漫画分镜,漫画/多格,kantai_collection|azur_lane|girls_und_panzer,admiral_(kancolle)_(cosplay) fubuki_(kancolle) naval_uniform admiral_(kancolle) akebono_(kancolle) kantai_collection yuudachi_(kancolle) military,单色线稿派 · 军事/枪械 · 制服/职场 · 单色/灰度 · 漫画/多格,https://danbooru.donmai.us/artists/1573033
1729385,kink_(tortoiseshell),596,200,轻度色气,0.13,奇幻/魔法题材,原创为主,群像/多人,奇幻/魔法/裸体/暴露,特效/后期/线稿/速写,俯视/仰视,towako_(akane_shinsha)|ruridragon|little_witch_nobeta,towako_(akane_shinsha) aoki_ruri ruridragon lolibaba magazine_cover victoria_roman phyllis_(little_witch_nobeta) nobeta,奇幻/魔法题材 · 奇幻/魔法 · 裸体/暴露 · 特效/后期 · 俯视/仰视,https://danbooru.donmai.us/artists/1729385
1592670,nia_(nia4294),596,200,轻度色气,0.15,综合向插画师,原创/同人混合,双人/CP,体型特征/裸体/暴露,漫画分镜/线稿/速写,漫画/多格,foster's_home_for_imaginary_friends|dragon_ball|azur_lane,enta_(nia) frankie_foster foster's_home_for_imaginary_friends hoshi_(nia) kunti_(nia) gravity_falls animification pacifica_northwest,综合向插画师 · 体型特征 · 裸体/暴露 · 漫画分镜 · 漫画/多格,https://danbooru.donmai.us/artists/1592670
454918,ica,595,200,全年龄向,0.0,综合向插画师,同人为主,群像/多人,自然/风景/校园,单色/灰度/漫画分镜,差分/变体,kantai_collection|blue_archive|touhou,sendai_(kancolle) sendai_kai_ni_(kancolle) kantai_collection twitter_username mordred_(fate) kawashiro_nitori white_scarf kemono_friends,综合向插画师 · 自然/风景 · 校园 · 单色/灰度 · 差分/变体,https://danbooru.donmai.us/artists/454918
1586316,kosmos_beta,596,200,轻度色气,0.095,日常/治愈系,同人为主,男性主体,日常/治愈/都市/街景,单色/灰度/漫画分镜,俯视/仰视,go-toubun_no_hanayome|fire_emblem|fire_emblem_awakening,go-toubun_no_hanayome nakano_nino uesugi_fuutarou asahiyama_high_school_uniform venus_symbol_necklace butterfly_hair_ornament hatching_(texture) nakano_yotsuba,日常/治愈系 · 日常/治愈 · 都市/街景 · 单色/灰度 · 俯视/仰视,https://danbooru.donmai.us/artists/1586316
584164,chihiro_(kemonomichi),595,200,全年龄向,0.0,单色线稿派,同人为主,群像/多人,军事/枪械/战斗/动作,单色/灰度/漫画分镜,漫画/多格,touhou|touhou_(pc-98)|idolmaster,touhou hijiri_byakuren kazami_yuuka toramaru_shou greyscale comic kochiya_sanae kawashiro_nitori,单色线稿派 · 军事/枪械 · 战斗/动作 · 单色/灰度 · 漫画/多格,https://danbooru.donmai.us/artists/584164
566745,sido_(slipknot),595,200,全年龄向,0.005,场景/背景插画师,原创/同人混合,非人物/静物,科幻/机甲/恐怖/猎奇,线稿/速写/单色/灰度,单人立绘,pokemon|monster_hunter_(series)|yu-gi-oh!,no_humans gigantamax_(other) animal_focus claws fakemon phantasy_star_online_2 phantasy_star pokemon_(creature),场景/背景插画师 · 科幻/机甲 · 恐怖/猎奇 · 线稿/速写 · 单人立绘,https://danbooru.donmai.us/artists/566745
1296379,kutsuki_kai,595,200,全年龄向,0.0,同人角色专精,同人为主,群像/多人,兽耳/亚人/自然/风景,,肖像/半身,touhou|hakurei_frontier_spell_strive|fire_emblem,touhou one-hour_drawing_challenge kaku_seiga hair_stick hakurei_frontier_spell_strive chisel miyako_yoshika ibaraki_kasen,同人角色专精 · 兽耳/亚人 · 自然/风景 · 肖像/半身 · 同人为主,https://danbooru.donmai.us/artists/1296379
542374,deras,595,200,轻度色气,0.145,综合向插画师,同人为主,双人/CP,裸体/暴露/神话/宗教,单色/灰度/线稿/速写,姿势/动态,idolmaster|gakuen_idolmaster|blue_archive,gakuen_idolmaster katsuragi_lilja idolmaster ribbon_in_braid blue_archive himesaki_rinami kimi_to_semi_blue_(idolmaster) ichika_(blue_archive),综合向插画师 · 裸体/暴露 · 神话/宗教 · 单色/灰度 · 姿势/动态,https://danbooru.donmai.us/artists/542374
1409824,mcgunngu,594,200,全年龄向,0.0,兽耳/亚人专精,同人为主,群像/多人,兽耳/亚人/自然/风景,单色/灰度/漫画分镜,肖像/半身,kemono_friends|kemono_friends_3|kemono_friends_v_project,kemono_friends ginkaku_(kemono_friends) kemono_friends_3 extra_ears kemono_friends_v_project kinkaku_(kemono_friends) japari_symbol blue_skin,兽耳/亚人专精 · 兽耳/亚人 · 自然/风景 · 单色/灰度 · 肖像/半身,https://danbooru.donmai.us/artists/1409824
596708,tsurusaki_yuu,594,200,全年龄向,0.0,漫画/剧情向,同人为主,群像/多人,日常/治愈/音乐/偶像,漫画分镜,漫画/多格,heaven_burns_red|persona|persona_5,heaven_burns_red kayamori_ruka 4koma kunimi_tama izumi_yuki aikawa_megumi sound_effects tojo_tsukasa,漫画/剧情向 · 日常/治愈 · 音乐/偶像 · 漫画分镜 · 漫画/多格,https://danbooru.donmai.us/artists/596708
418342,mitsuba_minoru,594,200,轻度色气,0.18,原创角色设计师,原创为主,女性主体,裸体/暴露/泳装/内衣,单色/灰度/漫画分镜,漫画/多格,kantai_collection|kemono_friends|blue_archive,tanned_girl_(mitsuba_minoru) full_page_comic inset_border ring_light_reflection single_hair_intake kemono_friends signature gyaru,原创角色设计师 · 裸体/暴露 · 泳装/内衣 · 单色/灰度 · 漫画/多格,https://danbooru.donmai.us/artists/418342
548716,azuki_osamitsu,594,200,全年龄向,0.0,兽耳/亚人专精,同人为主,群像/多人,兽耳/亚人/和风,单色/灰度/漫画分镜,漫画/多格,touhou|umamusume|fatal_fury,yakumo_ran yakumo_yukari touhou futatsuiwa_mamizou chen hakurei_reimu_(fox) fox multiple_tails,兽耳/亚人专精 · 兽耳/亚人 · 和风 · 单色/灰度 · 漫画/多格,https://danbooru.donmai.us/artists/548716
1245482,munakata_(sekimizu_kazuki),594,200,全年龄向,0.0,单色线稿派,同人为主,群像/多人,和风/战斗/动作,单色/灰度/漫画分镜,漫画/多格,touhou|shimaya_printing_(printing_company)|comiket_89,hoshiguma_yuugi touhou broken_horn ibuki_suika oni amputee spiked_hair single_horn,单色线稿派 · 和风 · 战斗/动作 · 单色/灰度 · 漫画/多格,https://danbooru.donmai.us/artists/1245482
1394650,enjaku_izuku,594,200,轻度色气,0.225,同人角色专精,同人为主,群像/多人,裸体/暴露/校园,漫画分镜,差分/变体,kantai_collection|pokemon|gundam,samuel_b._roberts_(kancolle) kantai_collection samuel_b._roberts_mk_ii_(kancolle) ryuujou_(kancolle) little_blue_whale_(kancolle) dixie_cup_hat aqua_neckerchief whale,同人角色专精 · 裸体/暴露 · 校园 · 漫画分镜 · 差分/变体,https://danbooru.donmai.us/artists/1394650
680320,okuri_banto,594,200,硬核R18,0.545,R18情色向画师,同人为主,男性主体,裸体/暴露/BL/腐向,漫画分镜,姿势/动态,fate_(series)|fate/kaleid_liner_prisma_illya|idolmaster,fate/kaleid_liner_prisma_illya loli illyasviel_von_einzbern fate_(series) mosaic_censoring miyu_edelfelt idolmaster lincoro,硬核R18 · R18情色向画师 · 裸体/暴露 · BL/腐向 · 漫画分镜 · 姿势/动态,https://danbooru.donmai.us/artists/680320
1523953,fujitaka_nasu,593,200,全年龄向,0.0,机甲/军事题材,同人为主,群像/多人,科幻/机甲/军事/枪械,漫画分镜/特效/后期,漫画/多格,blue_archive|gintama|umamusume,colored_speech_bubble sakata_gintoki gintama char's_counterattack amuro_ray kitasan_black_(umamusume) umamusume char_aznable,机甲/军事题材 · 科幻/机甲 · 军事/枪械 · 漫画分镜 · 漫画/多格,https://danbooru.donmai.us/artists/1523953
2165273,f4samurai,593,200,全年龄向,0.0,机甲/军事题材,同人为主,男性主体,科幻/机甲/BL/腐向,特效/后期/赛璐璐/平涂,设定/图解,code_geass|code_geass:_lost_stories|code_geass:_fukkatsu_no_lelouch,code_geass:_lost_stories code_geass knightmare_frame copyright_logo mecha code_geass:_fukkatsu_no_lelouch logo kururugi_suzaku,机甲/军事题材 · 科幻/机甲 · BL/腐向 · 特效/后期 · 设定/图解,https://danbooru.donmai.us/artists/2165273
1389270,0lightsource,593,200,情色向,0.285,兽耳/亚人专精,原创/同人混合,男性主体,兽人/furry/体型特征,漫画分镜/单色/灰度,单人立绘,pokemon|tengen_toppa_gurren_lagann|digimon,murasaki_(lightsource) pepper_(lightsource) furry_female furry cat_boy animal_nose trap angel_(lightsource),情色向 · 兽耳/亚人专精 · 兽人/furry · 体型特征 · 漫画分镜 · 单人立绘,https://danbooru.donmai.us/artists/1389270
1881113,rune_(dualhart),593,200,情色向,0.21,综合向插画师,原创/同人混合,群像/多人,神话/宗教/校园,漫画分镜/线稿/速写,表情/表演,blue_archive|vedal_ai|maplestory,peeing_self pee have_to_pee peeing yurina_(rune_(dualhart)) pee_stain neuro-sama vedal_ai,情色向 · 综合向插画师 · 神话/宗教 · 校园 · 漫画分镜 · 表情/表演,https://danbooru.donmai.us/artists/1881113
2152606,nonono_mino,593,200,轻度色气,0.14,原创角色设计师,原创为主,男性主体,裸体/暴露/和风,漫画分镜/单色/灰度,姿势/动态,kantai_collection|darker_than_black|blue_archive,layla_(mino) ringed_eyes yin_(darker_than_black) darker_than_black side-tie_panties verniy_(kancolle) hibiki_(kancolle) spoken_ellipsis,原创角色设计师 · 裸体/暴露 · 和风 · 漫画分镜 · 姿势/动态,https://danbooru.donmai.us/artists/2152606
1693481,utsusumi_kio,593,200,全年龄向,0.02,综合向插画师,同人为主,女性主体,体型特征/神话/宗教,单色/灰度/漫画分镜,单人立绘,specialite_(company)|blue_archive|nijisanji,ryogoku_tsukasa specialite_(company) crown_hair_ornament makaino_ririmu virtual_youtuber mementovanitas riot_music nijisanji,综合向插画师 · 体型特征 · 神话/宗教 · 单色/灰度 · 单人立绘,https://danbooru.donmai.us/artists/1693481
2002702,kakapomilk,592,200,全年龄向,0.03,漫画/剧情向,同人为主,男性主体,神话/宗教/兽耳/亚人,漫画分镜/线稿/速写,漫画/多格,blue_archive|cho_kaguya-hime!|manatsu_no_yo_no_inmu,doodle_sensei_(blue_archive) sensei_(blue_archive) blue_archive halo comic niko_(blue_archive) kei_(blue_archive) kei_(student)_(blue_archive),漫画/剧情向 · 神话/宗教 · 兽耳/亚人 · 漫画分镜 · 漫画/多格,https://danbooru.donmai.us/artists/2002702
545841,ryosios,591,200,全年龄向,0.0,机甲/军事题材,原创/同人混合,群像/多人,自然/风景/科幻/机甲,特效/后期/光影/氛围,场景插画,touhou|steam_punk_street_(game)|genshin_impact,touhou steampunk_girl_(ryosios) steampunk gears single_mechanical_eye mechanical_hands haru_(ryosios) mechanical_eyes,机甲/军事题材 · 自然/风景 · 科幻/机甲 · 特效/后期 · 场景插画,https://danbooru.donmai.us/artists/545841
1437371,nakabayashi_zun,592,200,全年龄向,0.0,同人角色专精,同人为主,男性主体,军事/枪械/奇幻/魔法,,肖像/半身,fire_emblem|fire_emblem_heroes|fire_emblem:_three_houses,fire_emblem fire_emblem_heroes fire_emblem:_three_houses fire_emblem_fates fire_emblem_awakening fire_emblem:_the_sacred_stones fire_emblem:_the_blazing_blade hector_(fire_emblem),同人角色专精 · 军事/枪械 · 奇幻/魔法 · 肖像/半身 · 同人为主,https://danbooru.donmai.us/artists/1437371
1326437,suwa_yasai,591,200,全年龄向,0.005,综合向插画师,同人为主,群像/多人,兽耳/亚人/日常/治愈,漫画分镜/单色/灰度,漫画/多格,trickcal|touhou|touhou_lostword,trickcal komeiji_koishi disembodied_linked_eye numbered_panels fewer_digits komeiji_satori chibi touhou,综合向插画师 · 兽耳/亚人 · 日常/治愈 · 漫画分镜 · 漫画/多格,https://danbooru.donmai.us/artists/1326437
1605244,kuroi_suna,591,200,情色向,0.39,R18情色向画师,同人为主,群像/多人,裸体/暴露/泳装/内衣,单色/灰度/特效/后期,俯视/仰视,hololive|nijisanji|blue_archive,hololive virtual_youtuber nijisanji yuuki_sakuna vspo! uncensored marina_(qipao)_(blue_archive) marina_(blue_archive),情色向 · R18情色向画师 · 裸体/暴露 · 泳装/内衣 · 单色/灰度 · 俯视/仰视,https://danbooru.donmai.us/artists/1605244
692192,rosuuri,591,200,全年龄向,0.0,综合向插画师,同人为主,群像/多人,自然/风景/泳装/内衣,特效/后期/漫画分镜,单人立绘,atelier_live|hololive|hololive_english,pinku_(vtuber) atelier_live cheshire_(rosuuri) virtual_youtuber web_address watermark artist_name hololive,综合向插画师 · 自然/风景 · 泳装/内衣 · 特效/后期 · 单人立绘,https://danbooru.donmai.us/artists/692192
680793,tata_(tataice),591,200,轻度色气,0.235,传统手绘媒介,同人为主,男性主体,裸体/暴露/泳装/内衣,线稿/速写/素描/炭笔,姿势/动态,love_live!|love_live!_nijigasaki_high_school_idol_club|love_live!_nijigasaki_high_school_idol_club_the_movie_-_finale,love_live!_nijigasaki_high_school_idol_club love_live! miyashita_ai nijigasaki_school_uniform mifune_shioriko osaka_shizuku summer_uniform love_live!_nijigasaki_high_school_idol_club_the_movie_-_finale,传统手绘媒介 · 裸体/暴露 · 泳装/内衣 · 线稿/速写 · 姿势/动态,https://danbooru.donmai.us/artists/680793
1465729,watanon_(gakushokutei),591,200,情色向,0.405,R18情色向画师,同人为主,女性主体,裸体/暴露/校园,漫画分镜,姿势/动态,kantai_collection|gochuumon_wa_usagi_desu_ka?|blue_archive,kantai_collection loli yamakaze_(kancolle) kafuu_chino gochuumon_wa_usagi_desu_ka? hibiki_(kancolle) flat_cap inazuma_(kancolle),情色向 · R18情色向画师 · 裸体/暴露 · 校园 · 漫画分镜 · 姿势/动态,https://danbooru.donmai.us/artists/1465729
1629929,shitacemayo,591,200,全年龄向,0.0,奇幻/魔法题材,同人为主,群像/多人,兽耳/亚人/奇幻/魔法,漫画分镜/单色/灰度,漫画/多格,touhou|nintendo|world_cup,clownpiece polka_dot_headwear american_flag_dress touhou jester_cap neck_ruff american_flag_print american_flag,奇幻/魔法题材 · 兽耳/亚人 · 奇幻/魔法 · 漫画分镜 · 漫画/多格,https://danbooru.donmai.us/artists/1629929
1402580,mitsuba_choco,591,200,轻度色气,0.01,原创角色设计师,原创为主,群像/多人,泳装/内衣/自然/风景,特效/后期,俯视/仰视,melonbooks|dengeki_moeoh|azur_lane,kyuketsuki-chan_(mitsuba_choco) sister-chan_(mitsuba_choco) akuma-chan_(mitsuba_choco) tenshi-chan_(mitsuba_choco) cameltoe frilled_panties twitter_username crotch_seam,原创角色设计师 · 泳装/内衣 · 自然/风景 · 特效/后期 · 俯视/仰视,https://danbooru.donmai.us/artists/1402580
554258,yukie_(peach_candy),591,200,轻度色气,0.105,日常/治愈系,原创为主,男性主体,和风/自然/风景,,俯视/仰视,hoshi_furu_yoru_no_farnese|haconect|dengeki_moeoh,hoshi_furu_yoru_no_farnese etoile_terre farnese_atlas orihime_n._astil yves_klein jacqueline_sprenger donut_hair_bun multiple_hair_ribbons,日常/治愈系 · 和风 · 自然/风景 · 俯视/仰视 · 原创为主,https://danbooru.donmai.us/artists/554258
476800,abara_heiki,591,200,全年龄向,0.0,传统手绘媒介,同人为主,群像/多人,奇幻/魔法/兽耳/亚人,线稿/速写/素描/炭笔,肖像/半身,princess_connect!|hololive|hololive_english,princess_connect! kokkoro_(princess_connect!) sketch hololive karyl_(princess_connect!) elf virtual_youtuber monochrome,传统手绘媒介 · 奇幻/魔法 · 兽耳/亚人 · 线稿/速写 · 肖像/半身,https://danbooru.donmai.us/artists/476800
418886,subachi,590,200,情色向,0.31,奇幻/魔法题材,原创/同人混合,女性主体,裸体/暴露/神话/宗教,单色/灰度/漫画分镜,单人立绘,blue_archive|bocchi_the_rock!|princess_connect!,blue_archive miyu_(blue_archive) notched_ear kokona_(blue_archive) saki_(blue_archive) halo fumi-chan_(subachi) red_collar,情色向 · 奇幻/魔法题材 · 裸体/暴露 · 神话/宗教 · 单色/灰度 · 单人立绘,https://danbooru.donmai.us/artists/418886
1635201,na_tarapisu153,590,200,轻度色气,0.325,百合专精,同人为主,双人/CP,裸体/暴露/兽耳/亚人,单色/灰度/漫画分镜,漫画/多格,arknights|arknights:_endfield|blue_archive,arknights doctor_(arknights) mostima_(arknights) exusiai_(arknights) exusiai_the_new_covenant_(arknights) rosmontis_(arknights) male_doctor_(arknights) ambiguous_gender,百合专精 · 裸体/暴露 · 兽耳/亚人 · 单色/灰度 · 漫画/多格,https://danbooru.donmai.us/artists/1635201
1163915,amano_kouki,590,200,全年龄向,0.0,原创角色设计师,原创/同人混合,群像/多人,校园/兽耳/亚人,线稿/速写/素描/炭笔,差分/变体,kantai_collection|girls'_frontline|yu-gi-oh!,note-chan zuihou_(kancolle) kantai_collection nagant_revolver_(girls'_frontline) hachimaki cross_necklace single_elbow_glove fur-trimmed_dress,原创角色设计师 · 校园 · 兽耳/亚人 · 线稿/速写 · 差分/变体,https://danbooru.donmai.us/artists/1163915
684753,nekoume,590,200,全年龄向,0.0,综合向插画师,原创/同人混合,群像/多人,体型特征/和风,单色/灰度/漫画分镜,漫画/多格,umamusume|blue_archive|sunoharasou_no_kanrinin-san,nekoume-chan_(nekoume) sunoharasou_no_kanrinin-san sunohara_ayaka kiryuin_aoi shiina_aki umamusume hamburger-chan_(hundredburger) happy_meek_(umamusume),综合向插画师 · 体型特征 · 和风 · 单色/灰度 · 漫画/多格,https://danbooru.donmai.us/artists/684753
1448373,nyaha,590,200,全年龄向,0.0,原创角色设计师,原创为主,男性主体,和风/军事/枪械,单色/灰度,肖像/半身,fate/grand_order|fate_(series)|starbucks,animal_ear_fluff streaked_hair one_ear_down thighhighs_under_boots white_sleeves puffy_long_sleeves viy_(fate) fold-over_boots,原创角色设计师 · 和风 · 军事/枪械 · 单色/灰度 · 肖像/半身,https://danbooru.donmai.us/artists/1448373
1396667,mimikaki_(men_bow),590,200,全年龄向,0.095,原创角色设计师,原创为主,群像/多人,校园/裸体/暴露,漫画分镜,漫画/多格,idolmaster|gakuen_idolmaster|indie_virtual_youtuber,saegusa_kohagi_(mimikaki) kouhai-chan_(mimikaki) green_sailor_collar blue_neckerchief gakuen_idolmaster fujita_kotone kuramoto_china idolmaster,原创角色设计师 · 校园 · 裸体/暴露 · 漫画分镜 · 漫画/多格,https://danbooru.donmai.us/artists/1396667
1896577,kyuu_(plastic_night_q),590,200,硬核R18,0.615,R18情色向画师,同人为主,女性主体,裸体/暴露/兽耳/亚人,单色/灰度/漫画分镜,姿势/动态,arknights|arknights:_endfield|blue_archive,arknights arknights:_endfield w_(arknights) bar_censor wis'adel_(arknights) female_pubic_hair pubic_hair lappland_(arknights),硬核R18 · R18情色向画师 · 裸体/暴露 · 兽耳/亚人 · 单色/灰度 · 姿势/动态,https://danbooru.donmai.us/artists/1896577
1251707,maccha_(mochancc),590,200,全年龄向,0.0,综合向插画师,同人为主,群像/多人,自然/风景/音乐/偶像,复古/流行/特效/后期,设定/图解,touhou|vocaloid|wuthering_waves,weibo_watermark touhou nikki_(nikki) nikki_(series) infinity_nikki butterfly wuthering_waves bug,综合向插画师 · 自然/风景 · 音乐/偶像 · 复古/流行 · 设定/图解,https://danbooru.donmai.us/artists/1251707
551389,yutakasan-love,590,200,情色向,0.285,R18情色向画师,同人为主,女性主体,裸体/暴露/体型特征,,姿势/动态,touhou|kantai_collection|pokemon,uneven_eyes slit_pupils usada_hikaru di_gi_charat absurdly_fat_mons fat_mons touhou rosa_(pokemon),情色向 · R18情色向画师 · 裸体/暴露 · 体型特征 · 姿势/动态 · 同人为主,https://danbooru.donmai.us/artists/551389
1802832,coubalty,589,200,硬核R18,0.645,R18情色向画师,原创/同人混合,男性主体,裸体/暴露/配饰/首饰,,姿势/动态,hololive|hololive_english|indie_virtual_youtuber,orchid_(coubalty) uncensored pubic_hair female_pubic_hair twitter_username megalodon_(vtuber) nipples hololive,硬核R18 · R18情色向画师 · 裸体/暴露 · 配饰/首饰 · 姿势/动态 · 原创/同人混合,https://danbooru.donmai.us/artists/1802832
385845,masakichi_(crossroad),589,200,全年龄向,0.02,综合向插画师,同人为主,群像/多人,角色扮演/异装/校园,线稿/速写/单色/灰度,姿势/动态,sister_princess|lyrical_nanoha|ore_no_imouto_ga_konna_ni_kawaii_wake_ga_nai,sister_princess lyrical_nanoha ore_no_imouto_ga_konna_ni_kawaii_wake_ga_nai rabbit_ear_hairband mahou_shoujo_lyrical_nanoha gokou_ruri charlotte_dunois chikage_(sister_princess),综合向插画师 · 角色扮演/异装 · 校园 · 线稿/速写 · 姿势/动态,https://danbooru.donmai.us/artists/385845
1465767,isaki_(gomi),589,200,轻度色气,0.065,同人角色专精,同人为主,非人物/静物,兽耳/亚人/和风,单色/灰度/线稿/速写,差分/变体,touhou|idolmaster|idolmaster_cinderella_girls,touhou mizuhashi_parsee kaenbyou_rin himekaidou_hatate two_tails nekomata multiple_tails arm_warmers,同人角色专精 · 兽耳/亚人 · 和风 · 单色/灰度 · 差分/变体,https://danbooru.donmai.us/artists/1465767
422744,kumacchi,589,200,硬核R18,0.56,奇幻/魔法题材,同人为主,男性主体,奇幻/魔法/裸体/暴露,,姿势/动态,shugo_seijo_prism_saber,shugo_seijo_prism_saber amagi_mashiro shinomiya_rurina prism_saber_frisia prism_saber_est grabbed_by_tentacles magical_girl tachi-e,硬核R18 · 奇幻/魔法题材 · 奇幻/魔法 · 裸体/暴露 · 姿势/动态 · 同人为主,https://danbooru.donmai.us/artists/422744
1703591,nploser,589,200,全年龄向,0.0,BL/腐向专精,同人为主,男性主体,BL/腐向/兽耳/亚人,特效/后期/漫画分镜,肖像/半身,genshin_impact|touken_ranbu|the_legend_of_luo_xiaohei,kashagiri_(touken_ranbu) touken_ranbu taikogane_sadamune the_legend_of_luo_xiaohei tighnari_(genshin_impact) kashagiri's_cat_(touken_ranbu) ookurikara cyno_(genshin_impact),BL/腐向专精 · BL/腐向 · 兽耳/亚人 · 特效/后期 · 肖像/半身,https://danbooru.donmai.us/artists/1703591
1949919,idkuroi,589,200,全年龄向,0.0,兽耳/亚人专精,原创/同人混合,非人物/静物,兽人/furry/科幻/机甲,特效/后期/单色/灰度,俯视/仰视,pokemon|pokemon_legends:_arceus|sekaiju_no_meikyuu,kokubunji_suou mechanical_ears white_skin pokemon_(creature) noire_kooshe colored_skin furry_female pokemon,兽耳/亚人专精 · 兽人/furry · 科幻/机甲 · 特效/后期 · 俯视/仰视,https://danbooru.donmai.us/artists/1949919
662884,akayama_yukihe,589,200,全年龄向,0.0,综合向插画师,同人为主,女性主体,校园/泳装/内衣,特效/后期/光影/氛围,俯视/仰视,clannad|vocaloid|summer_pockets,clannad hikarizaka_private_high_school_uniform summer_pockets kasane_teto_(sv) kasane_teto little_busters!_school_uniform synthesizer_v utau,综合向插画师 · 校园 · 泳装/内衣 · 特效/后期 · 俯视/仰视,https://danbooru.donmai.us/artists/662884
1360988,tebi_(tbd11),588,200,全年龄向,0.0,综合向插画师,同人为主,群像/多人,泳装/内衣/校园,漫画分镜,差分/变体,kantai_collection|genshin_impact|twitter,kantai_collection eyebrows shigure_kai_ni_(kancolle) shigure_(kancolle) atago_(kancolle) tareme adapted_costume hamakaze_(kancolle),综合向插画师 · 泳装/内衣 · 校园 · 漫画分镜 · 差分/变体,https://danbooru.donmai.us/artists/1360988
1586283,non_(kumakawayusu),588,200,全年龄向,0.0,场景/背景插画师,同人为主,非人物/静物,兽人/furry/自然/风景,,单人立绘,pokemon|osomatsu-san|osomatsu_(series),pokemon_(creature) no_humans animal_focus pokemon pachirisu shiny_pokemon pokemon_focus alternate_color,场景/背景插画师 · 兽人/furry · 自然/风景 · 单人立绘 · 同人为主,https://danbooru.donmai.us/artists/1586283
668177,ran'ou_(tamago_no_kimi),588,200,全年龄向,0.0,原创角色设计师,原创为主,男性主体,泳装/内衣/军事/枪械,特效/后期,俯视/仰视,arknights|fire_emblem|fire_emblem:_the_blazing_blade,arknights louise_(fire_emblem) shinrabanshou fire_emblem:_the_blazing_blade quiver lingerie thighs selfie,原创角色设计师 · 泳装/内衣 · 军事/枪械 · 特效/后期 · 俯视/仰视,https://danbooru.donmai.us/artists/668177
381840,ai_takurou,588,200,全年龄向,0.0,单色线稿派,同人为主,群像/多人,和风/校园,单色/灰度/漫画分镜,漫画/多格,kantai_collection|touhou|umamusume,kantai_collection greyscale page_number monochrome admiral_(kancolle) comic trainer_(umamusume) checkered_kimono,单色线稿派 · 和风 · 校园 · 单色/灰度 · 漫画/多格,https://danbooru.donmai.us/artists/381840
704158,silly_(marinkomoe),588,200,情色向,0.465,R18情色向画师,同人为主,女性主体,裸体/暴露/体型特征,特效/后期/漫画分镜,姿势/动态,azur_lane|pokemon|pokemon_sword_and_shield,bremerton_(azur_lane) bremerton_(scorching-hot_training)_(azur_lane) marnie_(pokemon) azur_lane pokemon_sword_and_shield takarada_rikka ssss.gridman gridman_universe,情色向 · R18情色向画师 · 裸体/暴露 · 体型特征 · 特效/后期 · 姿势/动态,https://danbooru.donmai.us/artists/704158
1523088,shellvi,588,200,轻度色气,0.015,综合向插画师,同人为主,女性主体,泳装/内衣/体型特征,特效/后期,差分/变体,hololive|hololive_english|genshin_impact,artist_name final_fantasy_xiv au_ra warrior_of_light_(ff14) hololive_english mirai_(shellvi) hololive final_fantasy,综合向插画师 · 泳装/内衣 · 体型特征 · 特效/后期 · 差分/变体,https://danbooru.donmai.us/artists/1523088
1905086,saramiao-chan,588,200,全年龄向,0.0,同人角色专精,同人为主,群像/多人,兽人/furry/校园,单色/灰度/漫画分镜,肖像/半身,umamusume|pokemon|tomodachi_life,k.s.miracle_(umamusume) umamusume horse_girl horse_ears ear_covers horse_tail rose_kingdom_(umamusume) ear_flower,同人角色专精 · 兽人/furry · 校园 · 单色/灰度 · 肖像/半身,https://danbooru.donmai.us/artists/1905086
436258,nanashino,588,200,全年龄向,0.005,综合向插画师,同人为主,群像/多人,军事/枪械/兽耳/亚人,,俯视/仰视,world_witches_series|strike_witches|brave_witches,world_witches_series strike_witches charlotte_e._yeager brave_witches lynette_bishop francesca_lucchini gertrud_barkhorn erica_hartmann,综合向插画师 · 军事/枪械 · 兽耳/亚人 · 俯视/仰视 · 同人为主,https://danbooru.donmai.us/artists/436258
2097085,hero45439083942,587,200,全年龄向,0.05,百合专精,原创为主,群像/多人,兽耳/亚人/百合/GL,单色/灰度,肖像/半身,bang_dream!|bang_dream!_it's_mygo!!!!!|kimetsu_no_yaiba,bang_dream!_it's_mygo!!!!! bang_dream! shiina_mirei wakaba_muna togawa_hazuki yahata_riko nagasaki_anna takamatsu_shizuku,百合专精 · 兽耳/亚人 · 百合/GL · 单色/灰度 · 肖像/半身,https://danbooru.donmai.us/artists/2097085
1280374,taishi_(picchiridou),587,200,全年龄向,0.035,传统手绘媒介,原创/同人混合,男性主体,和风/泳装/内衣,线稿/速写/素描/炭笔,俯视/仰视,fate_(series)|fate/grand_order|granblue_fantasy,tsuru-chan_(taishi) menou_kaname_(taishi) medusa_(shingeki_no_bahamut) fate_(series) shingeki_no_bahamut medusa_(rider)_(fate) skin_tight medusa_(fate),传统手绘媒介 · 和风 · 泳装/内衣 · 线稿/速写 · 俯视/仰视,https://danbooru.donmai.us/artists/1280374
1597050,tonarikeru,587,200,全年龄向,0.0,综合向插画师,同人为主,群像/多人,兽耳/亚人/奇幻/魔法,漫画分镜/单色/灰度,肖像/半身,hololive|nijisanji|gakuen_idolmaster,hololive virtual_youtuber houshou_marine shiranui_flare shirogane_noel uruha_rushia oozora_subaru houshou_marine_(1st_costume),综合向插画师 · 兽耳/亚人 · 奇幻/魔法 · 漫画分镜 · 肖像/半身,https://danbooru.donmai.us/artists/1597050
1295017,r3dfive,587,200,全年龄向,0.02,综合向插画师,同人为主,非人物/静物,体型特征/兽人/furry,特效/后期/单色/灰度,设定/图解,pokemon|fire_emblem|fire_emblem_heroes,artist_logo logo red_lips artist_name fire_emblem lipstick sun_hee_(r3dfive) pokemon,综合向插画师 · 体型特征 · 兽人/furry · 特效/后期 · 设定/图解,https://danbooru.donmai.us/artists/1295017
1226320,papino,587,200,轻度色气,0.185,原创角色设计师,原创为主,女性主体,裸体/暴露/都市/街景,漫画分镜/拼贴/混合,姿势/动态,scp_foundation|vocaloid,escape_room scp_foundation speech_bubble spoken_heart censored_text room_you_can't_get_out_of_unless_you_x_(meme) labret_piercing orange_jumpsuit,原创角色设计师 · 裸体/暴露 · 都市/街景 · 漫画分镜 · 姿势/动态,https://danbooru.donmai.us/artists/1226320
1231193,ryuuzaki_ichi,586,200,全年龄向,0.0,BL/腐向专精,同人为主,男性主体,BL/腐向/军事/枪械,单色/灰度,单人立绘,arknights|ambience_synesthesia|arknights:_endfield,arknights transparent_background tachi-e virtuosa_(arknights) kjerag_logo snow_leopard_ears cow_boy snow_leopard_tail,BL/腐向专精 · BL/腐向 · 军事/枪械 · 单色/灰度 · 单人立绘,https://danbooru.donmai.us/artists/1231193
704278,kochiya_(gothope),586,200,轻度色气,0.04,综合向插画师,同人为主,女性主体,兽耳/亚人/裸体/暴露,特效/后期,姿势/动态,arknights|zenless_zone_zero|arknights:_endfield,arknights dagda_(arknights) beanstalk_(arknights) rockrock_(arknights) hyena_girl hyena_ears caper_(arknights) hyena_tail,综合向插画师 · 兽耳/亚人 · 裸体/暴露 · 特效/后期 · 姿势/动态,https://danbooru.donmai.us/artists/704278
402150,inuinui,586,200,全年龄向,0.0,单色线稿派,同人为主,群像/多人,和风/制服/职场,单色/灰度/漫画分镜,漫画/多格,touhou|alice_gear_aegis|persona,touhou onozuka_komachi shiki_eiki lyrica_prismriver lunasa_prismriver tsukumo_benben tsukumo_yatsuhashi merlin_prismriver,单色线稿派 · 和风 · 制服/职场 · 单色/灰度 · 漫画/多格,https://danbooru.donmai.us/artists/402150
1280578,yamamomo_(plank),586,200,全年龄向,0.0,同人角色专精,同人为主,群像/多人,校园/泳装/内衣,特效/后期,姿势/动态,voiceroid|a.i._voice|vocaloid,voiceroid touhoku_kiritan yuzuki_yukari a.i._voice yuzuki_yukari_(shizuku) kotonoha_aoi kotonoha_akane headgear,同人角色专精 · 校园 · 泳装/内衣 · 特效/后期 · 姿势/动态,https://danbooru.donmai.us/artists/1280578
396445,nishihara_isao,586,200,全年龄向,0.0,奇幻/魔法题材,原创/同人混合,男性主体,奇幻/魔法/BL/腐向,抽象/几何/线稿/速写,姿势/动态,pixiv_fantasia|pixiv_fantasia_sword_regalia|tales_of_(series),pixiv_fantasia pixiv_fantasia_sword_regalia oekaki judas_(tales) serini_(pixiv_fantasia) tales_of_destiny_2 tales_of_destiny androgynous,奇幻/魔法题材 · 奇幻/魔法 · BL/腐向 · 抽象/几何 · 姿势/动态,https://danbooru.donmai.us/artists/396445
579751,ayakashi_(monkeypanch),586,200,全年龄向,0.0,综合向插画师,同人为主,群像/多人,军事/枪械/校园,特效/后期/线稿/速写,肖像/半身,voicevox|voiceroid|touhou,zundamon voicevox voiceroid suspender_shorts green_shorts moriya_suwako blush_stickers no_nose,综合向插画师 · 军事/枪械 · 校园 · 特效/后期 · 肖像/半身,https://danbooru.donmai.us/artists/579751
1575784,sora_72-iro,586,200,情色向,0.015,奇幻/魔法题材,原创为主,群像/多人,奇幻/魔法/体型特征,,俯视/仰视,azur_lane|blue_archive|indie_virtual_youtuber,elf sora72iro_(vtuber) azur_lane huge_breasts revealing_clothes jk_elf_no_isekai_ninkatsu shinano_(azur_lane) frilled_garter,情色向 · 奇幻/魔法题材 · 奇幻/魔法 · 体型特征 · 俯视/仰视 · 原创为主,https://danbooru.donmai.us/artists/1575784
1811856,mimimi_(mimimim9999),585,200,全年龄向,0.0,BL/腐向专精,同人为主,男性主体,BL/腐向/奇幻/魔法,漫画分镜/线稿/速写,表情/表演,mario_(series)|paper_mario_(series)|super_paper_mario,luigi mario_(series) mario mustache blue_overalls overalls facial_hair paper_mario_(series),BL/腐向专精 · BL/腐向 · 奇幻/魔法 · 漫画分镜 · 表情/表演,https://danbooru.donmai.us/artists/1811856
1474361,likunea,584,200,情色向,0.26,兽耳/亚人专精,同人为主,女性主体,兽耳/亚人/裸体/暴露,,差分/变体,spice_and_wolf|wolf_and_parchment|pokemon,holo twitter_x_logo spice_and_wolf patreon_logo patreon_username zoom_layer wolf_girl wolf_tail,情色向 · 兽耳/亚人专精 · 兽耳/亚人 · 裸体/暴露 · 差分/变体 · 同人为主,https://danbooru.donmai.us/artists/1474361
451882,chicago-x,584,200,硬核R18,0.76,兽耳/亚人专精,同人为主,群像/多人,裸体/暴露/兽人/furry,漫画分镜,姿势/动态,digimon|bishoujo_senshi_sailor_moon|bishoujo_senshi_sailor_moon_supers,takenouchi_sora digimon yagami_hikari bishoujo_senshi_sailor_moon_supers juuban_elementary_school_uniform chibi_usa bar_censor adrien_agreste,硬核R18 · 兽耳/亚人专精 · 裸体/暴露 · 兽人/furry · 漫画分镜 · 姿势/动态,https://danbooru.donmai.us/artists/451882
402164,akino_sora,585,200,轻度色气,0.205,综合向插画师,原创/同人混合,群像/多人,裸体/暴露/奇幻/魔法,单色/灰度/特效/后期,肖像/半身,isekai_kita_no_de_sukebe_skill_de_zenryoku_ouka_shiyou_to_omou|isekai_kita_no_de_mahou_o_sukebe_na_koto_ni_riyou_shiyou_to_omou|blue_archive,isekai_kita_no_de_sukebe_skill_de_zenryoku_ouka_shiyou_to_omou isekai_kita_no_de_mahou_o_sukebe_na_koto_ni_riyou_shiyou_to_omou sakurai_sakuya sakurai-san_wa_kizuite_hoshii yahari_ore_no_seishun_lovecome_wa_machigatteiru. ragnarok_online sakkyun_(isekai_ouka) yuigahama_yui,综合向插画师 · 裸体/暴露 · 奇幻/魔法 · 单色/灰度 · 肖像/半身,https://danbooru.donmai.us/artists/402164
1414076,yamada_rei_(rou),584,200,全年龄向,0.0,单色线稿派,同人为主,群像/多人,军事/枪械/制服/职场,单色/灰度/漫画分镜,漫画/多格,kantai_collection|lawson|real_life,warspite_(kancolle) kantai_collection mini_crown ark_royal_(kancolle) half_up_braid kongou_(kancolle) admiral_(kancolle) off-shoulder_dress,单色线稿派 · 军事/枪械 · 制服/职场 · 单色/灰度 · 漫画/多格,https://danbooru.donmai.us/artists/1414076
1524054,z.taiga,584,200,硬核R18,0.605,R18情色向画师,同人为主,女性主体,裸体/暴露/兽耳/亚人,,单人立绘,blue_archive|azur_lane|neptune_(series),callisto_(greyeth) uncensored blue_archive cleft_of_venus atago_(space_atago)_(greyeth)_(azur_lane) pussy iris_heart_(neptunia) halo,硬核R18 · R18情色向画师 · 裸体/暴露 · 兽耳/亚人 · 单人立绘 · 同人为主,https://danbooru.donmai.us/artists/1524054
1500314,nasuno_(nasuno42),583,200,轻度色气,0.17,同人角色专精,同人为主,女性主体,裸体/暴露/泳装/内衣,,姿势/动态,love_live!|love_live!_nijigasaki_high_school_idol_club|love_live!_hasu_no_sora_jogakuin_school_idol_club,love_live!_nijigasaki_high_school_idol_club love_live! konoe_kanata mifune_shioriko yuki_setsuna asaka_karin sweaty_armpits love_live!_hasu_no_sora_jogakuin_school_idol_club,同人角色专精 · 裸体/暴露 · 泳装/内衣 · 姿势/动态 · 同人为主,https://danbooru.donmai.us/artists/1500314
1299041,gokuu_(acoloredpencil),583,200,轻度色气,0.215,综合向插画师,同人为主,群像/多人,兽耳/亚人/裸体/暴露,漫画分镜/线稿/速写,姿势/动态,touhou|umamusume|kirby_(series),touhou mob_cap yakumo_ran yakumo_yukari kitsune multiple_tails tabard blue_tabard,综合向插画师 · 兽耳/亚人 · 裸体/暴露 · 漫画分镜 · 姿势/动态,https://danbooru.donmai.us/artists/1299041
1277046,meth_(emethmeth),582,200,全年龄向,0.005,综合向插画师,原创/同人混合,群像/多人,校园/泳装/内衣,漫画分镜,肖像/半身,kantai_collection|arknights|guilty_gear,kantai_collection arknights dizzy_(guilty_gear) bismarck_(kancolle) guilty_gear mist_train_girls manticore_(arknights) guilty_gear_xx,综合向插画师 · 校园 · 泳装/内衣 · 漫画分镜 · 肖像/半身,https://danbooru.donmai.us/artists/1277046
1453364,goe_(g-o-e),582,200,硬核R18,0.525,R18情色向画师,同人为主,女性主体,裸体/暴露/神话/宗教,特效/后期/漫画分镜,姿势/动态,blue_archive|shoujo_kageki_revue_starlight|shoujo_kageki_revue_starlight_-re_live-,shoujo_kageki_revue_starlight tsuyuzaki_mahiru shoujo_kageki_revue_starlight_-re_live- blue_archive white_pupils bright_pupils halo nipples,硬核R18 · R18情色向画师 · 裸体/暴露 · 神话/宗教 · 特效/后期 · 姿势/动态,https://danbooru.donmai.us/artists/1453364
1632194,yoon_cook,582,200,全年龄向,0.0,场景/背景插画师,原创/同人混合,非人物/静物,神话/宗教/兽耳/亚人,特效/后期/漫画分镜,俯视/仰视,blue_archive|arknights|mahou_shoujo_no_majo_saiban,snout kayoko_(blue_archive) whiskers animal_focus three-toned_fur two-tone_fur blue_archive grey_halo,场景/背景插画师 · 神话/宗教 · 兽耳/亚人 · 特效/后期 · 俯视/仰视,https://danbooru.donmai.us/artists/1632194
1229159,izumi_sai,582,200,全年龄向,0.0,兽耳/亚人专精,同人为主,群像/多人,兽耳/亚人/自然/风景,光影/氛围/线稿/速写,单人立绘,hololive|vspo!|jingai_kyoshitsu_no_ningen_girai_kyoshi,ookami_mio hololive virtual_youtuber red_streaks jingai_kyoshitsu_no_ningen_girai_kyoshi nekota_tsuna hachi_(live_union) live_union,兽耳/亚人专精 · 兽耳/亚人 · 自然/风景 · 光影/氛围 · 单人立绘,https://danbooru.donmai.us/artists/1229159
1439823,mochizuki_shiina,581,200,全年龄向,0.0,综合向插画师,原创/同人混合,男性主体,BL/腐向/和风,单色/灰度/漫画分镜,俯视/仰视,karisome_no_shitsuji_to_koushaku_no_himegoto|genshin_impact|touhou,karisome_no_shitsuji_to_koushaku_no_himegoto annelise_(mochizuki_shiina) lucas_(mochizuki_shiina) zhongli_(genshin_impact) faust_(mochizuki_shiina) ezuki_luna liver_city genshin_impact,综合向插画师 · BL/腐向 · 和风 · 单色/灰度 · 俯视/仰视,https://danbooru.donmai.us/artists/1439823
650342,minashirazu,581,200,全年龄向,0.0,兽耳/亚人专精,同人为主,男性主体,BL/腐向/兽人/furry,单色/灰度/漫画分镜,表情/表演,breath_of_fire|pokemon|breath_of_fire_iv,breath_of_fire breath_of_fire_iv woren breath_of_fire_iii grassrunner rei_(breath_of_fire) yuna_(breath_of_fire) cait_sith_(ff7),兽耳/亚人专精 · BL/腐向 · 兽人/furry · 单色/灰度 · 表情/表演,https://danbooru.donmai.us/artists/650342
1566769,kokone_(coconeeeco),581,200,轻度色气,0.06,兽耳/亚人专精,同人为主,群像/多人,兽耳/亚人/神话/宗教,漫画分镜,姿势/动态,blue_archive|azur_lane|arknights,loli fumizuki_(azur_lane) blue_archive kisaragi_(azur_lane) suzuran_(arknights) mtu_virus natsu_(blue_archive) azur_lane,兽耳/亚人专精 · 兽耳/亚人 · 神话/宗教 · 漫画分镜 · 姿势/动态,https://danbooru.donmai.us/artists/1566769
1256175,cirenk,581,200,全年龄向,0.04,综合向插画师,同人为主,男性主体,体型特征/战斗/动作,单色/灰度/漫画分镜,表情/表演,street_fighter|tekken|street_fighter_6,tekken street_fighter kazama_asuka wrestling_outfit muscular_female chun-li wrestler muscular,综合向插画师 · 体型特征 · 战斗/动作 · 单色/灰度 · 表情/表演,https://danbooru.donmai.us/artists/1256175
670627,shintarou,580,200,情色向,0.285,综合向插画师,原创/同人混合,男性主体,裸体/暴露/泳装/内衣,特效/后期,俯视/仰视,haruru_minamo_ni!|prism_recollection!|melonbooks,haruru_minamo_ni! prism_recollection! matsufusa_ema yamagami_miori harugasaki_kanau hatagami_mei yuzuki_(shintarou) ibuki_asumi,情色向 · 综合向插画师 · 裸体/暴露 · 泳装/内衣 · 特效/后期 · 俯视/仰视,https://danbooru.donmai.us/artists/670627
1542028,shin'yashiki,580,200,硬核R18,0.83,R18情色向画师,同人为主,男性主体,裸体/暴露/体型特征,漫画分镜,姿势/动态,blue_archive|arknights|fate_(series),bar_censor hetero penis sex pubic_hair male_pubic_hair vaginal nipples,硬核R18 · R18情色向画师 · 裸体/暴露 · 体型特征 · 漫画分镜 · 姿势/动态,https://danbooru.donmai.us/artists/1542028
1417185,masanaga_(tsukasa),581,200,全年龄向,0.02,百合专精,同人为主,群像/多人,兽耳/亚人/百合/GL,单色/灰度/漫画分镜,漫画/多格,touhou|whispered_oracle_of_hakurei_shrine|dragon_ball,yakumo_ran touhou blue_tabard mob_cap yakumo_yukari toutetsu_yuuma tabard multiple_tails,百合专精 · 兽耳/亚人 · 百合/GL · 单色/灰度 · 漫画/多格,https://danbooru.donmai.us/artists/1417185
1389200,toshishikisai,580,200,情色向,0.195,R18情色向画师,同人为主,群像/多人,裸体/暴露/体型特征,,姿势/动态,fate_(series)|fate/kaleid_liner_prisma_illya|kono_subarashii_sekai_ni_shukufuku_wo!,fate/kaleid_liner_prisma_illya megumin prisma_illya illyasviel_von_einzbern kono_subarashii_sekai_ni_shukufuku_wo! shimakaze_(kancolle) fate_(series) micro_bikini,情色向 · R18情色向画师 · 裸体/暴露 · 体型特征 · 姿势/动态 · 同人为主,https://danbooru.donmai.us/artists/1389200
1552874,takatisakana,580,200,全年龄向,0.0,综合向插画师,同人为主,群像/多人,战斗/动作/校园,单色/灰度/漫画分镜,差分/变体,shy_(series)|lyrical_nanoha|mahou_shoujo_lyrical_nanoha_exceeds:_gun_blaze_vengeance,shy_(series) shy_(character) momijiyama_teru koishikawa_iko heart-shift_bracelets hooded_leotard dated eye_mask,综合向插画师 · 战斗/动作 · 校园 · 单色/灰度 · 差分/变体,https://danbooru.donmai.us/artists/1552874
624666,janong,580,200,硬核R18,0.86,R18情色向画师,同人为主,群像/多人,裸体/暴露/体型特征,,姿势/动态,yu-gi-oh!|fate/grand_order|fate_(series),pussy puffy_nipples mosaic_censoring nipples anus huge_breasts censored yu-gi-oh!,硬核R18 · R18情色向画师 · 裸体/暴露 · 体型特征 · 姿势/动态 · 同人为主,https://danbooru.donmai.us/artists/624666
1960085,shirocha_tei,579,200,全年龄向,0.0,综合向插画师,同人为主,群像/多人,兽耳/亚人/奇幻/魔法,线稿/速写/漫画分镜,肖像/半身,touhou|arknights|touhou_gensou_eclipse,watermark_grid arknights touhou_gensou_eclipse touhou twitter_username watermark frilled_hair_tubes one-hour_drawing_challenge,综合向插画师 · 兽耳/亚人 · 奇幻/魔法 · 线稿/速写 · 肖像/半身,https://danbooru.donmai.us/artists/1960085
2131011,horuhara,579,200,全年龄向,0.0,同人角色专精,同人为主,群像/多人,神话/宗教/战斗/动作,特效/后期/漫画分镜,漫画/多格,blue_archive|master_of_brushing|minecraft,smol_mari_(blue_archive)_(horuhara) mari_(blue_archive) polka_dot_pajamas no_nose yellow_halo pink_pajamas blue_archive pajamas,同人角色专精 · 神话/宗教 · 战斗/动作 · 特效/后期 · 漫画/多格,https://danbooru.donmai.us/artists/2131011
1360942,aengdohwa,579,200,全年龄向,0.0,综合向插画师,同人为主,群像/多人,兽耳/亚人/自然/风景,,差分/变体,genshin_impact|honkai:_star_rail|honkai_(series),genshin_impact honkai:_star_rail honkai_(series) wuthering_waves sandrone_(genshin_impact) vision_(genshin_impact) columbina_(genshin_impact) aemeath_(wuthering_waves),综合向插画师 · 兽耳/亚人 · 自然/风景 · 差分/变体 · 同人为主,https://danbooru.donmai.us/artists/1360942
758413,shouji_nigou,579,200,轻度色气,0.085,机甲/军事题材,同人为主,非人物/静物,科幻/机甲/裸体/暴露,单色/灰度/漫画分镜,俯视/仰视,amagami|idolmaster|idolmaster_cinderella_girls,kamizaki_risa amagami takagaki_kaede idolmaster_cinderella_girls kibito_high_school_uniform v-fin irokawa_suzune likexlove_irokawa_suzune,机甲/军事题材 · 科幻/机甲 · 裸体/暴露 · 单色/灰度 · 俯视/仰视,https://danbooru.donmai.us/artists/758413
1540993,haruyuki_(gffewuoutgblubh),578,200,全年龄向,0.0,传统手绘媒介,同人为主,群像/多人,神话/宗教/兽人/furry,线稿/速写/素描/炭笔,姿势/动态,idolmaster|blue_archive|idolmaster_shiny_colors,odaibako request_inset idolmaster_shiny_colors idolmaster kimi_no_koto_ga_dai_dai_dai_dai_daisuki_na_100-nin_no_kanojo komiya_kaho blue_archive .live,传统手绘媒介 · 神话/宗教 · 兽人/furry · 线稿/速写 · 姿势/动态,https://danbooru.donmai.us/artists/1540993
1433129,taka_(takahirokun),578,200,全年龄向,0.01,综合向插画师,同人为主,非人物/静物,体型特征/BL/腐向,单色/灰度/漫画分镜,肖像/半身,idolmaster|idolmaster_cinderella_girls|umamusume,nitta_minami idolmaster_cinderella_girls yuyushiki idolmaster hinata_yukari mike_haggar umamusume final_fight,综合向插画师 · 体型特征 · BL/腐向 · 单色/灰度 · 肖像/半身,https://danbooru.donmai.us/artists/1433129
692787,matsuda_yuusuke,578,200,轻度色气,0.1,像素/复古画师,同人为主,群像/多人,体型特征/裸体/暴露,单色/灰度/漫画分镜,漫画/多格,yuusha_to_maou|akuyome|denshi_yuugi_mokushiroku,yuusha_to_maou akuyome yome_(akuyome) maou_beluzel yonezawa_natsumi nise_maou_kanizeru yuusha_masatoshi denshi_yuugi_mokushiroku,像素/复古画师 · 体型特征 · 裸体/暴露 · 单色/灰度 · 漫画/多格,https://danbooru.donmai.us/artists/692787
2418849,yamari_(ya_mari_6363),578,200,全年龄向,0.0,BL/腐向专精,同人为主,男性主体,BL/腐向/自然/风景,漫画分镜,姿势/动态,mario_(series)|mario_&_luigi_rpg|mario_&_luigi:_superstar_saga,mario_&_luigi_rpg masanori_sato_(style) mario luigi mario_(series) mustache blue_overalls brothers,BL/腐向专精 · BL/腐向 · 自然/风景 · 漫画分镜 · 姿势/动态,https://danbooru.donmai.us/artists/2418849
1531418,tokkyu,578,200,全年龄向,0.0,综合向插画师,同人为主,群像/多人,音乐/偶像/自然/风景,特效/后期/单色/灰度,俯视/仰视,project_sekai|goddess_of_victory:_nikke|bang_dream!,shinonome_ena project_sekai snow_white_(nikke) bang_dream!_it's_mygo!!!!! bang_dream! misumi_uika grimlight goddess_of_victory:_nikke,综合向插画师 · 音乐/偶像 · 自然/风景 · 特效/后期 · 俯视/仰视,https://danbooru.donmai.us/artists/1531418
1638002,tonomiya68,578,200,全年龄向,0.06,漫画/剧情向,同人为主,男性主体,恋爱/情感/配饰/首饰,漫画分镜/单色/灰度,漫画/多格,honkai:_star_rail|honkai_(series)|zenless_zone_zero,caelus_(honkai:_star_rail) trailblazer_(honkai:_star_rail) honkai:_star_rail honkai_(series) the_herta_(honkai:_star_rail) herta_(honkai:_star_rail) hyacine_(honkai:_star_rail) comic,漫画/剧情向 · 恋爱/情感 · 配饰/首饰 · 漫画分镜 · 漫画/多格,https://danbooru.donmai.us/artists/1638002
1516984,pop_(electromagneticwave),578,200,全年龄向,0.02,奇幻/魔法题材,原创/同人混合,群像/多人,校园/奇幻/魔法,线稿/速写/单色/灰度,设定/图解,moetan|emil_chronicle_online|di_gi_charat,moetan nijihara_ink pastel_ink ah-kun emil_chronicle_online pen-kun duck loli,奇幻/魔法题材 · 校园 · 奇幻/魔法 · 线稿/速写 · 设定/图解,https://danbooru.donmai.us/artists/1516984
2727053,sirotate_gosha,577,200,硬核R18,0.845,R18情色向画师,同人为主,群像/多人,裸体/暴露/体型特征,漫画分镜,姿势/动态,honkai:_star_rail|honkai_(series)|genshin_impact,honkai:_star_rail honkai_(series) caelus_(honkai:_star_rail) trailblazer_(honkai:_star_rail) firefly_(honkai:_star_rail) mob_x_character hetero mosaic_censoring,硬核R18 · R18情色向画师 · 裸体/暴露 · 体型特征 · 漫画分镜 · 姿势/动态,https://danbooru.donmai.us/artists/2727053
1444599,mappaninatta,577,200,情色向,0.145,日常/治愈系,原创为主,群像/多人,日常/治愈/裸体/暴露,单色/灰度/光影/氛围,姿势/动态,azur_lane|teniireta_saimin_app_de_yume_no_harem_seikatsu_wo_okuritai|hololive,teniireta_saimin_app_de_yume_no_harem_seikatsu_wo_okuritai aisaka_matsuri pawahara_seijo agatsuma_saika honma_emu magmell_(pawahara_seijo) atago_(azur_lane) takao_(azur_lane),情色向 · 日常/治愈系 · 日常/治愈 · 裸体/暴露 · 单色/灰度 · 姿势/动态,https://danbooru.donmai.us/artists/1444599
553777,kita_senri,577,200,全年龄向,0.0,BL/腐向专精,同人为主,男性主体,战斗/动作/BL/腐向,,单人立绘,fire_emblem|fire_emblem_heroes|fire_emblem:_radiant_dawn,fire_emblem_heroes fire_emblem fire_emblem:_radiant_dawn fire_emblem:_path_of_radiance laguz_(fire_emblem) ike_(fire_emblem) fire_emblem:_the_blazing_blade uther_(fire_emblem),BL/腐向专精 · 战斗/动作 · BL/腐向 · 单人立绘 · 同人为主,https://danbooru.donmai.us/artists/553777
2137653,tro_(trombe),577,200,情色向,0.18,R18情色向画师,同人为主,非人物/静物,裸体/暴露/体型特征,,姿势/动态,touhou|kantai_collection|super_robot_wars,touhou nipples text_in_eyes onozuka_komachi inverted_nipples super_robot_wars huge_breasts kantai_collection,情色向 · R18情色向画师 · 裸体/暴露 · 体型特征 · 姿势/动态 · 同人为主,https://danbooru.donmai.us/artists/2137653
518295,po-ju,577,200,情色向,0.425,BL/腐向专精,原创为主,男性主体,BL/腐向/角色扮演/异装,单色/灰度/线稿/速写,漫画/多格,natsuyasumi.|plawres_sanshirou|space_adventure_cobra,trap yaoi pointless_censoring male_penetrated bulge natsuki_(natsuyasumi.) natsuyasumi. crossdressing_(mtf),情色向 · BL/腐向专精 · BL/腐向 · 角色扮演/异装 · 单色/灰度 · 漫画/多格,https://danbooru.donmai.us/artists/518295
515047,yuuka_nonoko,576,200,全年龄向,0.0,日常/治愈系,同人为主,群像/多人,和风/自然/风景,特效/后期/光影/氛围,场景插画,touhou|vocaloid|project_sekai,touhou vocaloid hatsune_miku hakurei_reimu hanatan yuki_miku project_sekai yellow_ascot,日常/治愈系 · 和风 · 自然/风景 · 特效/后期 · 场景插画,https://danbooru.donmai.us/artists/515047
1783325,moral_cacoethes,576,200,硬核R18,0.705,R18情色向画师,同人为主,群像/多人,裸体/暴露/体型特征,漫画分镜,姿势/动态,hololive|hololive_english|indie_virtual_youtuber,hololive_english hololive virtual_youtuber gawr_gura shark_tail uncensored fish_tail heart-shaped_pupils,硬核R18 · R18情色向画师 · 裸体/暴露 · 体型特征 · 漫画分镜 · 姿势/动态,https://danbooru.donmai.us/artists/1783325
1673840,iwao178,576,200,硬核R18,0.64,综合向插画师,同人为主,群像/多人,体型特征/裸体/暴露,单色/灰度/漫画分镜,表情/表演,bleach|bleach:_sennen_kessen-hen|one-punch_man,inoue_orihime bleach bleach:_sennen_kessen-hen cheating_(relationship) fubuki_(one-punch_man) matsumoto_rangiku one-punch_man huge_breasts,硬核R18 · 综合向插画师 · 体型特征 · 裸体/暴露 · 单色/灰度 · 表情/表演,https://danbooru.donmai.us/artists/1673840
1055655,gearous,576,200,全年龄向,0.005,BL/腐向专精,同人为主,双人/CP,BL/腐向/中式,,差分/变体,grandmaster_of_demonic_cultivation|heaven_official's_blessing|yuri!!!_on_ice,grandmaster_of_demonic_cultivation wei_wuxian lan_wangji xiao_guan_(headdress) black_hanfu white_hanfu hanfu bishounen,BL/腐向专精 · BL/腐向 · 中式 · 差分/变体 · 同人为主,https://danbooru.donmai.us/artists/1055655
1599654,shi_chimi,576,200,全年龄向,0.0,同人角色专精,同人为主,群像/多人,自然/风景/和风,单色/灰度/漫画分镜,漫画/多格,touhou|embodiment_of_scarlet_devil|reitaisai,touhou kirisame_marisa hakurei_reimu alice_margatroid frilled_hair_tubes hair_tubes frilled_bow skirt_set,同人角色专精 · 自然/风景 · 和风 · 单色/灰度 · 漫画/多格,https://danbooru.donmai.us/artists/1599654
1788559,scarlet_(wv0102),576,200,全年龄向,0.02,综合向插画师,同人为主,女性主体,泳装/内衣/制服/职场,,姿势/动态,hololive|hololive_english|hololive_dev_is,hololive virtual_youtuber natsuiro_matsuri_(matsuri's_day_off) natsuiro_matsuri hololive_english nakiri_ayame ninomae_ina'nis koseki_bijou,综合向插画师 · 泳装/内衣 · 制服/职场 · 姿势/动态 · 同人为主,https://danbooru.donmai.us/artists/1788559
382337,kimura_takahiro,576,200,轻度色气,0.055,综合向插画师,同人为主,群像/多人,制服/职场/裸体/暴露,赛璐璐/平涂,设定/图解,viper_(series)|sogna|viper_v16,viper_(series) honjoji_akira sogna viper_v16 variable_geo karin_(viper) saki_(viper) retro_artstyle,综合向插画师 · 制服/职场 · 裸体/暴露 · 赛璐璐/平涂 · 设定/图解,https://danbooru.donmai.us/artists/382337
1584576,helloimtea,576,200,全年龄向,0.005,综合向插画师,同人为主,双人/CP,自然/风景/泳装/内衣,,差分/变体,zenless_zone_zero|honkai:_star_rail|honkai_(series),patreon_username twitter_username zenless_zone_zero honkai:_star_rail honkai_(series) twitter_logo genshin_impact nephernya_(vtuber),综合向插画师 · 自然/风景 · 泳装/内衣 · 差分/变体 · 同人为主,https://danbooru.donmai.us/artists/1584576
2024125,aria_(koiiroharemoyou),576,200,情色向,0.42,综合向插画师,同人为主,男性主体,裸体/暴露/手足/局部,光影/氛围/线稿/速写,俯视/仰视,tenshi_souzou_re-boot!|maid_dolce|dracu-riot!,maid_dolce anto_mel tenshi_souzou_re-boot! dracu-riot! yarai_miu cafe_stella_to_shinigami_no_chou riddle_joker eyes_visible_through_hair,情色向 · 综合向插画师 · 裸体/暴露 · 手足/局部 · 光影/氛围 · 俯视/仰视,https://danbooru.donmai.us/artists/2024125
1689528,c_(theta),576,200,硬核R18,0.525,R18情色向画师,同人为主,男性主体,裸体/暴露/体型特征,漫画分镜/特效/后期,姿势/动态,idolmaster|idolmaster_million_live!|idolmaster_cinderella_girls,idolmaster_million_live! idolmaster toyokawa_fuka loli suou_momoko nanao_yuriko's_mother cleft_of_venus pussy,硬核R18 · R18情色向画师 · 裸体/暴露 · 体型特征 · 漫画分镜 · 姿势/动态,https://danbooru.donmai.us/artists/1689528
381968,kamiya_tomoe,576,200,轻度色气,0.04,综合向插画师,原创/同人混合,群像/多人,泳装/内衣/兽耳/亚人,,俯视/仰视,touhou|kantai_collection|macross,touhou hakurei_reimu pink_thighhighs hair_tubes striped_thighhighs variable_fighter_girls pink_panties flandre_scarlet,综合向插画师 · 泳装/内衣 · 兽耳/亚人 · 俯视/仰视 · 原创/同人混合,https://danbooru.donmai.us/artists/381968
1755689,zunkome,575,200,轻度色气,0.215,BL/腐向专精,原创/同人混合,男性主体,BL/腐向/军事/枪械,单色/灰度/漫画分镜,差分/变体,dark_souls_(series)|dark_souls_i|bloodborne,dark_sun_gwyndolin dark_souls_i dark_souls_(series) spiked_helmet gold_headwear bloodborne choir_set_(bloodborne) white_church_set_(bloodborne),BL/腐向专精 · BL/腐向 · 军事/枪械 · 单色/灰度 · 差分/变体,https://danbooru.donmai.us/artists/1755689
629687,sazanami_konami,575,200,全年龄向,0.0,单色线稿派,同人为主,群像/多人,日常/治愈/兽耳/亚人,单色/灰度/漫画分镜,漫画/多格,kantai_collection|moomin|twitter,muppo moomin solid_circle_pupils abyssal_ship mittens kantai_collection northern_ocean_princess sepia,单色线稿派 · 日常/治愈 · 兽耳/亚人 · 单色/灰度 · 漫画/多格,https://danbooru.donmai.us/artists/629687
1574421,monobe_yuri,575,200,硬核R18,0.83,百合专精,原创/同人混合,群像/多人,裸体/暴露/百合/GL,,姿势/动态,blue_archive|indie_virtual_youtuber|final_fantasy,excessive_pussy_juice pussy_juice female_ejaculation yuri cunnilingus anus fingering female_orgasm,硬核R18 · 百合专精 · 裸体/暴露 · 百合/GL · 姿势/动态 · 原创/同人混合,https://danbooru.donmai.us/artists/1574421
2152919,rourou_(been),575,200,硬核R18,0.525,R18情色向画师,原创/同人混合,男性主体,体型特征/裸体/暴露,漫画分镜,姿势/动态,wuthering_waves|blue_archive|sousou_no_frieren,rover_(wuthering_waves) female_rover_(wuthering_waves) wuthering_waves alternate_breast_size_(larger) huge_breasts orekko_(rourou_(been)) rio_(blue_archive) qiuyuan_(wuthering_waves),硬核R18 · R18情色向画师 · 体型特征 · 裸体/暴露 · 漫画分镜 · 姿势/动态,https://danbooru.donmai.us/artists/2152919
433614,atahuta,574,200,硬核R18,0.725,R18情色向画师,同人为主,群像/多人,裸体/暴露/体型特征,漫画分镜/单色/灰度,姿势/动态,hololive|nijisanji|hololive_english,hololive virtual_youtuber huge_breasts mosaic_censoring alternate_breast_size_(larger) nijisanji penis hetero,硬核R18 · R18情色向画师 · 裸体/暴露 · 体型特征 · 漫画分镜 · 姿势/动态,https://danbooru.donmai.us/artists/433614
627510,yudepii,574,200,全年龄向,0.08,兽耳/亚人专精,同人为主,群像/多人,兽耳/亚人/和风,单色/灰度/漫画分镜,姿势/动态,touhou|comiket_108|hololive,touhou imaizumi_kagerou niwatari_kutaka bird_wings kasodani_kyouko chick mitsugashira_enoko wolf_tail,兽耳/亚人专精 · 兽耳/亚人 · 和风 · 单色/灰度 · 姿势/动态,https://danbooru.donmai.us/artists/627510
417457,segami_daisuke,574,200,情色向,0.25,机甲/军事题材,同人为主,群像/多人,科幻/机甲/音乐/偶像,单色/灰度/漫画分镜,漫画/多格,persona|persona_3|devil_survivor_(series),aigis_(persona) persona_3 persona devil_survivor_(series) devil_survivor_1 persona_4:_the_ultimate_in_mayonaka_arena labrys_(persona) android,情色向 · 机甲/军事题材 · 科幻/机甲 · 音乐/偶像 · 单色/灰度 · 漫画/多格,https://danbooru.donmai.us/artists/417457
658174,tonpuu,574,200,全年龄向,0.0,原创角色设计师,原创为主,女性主体,兽耳/亚人/泳装/内衣,,俯视/仰视,umamusume|the_king_of_fighters|ryuuko_no_ken,log-mi_(tonpuu) pudding_(tonpuu) milk_(tonpuu) special_week_(umamusume) yuri_sakazaki ryuuko_no_ken umamusume spandex,原创角色设计师 · 兽耳/亚人 · 泳装/内衣 · 俯视/仰视 · 原创为主,https://danbooru.donmai.us/artists/658174
455152,morii_shizuki,573,200,全年龄向,0.01,综合向插画师,同人为主,男性主体,军事/枪械/BL/腐向,拼贴/混合/单色/灰度,姿势/动态,fate_(series)|fate/grand_order|fate/strange_fake,fate_(series) fate/grand_order ereshkigal_(fate) ishtar_(fate) richard_i_(fate) memories_off_yubikiri_no_kioku wang_liu_mei memories_off,综合向插画师 · 军事/枪械 · BL/腐向 · 拼贴/混合 · 姿势/动态,https://danbooru.donmai.us/artists/455152
528576,shinozuka_jouji,573,200,情色向,0.22,综合向插画师,同人为主,群像/多人,校园/裸体/暴露,单色/灰度/漫画分镜,姿势/动态,kantai_collection|k-on!|comic_shitsurakuten,kantai_collection comic_shitsurakuten large_areolae first_touch k-on! fletcher_(kancolle) kotobuki_tsumugi hirasawa_yui,情色向 · 综合向插画师 · 校园 · 裸体/暴露 · 单色/灰度 · 姿势/动态,https://danbooru.donmai.us/artists/528576
1433099,komakoma_(magicaltale),573,200,全年龄向,0.0,漫画/剧情向,同人为主,群像/多人,校园/日常/治愈,漫画分镜/线稿/速写,漫画/多格,kantai_collection|blue_archive|gakuen_idolmaster,kantai_collection blush_stickers admiral_(kancolle) comic akatsuki_(kancolle) |_| asashio_(kancolle) chibi,漫画/剧情向 · 校园 · 日常/治愈 · 漫画分镜 · 漫画/多格,https://danbooru.donmai.us/artists/1433099
1690042,fengling_(furin-jp),573,200,全年龄向,0.005,同人角色专精,同人为主,男性主体,角色扮演/异装/体型特征,,姿势/动态,boku_no_hero_academia|vigilante_-boku_no_hero_academia:_illegals-|zenless_zone_zero,hado_nejire boku_no_hero_academia green_bodysuit superhero_costume hair_horns multicolored_bodysuit blue_bodysuit yellow_gloves,同人角色专精 · 角色扮演/异装 · 体型特征 · 姿势/动态 · 同人为主,https://danbooru.donmai.us/artists/1690042
1427369,suihei_sen,573,200,情色向,0.33,原创角色设计师,原创为主,男性主体,BL/腐向/裸体/暴露,单色/灰度/漫画分镜,漫画/多格,umamusume|daihatsu|kantai_collection,hinano-san_(suihei_sen) onee-shota aroused shota age_difference greyscale kurahashi_tokiko_(suihei_sen) comic,情色向 · 原创角色设计师 · BL/腐向 · 裸体/暴露 · 单色/灰度 · 漫画/多格,https://danbooru.donmai.us/artists/1427369
2668791,m_hakase,573,200,硬核R18,0.945,R18情色向画师,同人为主,男性主体,裸体/暴露/泳装/内衣,,姿势/动态,hololive|hololive_dev_is,hololive otonose_kanade bar_censor hololive_dev_is virtual_youtuber musical_note_hair_ornament azki_(hololive) natsuiro_matsuri,硬核R18 · R18情色向画师 · 裸体/暴露 · 泳装/内衣 · 姿势/动态 · 同人为主,https://danbooru.donmai.us/artists/2668791
1516357,kkopoli,573,200,全年龄向,0.01,BL/腐向专精,同人为主,男性主体,BL/腐向/配饰/首饰,漫画分镜,差分/变体,genshin_impact|honkai:_star_rail|honkai_(series),venti_(genshin_impact) genshin_impact zhongli_(genshin_impact) scaramouche_(genshin_impact) furina_(genshin_impact) yaoi drop-shaped_pupils trap,BL/腐向专精 · BL/腐向 · 配饰/首饰 · 漫画分镜 · 差分/变体,https://danbooru.donmai.us/artists/1516357
1259958,sankakusui,572,200,全年龄向,0.0,综合向插画师,同人为主,女性主体,泳装/内衣/体型特征,,姿势/动态,fate_(series)|fate/grand_order|idolmaster,hip_focus fate/grand_order fate_(series) highleg_one-piece_swimsuit katsushika_hokusai_(fate) idolmaster competition_swimsuit shiny_skin,综合向插画师 · 泳装/内衣 · 体型特征 · 姿势/动态 · 同人为主,https://danbooru.donmai.us/artists/1259958
1298123,yakihebi,572,200,情色向,0.365,综合向插画师,原创/同人混合,女性主体,裸体/暴露/体型特征,漫画分镜/单色/灰度,姿势/动态,indie_virtual_youtuber|hinata_channel|nijisanji,renga_(yakihebi) nekoname_tuna loli hinata_channel nekomiya_hinata akatsuki_hayane yomogi_(monster_hunter) flat_chest,情色向 · 综合向插画师 · 裸体/暴露 · 体型特征 · 漫画分镜 · 姿势/动态,https://danbooru.donmai.us/artists/1298123
473399,metata,572,200,轻度色气,0.03,综合向插画师,原创/同人混合,女性主体,裸体/暴露/体型特征,线稿/速写/漫画分镜,姿势/动态,vocaloid|shantae_(series)|mario_(series),korone_(metata) qr_code shantae_(series) web_address ashley_(warioware) warioware flat_chest shantae,综合向插画师 · 裸体/暴露 · 体型特征 · 线稿/速写 · 姿势/动态,https://danbooru.donmai.us/artists/473399
540783,lockheart,572,200,轻度色气,0.145,综合向插画师,同人为主,群像/多人,裸体/暴露/和风,单色/灰度/线稿/速写,差分/变体,idolmaster|touhou|idolmaster_million_live!,idolmaster_million_live! sendai_hakurei_no_miko idolmaster idolmaster_million_live!_theater_days makabe_mizuki touhou sendai_hakurei_no_miko_(m.u.g.e.n) m.u.g.e.n,综合向插画师 · 裸体/暴露 · 和风 · 单色/灰度 · 差分/变体,https://danbooru.donmai.us/artists/540783
1387756,squchan,572,200,轻度色气,0.01,综合向插画师,同人为主,女性主体,兽耳/亚人/恐怖/猎奇,漫画分镜,俯视/仰视,indie_virtual_youtuber|genshin_impact|honkai:_star_rail,shyrei_faolan patreon_username alheitrakzoth web_address shylily vyugen indie_virtual_youtuber whisker_markings,综合向插画师 · 兽耳/亚人 · 恐怖/猎奇 · 漫画分镜 · 俯视/仰视,https://danbooru.donmai.us/artists/1387756
2550370,akaneya_(akaneya1484),572,200,全年龄向,0.0,同人角色专精,同人为主,男性主体,BL/腐向/配饰/首饰,单色/灰度,肖像/半身,genshin_impact|honkai:_star_rail|honkai_(series),genshin_impact watermark watermark_grid dehya_(genshin_impact) twitter_username albedo_(genshin_impact) dated arataki_itto,同人角色专精 · BL/腐向 · 配饰/首饰 · 单色/灰度 · 肖像/半身,https://danbooru.donmai.us/artists/2550370
1262824,miazi,572,200,硬核R18,0.94,R18情色向画师,同人为主,群像/多人,裸体/暴露/战斗/动作,漫画分镜,姿势/动态,genshin_impact|honkai:_star_rail|honkai_(series),rape defloration mosaic_censoring fanbox_username sex group_sex defeat honkai:_star_rail,硬核R18 · R18情色向画师 · 裸体/暴露 · 战斗/动作 · 漫画分镜 · 姿势/动态,https://danbooru.donmai.us/artists/1262824
1485483,ryota_(ry_o_ta),572,200,全年龄向,0.0,场景/背景插画师,原创/同人混合,非人物/静物,音乐/偶像/奇幻/魔法,特效/后期/漫画分镜,俯视/仰视,bishoujo_senshi_sailor_moon|one_piece|ojamajo_doremi,object_focus themed_object food_focus signature no_humans footwear_focus food_art feet_only,场景/背景插画师 · 音乐/偶像 · 奇幻/魔法 · 特效/后期 · 俯视/仰视,https://danbooru.donmai.us/artists/1485483
2101257,amikoiiko,571,200,全年龄向,0.025,像素/复古画师,同人为主,男性主体,恋爱/情感/配饰/首饰,漫画分镜/特效/后期,差分/变体,ace_attorney|apollo_justice:_ace_attorney|fire_emblem,klavier_gavin apollo_justice:_ace_attorney ema_skye ace_attorney gyaruo mismatched_eyebrows initial index_ring,像素/复古画师 · 恋爱/情感 · 配饰/首饰 · 漫画分镜 · 差分/变体,https://danbooru.donmai.us/artists/2101257
1609216,oofushi_ao,571,200,全年龄向,0.0,同人角色专精,同人为主,群像/多人,校园/兽耳/亚人,漫画分镜/线稿/速写,漫画/多格,love_live!|love_live!_hasu_no_sora_jogakuin_school_idol_club|love_live!_nijigasaki_high_school_idol_club,love_live!_hasu_no_sora_jogakuin_school_idol_club hasu_no_sora_school_uniform love_live! hinoshita_kaho winter_uniform ceras_yanagida_lilienfeld momose_ginko chibi_only,同人角色专精 · 校园 · 兽耳/亚人 · 漫画分镜 · 漫画/多格,https://danbooru.donmai.us/artists/1609216
1898747,chahan_(fried_rice0614),571,200,全年龄向,0.0,同人角色专精,同人为主,女性主体,兽耳/亚人/和风,,单人立绘,touhou|unfinished_dream_of_all_living_ghost|fossilized_wonders,touhou two_tails kaenbyou_rin chibi multiple_tails skirt_set mob_cap slit_pupils,同人角色专精 · 兽耳/亚人 · 和风 · 单人立绘 · 同人为主,https://danbooru.donmai.us/artists/1898747
1669257,alterkyon,571,200,硬核R18,0.775,BL/腐向专精,原创/同人混合,男性主体,裸体/暴露/BL/腐向,漫画分镜/特效/后期,姿势/动态,magicorps_(alterkyon)|zenless_zone_zero|genshin_impact,tadakuni_(alterkyon) magicorps_(alterkyon) trap yaoi penis uncensored cum english_text,硬核R18 · BL/腐向专精 · 裸体/暴露 · BL/腐向 · 漫画分镜 · 姿势/动态,https://danbooru.donmai.us/artists/1669257
2396732,konsai_2,571,200,全年龄向,0.06,BL/腐向专精,原创/同人混合,男性主体,BL/腐向/体型特征,特效/后期/线稿/速写,肖像/半身,onmyoji|phantasy_star|phantasy_star_online_2,taishakuten_(onmyoji) asura_(onmyoji) onmyoji bishounen red_tattoo phantasy_star_online_2 phantasy_star yaoi,BL/腐向专精 · BL/腐向 · 体型特征 · 特效/后期 · 肖像/半身,https://danbooru.donmai.us/artists/2396732
1552894,xiaoxi0619,571,200,情色向,0.2,综合向插画师,原创/同人混合,女性主体,裸体/暴露/手足/局部,,姿势/动态,neverness_to_everness|blue_archive|girls'_frontline,neverness_to_everness jiuyuan_(nte) jiuyuan_(self-discipline_time)_(nte) klukai_(indigo_oath)_(girls'_frontline_2) shinku_(nte) holding_baton_(weapon) klukai_(girls'_frontline_2) hk416_(girls'_frontline),情色向 · 综合向插画师 · 裸体/暴露 · 手足/局部 · 姿势/动态 · 原创/同人混合,https://danbooru.donmai.us/artists/1552894
720992,medu_(rubish),571,200,全年龄向,0.01,BL/腐向专精,同人为主,男性主体,BL/腐向/制服/职场,单色/灰度/特效/后期,肖像/半身,project_moon|lobotomy_corporation|limbus_company,project_moon lobotomy_corporation netzach_(project_moon) saibou_shinkyoku limbus_company kanou_aogu atou_haruki final_fantasy_viii,BL/腐向专精 · BL/腐向 · 制服/职场 · 单色/灰度 · 肖像/半身,https://danbooru.donmai.us/artists/720992
1688623,fluffydango,570,200,硬核R18,0.835,R18情色向画师,同人为主,男性主体,裸体/暴露/体型特征,漫画分镜,姿势/动态,danganronpa_(series)|pokemon|persona,perineum female_pubic_hair pubic_hair danganronpa_(series) anal_hair anus mosaic_censoring dark_anus,硬核R18 · R18情色向画师 · 裸体/暴露 · 体型特征 · 漫画分镜 · 姿势/动态,https://danbooru.donmai.us/artists/1688623
1465719,san-pon,570,200,全年龄向,0.0,奇幻/魔法题材,同人为主,双人/CP,奇幻/魔法/军事/枪械,线稿/速写,肖像/半身,lyrical_nanoha|mahou_shoujo_lyrical_nanoha_strikers|mahou_shoujo_lyrical_nanoha,lyrical_nanoha mahou_shoujo_lyrical_nanoha_strikers yagami_hayate lyrical_store mahou_shoujo_lyrical_nanoha_vivid takamachi_nanoha vivio mahou_shoujo_lyrical_nanoha,奇幻/魔法题材 · 奇幻/魔法 · 军事/枪械 · 线稿/速写 · 肖像/半身,https://danbooru.donmai.us/artists/1465719
1375728,kurata_rine,570,200,全年龄向,0.0,综合向插画师,原创/同人混合,双人/CP,兽耳/亚人/自然/风景,漫画分镜/线稿/速写,漫画/多格,indie_virtual_youtuber|umamusume|cherry_pop_(vocaloid),kurata_rine_(vtuber) indie_virtual_youtuber white_wings virtual_youtuber head_wings feathered_wings 2koma puffy_long_sleeves,综合向插画师 · 兽耳/亚人 · 自然/风景 · 漫画分镜 · 漫画/多格,https://danbooru.donmai.us/artists/1375728
701511,okiraku_nikku,570,200,情色向,0.095,R18情色向画师,同人为主,女性主体,裸体/暴露/泳装/内衣,线稿/速写/素描/炭笔,姿势/动态,kantai_collection|touhou|oshiro_project:re,one-hour_drawing_challenge kantai_collection string_panties nipples wedding_ring string_bra sparse_pubic_hair nagatsuki_(kancolle),情色向 · R18情色向画师 · 裸体/暴露 · 泳装/内衣 · 线稿/速写 · 姿势/动态,https://danbooru.donmai.us/artists/701511
686709,noya_makoto,570,200,全年龄向,0.09,百合专精,同人为主,群像/多人,兽耳/亚人/军事/枪械,单色/灰度/漫画分镜,漫画/多格,touhou|touhou_cannonball|vocaloid,remilia_scarlet touhou flandre_scarlet bat_wings izayoi_sakuya scarlet_devil_mansion tied_to_chair linear_hatching,百合专精 · 兽耳/亚人 · 军事/枪械 · 单色/灰度 · 漫画/多格,https://danbooru.donmai.us/artists/686709
514582,fujikawa,570,200,全年龄向,0.0,同人角色专精,同人为主,群像/多人,和风/校园,,单人立绘,kantai_collection|c2_kikan|lawson,kantai_collection transparent_background rigging torpedo_launcher adapted_turret burnt_clothes hayanami_(kancolle) kiyoshimo_kai_ni_(kancolle),同人角色专精 · 和风 · 校园 · 单人立绘 · 同人为主,https://danbooru.donmai.us/artists/514582
1309931,tamago_(yotsumi_works),569,200,全年龄向,0.0,漫画/剧情向,同人为主,群像/多人,历史/复古/军事/枪械,漫画分镜/单色/灰度,漫画/多格,kantai_collection|fate/grand_order|fate_(series),failure_penguin miss_cloud page_number kantai_collection kaga_(kancolle) short_side_ponytail fujimaru_ritsuka_(male) shiranui_(kancolle),漫画/剧情向 · 历史/复古 · 军事/枪械 · 漫画分镜 · 漫画/多格,https://danbooru.donmai.us/artists/1309931
403031,niina_ryou,569,200,全年龄向,0.0,百合专精,同人为主,双人/CP,百合/GL/恋爱/情感,单色/灰度/漫画分镜,漫画/多格,princess_principal|world_witches_series|valkyrie_drive,princess_principal ange_(princess_principal) dorothy_(princess_principal) tokonome_mamori valkyrie_drive valkyrie_drive_-mermaid- shikishima_mirei beatrice_(princess_principal),百合专精 · 百合/GL · 恋爱/情感 · 单色/灰度 · 漫画/多格,https://danbooru.donmai.us/artists/403031
1272631,missile228,569,200,全年龄向,0.0,原创角色设计师,原创为主,双人/CP,自然/风景/日常/治愈,光影/氛围/特效/后期,场景插画,alice's_adventures_in_wonderland|touhou|bang_dream!,gothic_architecture gothic_lolita lolita_fashion goth_fashion architecture cathedral purple_rose tower,原创角色设计师 · 自然/风景 · 日常/治愈 · 光影/氛围 · 场景插画,https://danbooru.donmai.us/artists/1272631
1581026,unime_seaflower,569,200,全年龄向,0.0,同人角色专精,同人为主,群像/多人,兽耳/亚人/战斗/动作,漫画分镜/特效/后期,漫画/多格,touhou|embodiment_of_scarlet_devil|minecraft,touhou one-hour_drawing_challenge onozuka_komachi matara_okina shiki_eiki orange_tabard niwatari_kutaka mob_cap,同人角色专精 · 兽耳/亚人 · 战斗/动作 · 漫画分镜 · 漫画/多格,https://danbooru.donmai.us/artists/1581026
2141460,e.c.ho,569,200,情色向,0.32,R18情色向画师,同人为主,女性主体,裸体/暴露/体型特征,,俯视/仰视,zenless_zone_zero|azur_lane|goddess_of_victory:_nikke,zenless_zone_zero remielle_dan yixuan_(zenless_zone_zero) azur_lane goddess_of_victory:_nikke ring_light_reflection mole_on_breast velina_airgid,情色向 · R18情色向画师 · 裸体/暴露 · 体型特征 · 俯视/仰视 · 同人为主,https://danbooru.donmai.us/artists/2141460
1607918,kaos_art,569,200,轻度色气,0.005,综合向插画师,同人为主,群像/多人,体型特征/兽人/furry,漫画分镜,设定/图解,pokemon|fire_emblem|xenoblade_chronicles_(series),patreon_username nagisa_(kaos_art) fire_emblem artist_name curvy huge_breasts pokemon xenoblade_chronicles_(series),综合向插画师 · 体型特征 · 兽人/furry · 漫画分镜 · 设定/图解,https://danbooru.donmai.us/artists/1607918
2336837,hans.b,569,200,情色向,0.46,R18情色向画师,原创/同人混合,男性主体,裸体/暴露/体型特征,单色/灰度/漫画分镜,姿势/动态,wuthering_waves|teikan_no_eve_bethel|pragmata,teikan_no_eve_bethel wuthering_waves verina_(wuthering_waves) loli maitoko_yuri youhu_(wuthering_waves) green_hairband bar_censor,情色向 · R18情色向画师 · 裸体/暴露 · 体型特征 · 单色/灰度 · 姿势/动态,https://danbooru.donmai.us/artists/2336837
1560452,todding,569,200,硬核R18,0.885,R18情色向画师,同人为主,群像/多人,裸体/暴露/体型特征,特效/后期/漫画分镜,表情/表演,mushoku_tensei|fate/grand_order|fate_(series),ghislaine_dedoldia futanari mushoku_tensei futa_with_female tail_ring animal_penis scar_on_stomach uncensored,硬核R18 · R18情色向画师 · 裸体/暴露 · 体型特征 · 特效/后期 · 表情/表演,https://danbooru.donmai.us/artists/1560452
1244782,tsukui_kachou,568,200,全年龄向,0.03,同人角色专精,同人为主,女性主体,泳装/内衣/校园,漫画分镜,差分/变体,kantai_collection|fate_(series)|mudan_tensai_wa_yurushimasen!,haruna_(kancolle) haruna_kai_ni_(kancolle) kantai_collection haruna_(2016_swimsuit)_(kancolle) headgear nontraditional_miko wedding_ring haruna_(christmas)_(kancolle),同人角色专精 · 泳装/内衣 · 校园 · 漫画分镜 · 差分/变体,https://danbooru.donmai.us/artists/1244782
1296160,haneru,568,200,轻度色气,0.095,百合专精,同人为主,群像/多人,手足/局部/自然/风景,单色/灰度/特效/后期,肖像/半身,himitsu_no_jugyou|azur_lane|girls'_frontline,himitsu_no_jugyou haori_haruki himino_seika shibari shibari_over_clothes red_rope azur_lane bound_legs,百合专精 · 手足/局部 · 自然/风景 · 单色/灰度 · 肖像/半身,https://danbooru.donmai.us/artists/1296160
1627007,meecosme,568,200,全年龄向,0.0,综合向插画师,同人为主,双人/CP,恋爱/情感/配饰/首饰,,单人立绘,cinderella_(disney_movie)|mickey_mouse_&_friends|duffy_and_friends,animification humanization cinderella_(disney_movie) genderswap contemporary duffy_and_friends walt_disney's_peter_pan mickey_mouse_&_friends,综合向插画师 · 恋爱/情感 · 配饰/首饰 · 单人立绘 · 同人为主,https://danbooru.donmai.us/artists/1627007
1598093,matrix16,568,200,全年龄向,0.035,综合向插画师,同人为主,女性主体,泳装/内衣/兽耳/亚人,,俯视/仰视,zenless_zone_zero|xenoblade_chronicles_(series)|xenoblade_chronicles_2,xenoblade_chronicles_2 pyra_(xenoblade) xenoblade_chronicles_(series) zenless_zone_zero core_crystal_(xenoblade) honkai:_star_rail honkai_(series) pyra_(pro_swimmer)_(xenoblade),综合向插画师 · 泳装/内衣 · 兽耳/亚人 · 俯视/仰视 · 同人为主,https://danbooru.donmai.us/artists/1598093
1279076,tenako_(mugu77),568,200,硬核R18,0.935,兽耳/亚人专精,同人为主,群像/多人,裸体/暴露/兽人/furry,漫画分镜,姿势/动态,pokemon|pokemon_(anime)|pokemon_black_and_white,veiny_penis loli mosaic_censoring veins penis surrounded_by_penises pokemon large_penis,硬核R18 · 兽耳/亚人专精 · 裸体/暴露 · 兽人/furry · 漫画分镜 · 姿势/动态,https://danbooru.donmai.us/artists/1279076
1286830,hanomido,567,200,全年龄向,0.0,单色线稿派,同人为主,群像/多人,军事/枪械/奇幻/魔法,单色/灰度/漫画分镜,漫画/多格,dungeon_de_ohanatsumi_nanka_yurushimasen!!|tensei_benki_ha_tsumi_ja_nai!!|blue_archive,dungeon_de_ohanatsumi_nanka_yurushimasen!! kenshi_(dungeon_de_ohanatsumi_nanka_yurushimasen!!) tensei_benki_ha_tsumi_ja_nai!! imp_(dungeon_de_ohanatsumi_nanka_yurushimasen!!) kelpie_(dungeon_de_ohanatsumi_nanka_yurushimasen!!) have_to_pee kelpie chibi,单色线稿派 · 军事/枪械 · 奇幻/魔法 · 单色/灰度 · 漫画/多格,https://danbooru.donmai.us/artists/1286830
1576658,jill_07km,568,200,全年龄向,0.0,同人角色专精,同人为主,群像/多人,自然/风景/兽耳/亚人,漫画分镜/单色/灰度,漫画/多格,touhou|touhou_lostword|unfinished_dream_of_all_living_ghost,touhou kirisame_marisa hakurei_reimu frilled_hair_tubes yellow_ascot hair_tubes hat_bow skirt_set,同人角色专精 · 自然/风景 · 兽耳/亚人 · 漫画分镜 · 漫画/多格,https://danbooru.donmai.us/artists/1576658
1376111,tateha_(marvelous_grace),567,200,情色向,0.035,兽耳/亚人专精,原创为主,群像/多人,兽耳/亚人/和风,特效/后期/线稿/速写,姿势/动态,dengeki_moeoh|melonbooks|kemono_friends,shiori_(tateha) kotone_(tateha) haru_(tateha) fox_tail fox_girl fox_ears animal_ear_fluff areolae,情色向 · 兽耳/亚人专精 · 兽耳/亚人 · 和风 · 特效/后期 · 姿势/动态,https://danbooru.donmai.us/artists/1376111
882256,tsukudani_norio,567,200,全年龄向,0.0,日常/治愈系,原创/同人混合,男性主体,校园/角色扮演/异装,单色/灰度/漫画分镜,漫画/多格,futaba-san_chi_no_kyoudai|noripro|idolmaster,futaba-san_chi_no_kyoudai futaba_neiko futaba_otohiro noripro inuyama_tamaki arikawa_hime himegoto trap,日常/治愈系 · 校园 · 角色扮演/异装 · 单色/灰度 · 漫画/多格,https://danbooru.donmai.us/artists/882256
668175,fuuen_(akagaminanoka),566,200,全年龄向,0.025,综合向插画师,同人为主,女性主体,校园/裸体/暴露,,差分/变体,kantai_collection|touhou|hololive,kantai_collection touhou rigging sazanami_(kancolle) cannon disembodied_linked_eye torpedo komeiji_koishi,综合向插画师 · 校园 · 裸体/暴露 · 差分/变体 · 同人为主,https://danbooru.donmai.us/artists/668175
608608,nakayama_miyuki,567,200,全年龄向,0.03,BL/腐向专精,同人为主,男性主体,BL/腐向/兽耳/亚人,漫画分镜/线稿/速写,漫画/多格,ensemble_stars!|shota_oni|genshin_impact,amagi_rinne amagi_hiiro shota_oni ensemble_stars! sawashiro_tsubaki shimizu_yuu_(shota_oni) brothers yaoi,BL/腐向专精 · BL/腐向 · 兽耳/亚人 · 漫画分镜 · 漫画/多格,https://danbooru.donmai.us/artists/608608
461866,mitsumomo_mamu,566,200,全年龄向,0.025,综合向插画师,同人为主,群像/多人,裸体/暴露/配饰/首饰,漫画分镜/特效/后期,差分/变体,gochuumon_wa_usagi_desu_ka?|da_capo|da_capo_iv,gochuumon_wa_usagi_desu_ka? kafuu_chino houjou_shiina da_capo_iv tippy_(gochiusa) da_capo hoto_cocoa tedeza_rize,综合向插画师 · 裸体/暴露 · 配饰/首饰 · 漫画分镜 · 差分/变体,https://danbooru.donmai.us/artists/461866
1229940,abandon_ranka,566,200,全年龄向,0.0,BL/腐向专精,原创/同人混合,男性主体,和风/BL/腐向,,单人立绘,touken_ranbu|genshin_impact|indie_virtual_youtuber,touken_ranbu midare_toushirou midare_toushirou_(kiwame) trap sode japanese_armor kote tsurumaru_kuninaga,BL/腐向专精 · 和风 · BL/腐向 · 单人立绘 · 原创/同人混合,https://danbooru.donmai.us/artists/1229940
1684634,sapphire_(nine),566,200,全年龄向,0.0,BL/腐向专精,同人为主,男性主体,BL/腐向/兽耳/亚人,单色/灰度/漫画分镜,肖像/半身,nijisanji|nijisanji_en|ensemble_stars!,alban_knox ensemble_stars! nijisanji_en nijisanji column_lineup sonny_brisko alien_stage mizi_(alien_stage),BL/腐向专精 · BL/腐向 · 兽耳/亚人 · 单色/灰度 · 肖像/半身,https://danbooru.donmai.us/artists/1684634
1403534,shiguma_(signalmass),566,200,全年龄向,0.0,漫画/剧情向,同人为主,群像/多人,自然/风景/兽耳/亚人,漫画分镜/单色/灰度,漫画/多格,touhou|jojo_no_kimyou_na_bouken|one_piece,multiple_4koma page_number touhou 4koma goutokuji_mike patchwork_clothes junko_(touhou) dalachi_(headdress),漫画/剧情向 · 自然/风景 · 兽耳/亚人 · 漫画分镜 · 漫画/多格,https://danbooru.donmai.us/artists/1403534
1591551,laserflip,566,200,硬核R18,0.76,R18情色向画师,同人为主,男性主体,裸体/暴露/手足/局部,漫画分镜,俯视/仰视,arknights|fate_(series)|elden_ring,flat_ass arknights mosaic_censoring long_labia skadi_(arknights) hoshiguma_(arknights) dark_anus muscular_female,硬核R18 · R18情色向画师 · 裸体/暴露 · 手足/局部 · 漫画分镜 · 俯视/仰视,https://danbooru.donmai.us/artists/1591551
1274832,ree_(re-19),565,200,全年龄向,0.0,百合专精,同人为主,群像/多人,百合/GL/日常/治愈,漫画分镜/单色/灰度,肖像/半身,bocchi_the_rock!|umamusume|hibike!_euphonium,yamada_ryo ijichi_nijika bocchi_the_rock! kasaki_nozomi yoroizuka_mizore liz_to_aoi_tori kitauji_high_school_uniform tokai_teio_(umamusume),百合专精 · 百合/GL · 日常/治愈 · 漫画分镜 · 肖像/半身,https://danbooru.donmai.us/artists/1274832
1402546,oosaka_kanagawa,565,200,全年龄向,0.03,同人角色专精,同人为主,群像/多人,军事/枪械/角色扮演/异装,线稿/速写/漫画分镜,设定/图解,girls_und_panzer|comiket_108|darkstalkers,girls_und_panzer kay_(girls_und_panzer) anchovy_(girls_und_panzer) nishizumi_maho american_flag_bikini flag_print_bikini emblem american_flag_print,同人角色专精 · 军事/枪械 · 角色扮演/异装 · 线稿/速写 · 设定/图解,https://danbooru.donmai.us/artists/1402546
1965503,hendra,564,200,全年龄向,0.045,同人角色专精,同人为主,男性主体,兽耳/亚人/角色扮演/异装,,肖像/半身,arknights|girls'_frontline|arknights:_endfield,arknights myrtle_(arknights) shaw_(arknights) m200_(girls'_frontline) artist_name notice_lines signature sussurro_(arknights),同人角色专精 · 兽耳/亚人 · 角色扮演/异装 · 肖像/半身 · 同人为主,https://danbooru.donmai.us/artists/1965503
1554610,dismaiden,564,200,全年龄向,0.0,日常/治愈系,同人为主,群像/多人,奇幻/魔法/泳装/内衣,漫画分镜/拼贴/混合,漫画/多格,sousou_no_frieren|boku_no_hero_academia|chainsaw_man,patreon_logo patreon_username aki-chan_(dismaiden) frieren sousou_no_frieren fern_(sousou_no_frieren) twitter_username boku_no_hero_academia,日常/治愈系 · 奇幻/魔法 · 泳装/内衣 · 漫画分镜 · 漫画/多格,https://danbooru.donmai.us/artists/1554610
382773,mr.romance,564,200,轻度色气,0.19,综合向插画师,同人为主,男性主体,裸体/暴露/军事/枪械,单色/灰度/漫画分镜,肖像/半身,ragnarok_online|fantasy_earth_zero|dr._slump,ragnarok_online kataasa-ko assassin_(ragnarok_online) priest_(ragnarok_online) alchemist_(ragnarok_online) bandages_over_clothes axe_assa whitemaria,综合向插画师 · 裸体/暴露 · 军事/枪械 · 单色/灰度 · 肖像/半身,https://danbooru.donmai.us/artists/382773
1036498,yajuu,564,200,全年龄向,0.0,百合专精,同人为主,群像/多人,百合/GL/恋爱/情感,漫画分镜,差分/变体,honkai:_star_rail|honkai_(series)|bang_dream!,stelle_(honkai:_star_rail) trailblazer_(honkai:_star_rail) honkai:_star_rail honkai_(series) firefly_(honkai:_star_rail) asta_(honkai:_star_rail) peppy_(honkai:_star_rail) chibi,百合专精 · 百合/GL · 恋爱/情感 · 漫画分镜 · 差分/变体,https://danbooru.donmai.us/artists/1036498
1591045,ryo_(botugo),564,200,轻度色气,0.06,原创角色设计师,原创为主,双人/CP,泳装/内衣/神话/宗教,,姿势/动态,dengeki_moeoh|alice's_adventures_in_wonderland|comiket_105,side-tie_panties white_panties panties green_panties nun dengeki_moeoh polka_dot_panties bow_panties,原创角色设计师 · 泳装/内衣 · 神话/宗教 · 姿势/动态 · 原创为主,https://danbooru.donmai.us/artists/1591045
1704402,difman,564,200,轻度色气,0.1,原创角色设计师,原创为主,群像/多人,手足/局部/体型特征,漫画分镜/单色/灰度,设定/图解,street_fighter|street_fighter_6|indie_virtual_youtuber,dif_(difman) luna_(difman) boxing_gloves boxing mole_on_foot stirrup_legwear toeless_legwear foot_focus,原创角色设计师 · 手足/局部 · 体型特征 · 漫画分镜 · 设定/图解,https://danbooru.donmai.us/artists/1704402
1905517,rnna,563,200,全年龄向,0.0,综合向插画师,原创/同人混合,双人/CP,自然/风景/科幻/机甲,特效/后期/单色/灰度,肖像/半身,va-11_hall-a|project_moon|tensei_oujo_to_tensai_reijou_no_mahou_kakumei,va-11_hall-a jill_stingray commissioner_name fore_(va-11_hall-a) dated ayn_(rnna) signature dana_zane,综合向插画师 · 自然/风景 · 科幻/机甲 · 特效/后期 · 肖像/半身,https://danbooru.donmai.us/artists/1905517
2520057,kojirou_(mesurf1),563,200,全年龄向,0.075,兽耳/亚人专精,原创/同人混合,男性主体,兽人/furry/体型特征,漫画分镜,漫画/多格,dc_comics|batman_(series)|pokemon,robin_(batrobin_k) dick_grayson robin_(dc) dc_comics domino_mask batman_(series) genderswap_(mtf) genderswap,兽耳/亚人专精 · 兽人/furry · 体型特征 · 漫画分镜 · 漫画/多格,https://danbooru.donmai.us/artists/2520057
1581426,suruga_(xsurugax),563,200,全年龄向,0.0,原创角色设计师,原创为主,群像/多人,体型特征/兽耳/亚人,,单人立绘,indie_virtual_youtuber|kerberos_blade|vallure,kanra_miwu huge_breasts indie_virtual_youtuber virtual_youtuber petra_nightmare gigantic_breasts seiichi_sin silvia_silvaster_(suruga),原创角色设计师 · 体型特征 · 兽耳/亚人 · 单人立绘 · 原创为主,https://danbooru.donmai.us/artists/1581426
1503000,btmr_game,563,200,全年龄向,0.0,BL/腐向专精,同人为主,男性主体,BL/腐向/军事/枪械,线稿/速写/单色/灰度,漫画/多格,persona|persona_5|persona_4,amamiya_ren persona persona_5 shuujin_academy_school_uniform joker_(persona_5) morgana_(persona_5) narukami_yu morgana_(cat)_(persona_5),BL/腐向专精 · BL/腐向 · 军事/枪械 · 线稿/速写 · 漫画/多格,https://danbooru.donmai.us/artists/1503000
1368648,ratatatat74,563,200,轻度色气,0.15,综合向插画师,原创/同人混合,群像/多人,体型特征/泳装/内衣,单色/灰度/漫画分镜,场景插画,boku_no_hero_academia|overwatch|chainsaw_man,boku_no_hero_academia mirko overwatch league_of_legends prosthetic_arm prosthesis chainsaw_man marvel_rivals,综合向插画师 · 体型特征 · 泳装/内衣 · 单色/灰度 · 场景插画,https://danbooru.donmai.us/artists/1368648
1415942,eisu_(eith),563,200,轻度色气,0.26,单色线稿派,原创为主,群像/多人,裸体/暴露/校园,单色/灰度/线稿/速写,姿势/动态,yama_no_susume|kagaku_chop|girls_und_panzer,harsha_(eisu) sepia yama_no_susume aoba_kokona berit_(eisu) mari_(eisu) suzuzono_sai kagaku_chop,单色线稿派 · 裸体/暴露 · 校园 · 单色/灰度 · 姿势/动态,https://danbooru.donmai.us/artists/1415942
1654920,mirai_hikari,562,200,情色向,0.115,综合向插画师,同人为主,群像/多人,体型特征/手足/局部,漫画分镜,俯视/仰视,genshin_impact|zenless_zone_zero|goddess_of_victory:_nikke,patreon_username ass_focus patreon_logo huge_ass tape_measure measuring genshin_impact mirai_(mirai_hikari),情色向 · 综合向插画师 · 体型特征 · 手足/局部 · 漫画分镜 · 俯视/仰视,https://danbooru.donmai.us/artists/1654920
699055,mleth,562,200,轻度色气,0.08,原创角色设计师,原创为主,女性主体,军事/枪械/泳装/内衣,单色/灰度/漫画分镜,姿势/动态,the_legend_of_zelda|the_legend_of_zelda:_tears_of_the_kingdom|metal_slug,brooke_(mleth) stina_(mleth) kim_(mleth) thea_(mleth) web_address freckles twitter_username cameltoe,原创角色设计师 · 军事/枪械 · 泳装/内衣 · 单色/灰度 · 姿势/动态,https://danbooru.donmai.us/artists/699055
1385237,kayabakoro,562,200,全年龄向,0.0,综合向插画师,同人为主,群像/多人,泳装/内衣/军事/枪械,赛璐璐/平涂/线稿/速写,差分/变体,girls_und_panzer|yurucamp|precure,girls_und_panzer anime_coloring itsumi_erika caesar_(girls_und_panzer) ooarai_military_uniform katyusha_(girls_und_panzer) yurucamp nishizumi_miho,综合向插画师 · 泳装/内衣 · 军事/枪械 · 赛璐璐/平涂 · 差分/变体,https://danbooru.donmai.us/artists/1385237
1325045,shamakho,562,200,全年龄向,0.0,综合向插画师,同人为主,群像/多人,泳装/内衣/自然/风景,拼贴/混合/单色/灰度,肖像/半身,love_live!|love_live!_hasu_no_sora_jogakuin_school_idol_club|love_live!_nijigasaki_high_school_idol_club,love_live! kenzen_kanojo_uruka-chan kamioosaki_uruka love_live!_hasu_no_sora_jogakuin_school_idol_club love_live!_nijigasaki_high_school_idol_club love_live!_sunshine!! otomune_kozue hasu_no_sora_school_uniform,综合向插画师 · 泳装/内衣 · 自然/风景 · 拼贴/混合 · 肖像/半身,https://danbooru.donmai.us/artists/1325045
2366021,ryeon_(naturesan),562,200,全年龄向,0.0,同人角色专精,同人为主,群像/多人,音乐/偶像/泳装/内衣,拼贴/混合/特效/后期,差分/变体,wuthering_waves|duet_night_abyss|neverness_to_everness,wuthering_waves zani_(wuthering_waves) tacet_mark_(wuthering_waves) phoebe_(wuthering_waves) danjin_(wuthering_waves) phrolova_(wuthering_waves) exercise_machine curled_horns,同人角色专精 · 音乐/偶像 · 泳装/内衣 · 拼贴/混合 · 差分/变体,https://danbooru.donmai.us/artists/2366021
375860,nakamura_takeshi,562,200,全年龄向,0.015,机甲/军事题材,原创/同人混合,非人物/静物,科幻/机甲/军事/枪械,单色/灰度,俯视/仰视,white_album_(series)|white_album_2|saenai_heroine_no_sodatekata,white_album_2 white_album_(series) saenai_heroine_no_sodatekata mecha touma_kazusa ogiso_setsuna aquaplus kasumigaoka_utaha,机甲/军事题材 · 科幻/机甲 · 军事/枪械 · 单色/灰度 · 俯视/仰视,https://danbooru.donmai.us/artists/375860
1235926,mobu,562,200,硬核R18,0.54,R18情色向画师,同人为主,女性主体,裸体/暴露/泳装/内衣,单色/灰度/特效/后期,姿势/动态,amagami|blue_archive|princess_connect!,amagami morishima_haruka nanasaki_ai saren_(princess_connect!) kibito_high_school_uniform saren_(sarasaria)_(princess_connect!) body_jewelry tachibana_miya,硬核R18 · R18情色向画师 · 裸体/暴露 · 泳装/内衣 · 单色/灰度 · 姿势/动态,https://danbooru.donmai.us/artists/1235926
1355458,kuroi_susumu,561,200,全年龄向,0.0,奇幻/魔法题材,同人为主,男性主体,奇幻/魔法/军事/枪械,单色/灰度,单人立绘,hololive|hololive_english|enigmatic_recollection,enigmatic_recollection hololive_english hololive sword_world_2.5 sword_world uneven_horns copyright_notice holoadvent,奇幻/魔法题材 · 奇幻/魔法 · 军事/枪械 · 单色/灰度 · 单人立绘,https://danbooru.donmai.us/artists/1355458
612928,madcocoon,561,200,全年龄向,0.055,单色线稿派,同人为主,群像/多人,角色扮演/异装/奇幻/魔法,单色/灰度/漫画分镜,漫画/多格,jingling_zhi_dan|fate_(series)|fate/apocrypha,jingling_zhi_dan chinese_text hidden_eyes web_address watermark flower_eyepatch greyscale comic,单色线稿派 · 角色扮演/异装 · 奇幻/魔法 · 单色/灰度 · 漫画/多格,https://danbooru.donmai.us/artists/612928
1267531,ouno_(nounai_disintegration),561,200,全年龄向,0.04,同人角色专精,同人为主,群像/多人,校园/角色扮演/异装,漫画分镜/特效/后期,漫画/多格,kantai_collection|pokemon|2channel,kantai_collection hibiki_(kancolle) flat_cap honeycomb_background honeycomb_(pattern) anchor_symbol fletcher_(kancolle)_(cosplay) fletcher_(kancolle),同人角色专精 · 校园 · 角色扮演/异装 · 漫画分镜 · 漫画/多格,https://danbooru.donmai.us/artists/1267531
692778,rento_(rukeai),561,200,全年龄向,0.0,综合向插画师,同人为主,男性主体,BL/腐向/神话/宗教,线稿/速写/素描/炭笔,姿势/动态,battle_spirits|saikyou_ginga_ultimate_zero_~battle_spirits~|shironeko_project,saikyou_ginga_ultimate_zero_~battle_spirits~ battle_spirits zero_the_flash ichibanboshi_no_rei zero_the_glint shironeko_project spiked_hair zero_the_hurricane,综合向插画师 · BL/腐向 · 神话/宗教 · 线稿/速写 · 姿势/动态,https://danbooru.donmai.us/artists/692778
622332,katagiri_hachigou,561,200,全年龄向,0.0,兽耳/亚人专精,同人为主,男性主体,兽人/furry/BL/腐向,,单人立绘,pokemon|final_fantasy|final_fantasy_xiv,personification pokemon shiny_pokemon milotic humanization legs_apart alternate_color lace-up_boots,兽耳/亚人专精 · 兽人/furry · BL/腐向 · 单人立绘 · 同人为主,https://danbooru.donmai.us/artists/622332
420161,yuizaki_kazuya,561,200,全年龄向,0.02,日常/治愈系,原创为主,男性主体,和风/日常/治愈,单色/灰度/漫画分镜,漫画/多格,blue_archive|mahou_shoujo_no_majo_saiban|indie_virtual_youtuber,mayu_(yuizaki_kazuya) hakama_pants greyscale comic monochrome unmoving_pattern camera_around_neck obi,日常/治愈系 · 和风 · 日常/治愈 · 单色/灰度 · 漫画/多格,https://danbooru.donmai.us/artists/420161
438861,ajishio,561,200,情色向,0.285,传统手绘媒介,同人为主,男性主体,裸体/暴露/泳装/内衣,线稿/速写/素描/炭笔,姿势/动态,voiceroid|vocaloid|granblue_fantasy,voiceroid dragon_providence yuzuki_yukari granblue_fantasy tsurumaki_maki kotonoha_akane draph narmaya_(granblue_fantasy),情色向 · 传统手绘媒介 · 裸体/暴露 · 泳装/内衣 · 线稿/速写 · 姿势/动态,https://danbooru.donmai.us/artists/438861
1245547,kasugai_(de-tteiu),561,200,全年龄向,0.0,兽耳/亚人专精,同人为主,群像/多人,兽人/furry/体型特征,漫画分镜/单色/灰度,漫画/多格,pokemon|kirby_(series)|ace_attorney,makhia_(kasugai_(de-tteiu)) regigigas personification maria_(kasugai_(de-tteiu)) eve_(kasugai_(de-tteiu)) maiden_(kasugai_(de-tteiu)) cartier_(kasugai_(de-tteiu)) arceus,兽耳/亚人专精 · 兽人/furry · 体型特征 · 漫画分镜 · 漫画/多格,https://danbooru.donmai.us/artists/1245547
1425991,sakura_yuki_(clochette),560,200,全年龄向,0.005,日常/治愈系,同人为主,男性主体,日常/治愈/制服/职场,特效/后期/线稿/速写,俯视/仰视,chibi_kyonyuu|blue_archive|mahjong_soul,chibi_kyonyuu kodama_sawa_(sakura_yuki) kodama_rin_(sakura_yuki) sapporo_beer taut_clothes soju scowl taut_shirt,日常/治愈系 · 日常/治愈 · 制服/职场 · 特效/后期 · 俯视/仰视,https://danbooru.donmai.us/artists/1425991
715984,batta_(ijigen_debris),560,200,全年龄向,0.0,漫画/剧情向,同人为主,群像/多人,军事/枪械/日常/治愈,漫画分镜/线稿/速写,漫画/多格,kemono_friends|kemono_friends_2|umamusume,kemono_friends 4koma kyururu_(kemono_friends) serval_(kemono_friends) kemono_friends_2 kaban_(kemono_friends) caracal_(kemono_friends) pith_helmet,漫画/剧情向 · 军事/枪械 · 日常/治愈 · 漫画分镜 · 漫画/多格,https://danbooru.donmai.us/artists/715984
14301,sadamoto_yoshiyuki,560,200,全年龄向,0.0,机甲/军事题材,同人为主,男性主体,科幻/机甲/军事/枪械,单色/灰度/线稿/速写,设定/图解,neon_genesis_evangelion|aoki_uru|flcl,neon_genesis_evangelion 1990s_(style) retro_artstyle interface_headset_(evangelion) production_note ikari_shinji reference_sheet aoki_uru,机甲/军事题材 · 科幻/机甲 · 军事/枪械 · 单色/灰度 · 设定/图解,https://danbooru.donmai.us/artists/14301
392792,sawao,560,200,硬核R18,0.54,R18情色向画师,同人为主,男性主体,体型特征/裸体/暴露,特效/后期/漫画分镜,俯视/仰视,resident_evil|the_king_of_fighters|galaxy_angel,forte_stollen resident_evil galaxy_angel jill_valentine the_king_of_fighters resident_evil_3:_nemesis lips kirigakure_shura,硬核R18 · R18情色向画师 · 体型特征 · 裸体/暴露 · 特效/后期 · 俯视/仰视,https://danbooru.donmai.us/artists/392792
1768605,ramkilog,560,200,硬核R18,0.715,R18情色向画师,同人为主,女性主体,裸体/暴露/体型特征,漫画分镜/特效/后期,姿势/动态,hololive|hololive_english|nijisanji,large_areolae nipple_indents hololive sound_effects virtual_youtuber nipple_rub alternate_breast_size_(larger) raised_inner_eyebrows,硬核R18 · R18情色向画师 · 裸体/暴露 · 体型特征 · 漫画分镜 · 姿势/动态,https://danbooru.donmai.us/artists/1768605
1863256,mugita_konomi,559,200,全年龄向,0.0,场景/背景插画师,同人为主,非人物/静物,兽人/furry/日常/治愈,漫画分镜/特效/后期,漫画/多格,pokemon|pokemon_pokopia|pokemon_(anime),pokemon_focus pokemon_(creature) pikachu pokemon animal_focus eevee no_humans brown_fur,场景/背景插画师 · 兽人/furry · 日常/治愈 · 漫画分镜 · 漫画/多格,https://danbooru.donmai.us/artists/1863256
1295761,mogu_(au1127),559,200,轻度色气,0.175,综合向插画师,同人为主,男性主体,裸体/暴露/兽耳/亚人,,姿势/动态,hololive|hololive_english|love_live!,ouro_kronii hololive_english ayase_eli hololive love_live!_school_idol_project raora_panthera love_live! panther_girl,综合向插画师 · 裸体/暴露 · 兽耳/亚人 · 姿势/动态 · 同人为主,https://danbooru.donmai.us/artists/1295761
599161,ham_(points),559,200,情色向,0.415,综合向插画师,同人为主,男性主体,裸体/暴露/体型特征,线稿/速写/漫画分镜,姿势/动态,kantai_collection|azur_lane|hololive,loli flat_chest gawr_gura black_border kantai_collection hatoba_tsugu tsugu_(vtuber) short_bangs,情色向 · 综合向插画师 · 裸体/暴露 · 体型特征 · 线稿/速写 · 姿势/动态,https://danbooru.donmai.us/artists/599161
1932914,coa_(chroo_x),559,200,全年龄向,0.0,同人角色专精,同人为主,群像/多人,兽耳/亚人/奇幻/魔法,线稿/速写/漫画分镜,漫画/多格,touhou|umamusume|embodiment_of_scarlet_devil,cirno ice_wings touhou ice daiyousei detached_wings pinafore_dress fairy_wings,同人角色专精 · 兽耳/亚人 · 奇幻/魔法 · 线稿/速写 · 漫画/多格,https://danbooru.donmai.us/artists/1932914
412351,oda_non,559,200,情色向,0.37,原创角色设计师,原创为主,群像/多人,裸体/暴露/制服/职场,漫画分镜/单色/灰度,漫画/多格,comic_x-eros|slave_fantasy|fate_(series),mature_female lips slave_fantasy comic_x-eros onee-shota teacher female_pubic_hair hetero,情色向 · 原创角色设计师 · 裸体/暴露 · 制服/职场 · 漫画分镜 · 漫画/多格,https://danbooru.donmai.us/artists/412351
1528510,kukumomo,559,200,硬核R18,0.64,BL/腐向专精,同人为主,双人/CP,BL/腐向/裸体/暴露,单色/灰度/漫画分镜,姿势/动态,the_legend_of_zelda|genshin_impact|final_fantasy,yaoi male_penetrated link the_legend_of_zelda pectorals male_pubic_hair pubic_hair penis,硬核R18 · BL/腐向专精 · BL/腐向 · 裸体/暴露 · 单色/灰度 · 姿势/动态,https://danbooru.donmai.us/artists/1528510
1351874,dora_ita,558,200,全年龄向,0.0,漫画/剧情向,同人为主,非人物/静物,日常/治愈/女仆/侍女,漫画分镜,漫画/多格,touhou|darkstalkers|little_red_riding_hood_(fairy_tale),touhou koakuma 4koma plaid_vest kazami_yuuka patchouli_knowledge disguise crescent_hat_ornament,漫画/剧情向 · 日常/治愈 · 女仆/侍女 · 漫画分镜 · 漫画/多格,https://danbooru.donmai.us/artists/1351874
1593643,solokitsune,559,200,全年龄向,0.025,综合向插画师,同人为主,男性主体,泳装/内衣/神话/宗教,漫画分镜/单色/灰度,姿势/动态,umamusume|blue_archive|arknights,umamusume horse_girl horse_ears narita_taishin_(umamusume) horse_tail ear_covers lucky_lilac_(umamusume) dream_journey_(umamusume),综合向插画师 · 泳装/内衣 · 神话/宗教 · 漫画分镜 · 姿势/动态,https://danbooru.donmai.us/artists/1593643
1487855,zd_(pixiv6210083),558,200,情色向,0.405,综合向插画师,同人为主,男性主体,裸体/暴露/泳装/内衣,,姿势/动态,boku_no_hero_academia|tales_of_(series)|tales_of_the_rays,toga_himiko boku_no_hero_academia tales_of_the_rays agria_(tales) tales_of_(series) tales_of_xillia tales_of_asteria jiro_kyoka,情色向 · 综合向插画师 · 裸体/暴露 · 泳装/内衣 · 姿势/动态 · 同人为主,https://danbooru.donmai.us/artists/1487855
1416527,kyuuba_melo,558,200,全年龄向,0.005,日常/治愈系,同人为主,男性主体,BL/腐向/和风,线稿/速写/单色/灰度,俯视/仰视,chainsaw_man|tokyo_ghoul|jujutsu_kaisen,tokyo_ghoul kaneki_ken tokyo_ghoul:re denji_(chainsaw_man) hayakawa_aki jujutsu_kaisen chainsaw_man kimetsu_no_yaiba,日常/治愈系 · BL/腐向 · 和风 · 线稿/速写 · 俯视/仰视,https://danbooru.donmai.us/artists/1416527
2174307,taikyoku_tsurugi,558,200,轻度色气,0.135,百合专精,同人为主,非人物/静物,体型特征/军事/枪械,漫画分镜/单色/灰度,漫画/多格,touhou|kamen_rider|kamen_rider_kuuga_(series),sendai_hakurei_no_miko kamen_rider_kuuga_(series) kamishirasawa_keine ex-keine kamen_rider xu-mevio-da touhou muscular_female,百合专精 · 体型特征 · 军事/枪械 · 漫画分镜 · 漫画/多格,https://danbooru.donmai.us/artists/2174307
1246290,randomboobguy,558,200,硬核R18,0.77,R18情色向画师,同人为主,男性主体,裸体/暴露/体型特征,光影/氛围/线稿/速写,俯视/仰视,pokemon|boku_no_hero_academia|avatar:_the_last_airbender,uncensored patreon_username web_address dated signature anus kizuna_ai_(a.i._games) avatar:_the_last_airbender,硬核R18 · R18情色向画师 · 裸体/暴露 · 体型特征 · 光影/氛围 · 俯视/仰视,https://danbooru.donmai.us/artists/1246290
631071,negresco,558,200,轻度色气,0.145,机甲/军事题材,同人为主,群像/多人,科幻/机甲/体型特征,单色/灰度/线稿/速写,差分/变体,xenosaga|xenoblade_chronicles_(series)|senki_zesshou_symphogear,xenosaga kos-mos senki_zesshou_symphogear xenosaga_episode_iii xenoblade_chronicles_(series) maria_cadenzavna_eve xenoblade_chronicles_2 t-elos,机甲/军事题材 · 科幻/机甲 · 体型特征 · 单色/灰度 · 差分/变体,https://danbooru.donmai.us/artists/631071
421371,nyama,558,200,轻度色气,0.245,综合向插画师,同人为主,群像/多人,裸体/暴露/兽耳/亚人,线稿/速写,姿势/动态,show_by_rock!!|high_school_fleet|jewelpet_(series),show_by_rock!! rosia_(show_by_rock!!) high_school_fleet valkrana_(sailor_cat) howan_(show_by_rock!!) cleft_of_venus misaki_akeno tsukino_(show_by_rock!!),综合向插画师 · 裸体/暴露 · 兽耳/亚人 · 线稿/速写 · 姿势/动态,https://danbooru.donmai.us/artists/421371
706658,yana_(nekoarashi),558,200,情色向,0.325,原创角色设计师,原创为主,非人物/静物,体型特征/裸体/暴露,赛璐璐/平涂/单色/灰度,单人立绘,indie_virtual_youtuber|pokemon|ishuzoku_reviewers,yagatake_arashi_(nekoarashi) futanari bulge testicles fantia_username yana_(vtuber) web_address grey_fur,情色向 · 原创角色设计师 · 体型特征 · 裸体/暴露 · 赛璐璐/平涂 · 单人立绘,https://danbooru.donmai.us/artists/706658
1540340,hioyami,558,200,轻度色气,0.02,综合向插画师,同人为主,双人/CP,泳装/内衣/体型特征,,肖像/半身,genshin_impact|zenless_zone_zero|marvel,patreon_username genshin_impact patreon_logo highleg_panties marvel_rivals stellar_blade highleg marvel,综合向插画师 · 泳装/内衣 · 体型特征 · 肖像/半身 · 同人为主,https://danbooru.donmai.us/artists/1540340
2110920,masoq,557,200,全年龄向,0.055,百合专精,同人为主,男性主体,体型特征/百合/GL,单色/灰度/漫画分镜,漫画/多格,marvel|marvel_rivals|jujutsu_kaisen,marvel marvel_rivals jujutsu_kaisen x-men magik_(x-men) spider-man muscular_female luna_snow,百合专精 · 体型特征 · 百合/GL · 单色/灰度 · 漫画/多格,https://danbooru.donmai.us/artists/2110920
478633,yumiya,557,200,全年龄向,0.03,单色线稿派,同人为主,群像/多人,战斗/动作/军事/枪械,单色/灰度/漫画分镜,漫画/多格,touhou|fate/grand_order|fate_(series),izayoi_sakuya touhou remilia_scarlet comic greyscale kamishirasawa_keine monochrome fujiwara_no_mokou,单色线稿派 · 战斗/动作 · 军事/枪械 · 单色/灰度 · 漫画/多格,https://danbooru.donmai.us/artists/478633
1748159,hanabusaoekaki,557,200,全年龄向,0.0,场景/背景插画师,同人为主,非人物/静物,兽人/furry/自然/风景,漫画分镜,俯视/仰视,pokemon|pokemon_(anime)|pokemon_cafe_remix,animal_focus pokemon_(creature) no_humans pokemon solid_oval_eyes pikachu natu jigglypuff,场景/背景插画师 · 兽人/furry · 自然/风景 · 漫画分镜 · 俯视/仰视,https://danbooru.donmai.us/artists/1748159
1465678,baku-p,557,200,全年龄向,0.06,奇幻/魔法题材,同人为主,群像/多人,奇幻/魔法/兽耳/亚人,单色/灰度/漫画分镜,漫画/多格,touhou|blue_archive|comiket_102,lily_black lily_white touhou fairy_wings cirno daiyousei hat_bow ice_wings,奇幻/魔法题材 · 奇幻/魔法 · 兽耳/亚人 · 单色/灰度 · 漫画/多格,https://danbooru.donmai.us/artists/1465678
1285474,capriccyo,557,200,全年龄向,0.0,同人角色专精,同人为主,群像/多人,校园/自然/风景,漫画分镜,漫画/多格,umamusume|blue_archive|gundam,umamusume air_groove_(umamusume) horse_ears horse_girl horse_tail original_race_uniform_(umamusume) race_bib twitter_username,同人角色专精 · 校园 · 自然/风景 · 漫画分镜 · 漫画/多格,https://danbooru.donmai.us/artists/1285474
3933,shigatake,557,200,全年龄向,0.0,兽耳/亚人专精,同人为主,群像/多人,兽人/furry/兽耳/亚人,漫画分镜/线稿/速写,漫画/多格,animal_crossing|fullbokko_heroes|juusan_kihei_bouei_ken,fullbokko_heroes isabelle_(animal_crossing) animal_crossing juusan_kihei_bouei_ken furry_female dated furry 4koma,兽耳/亚人专精 · 兽人/furry · 兽耳/亚人 · 漫画分镜 · 漫画/多格,https://danbooru.donmai.us/artists/3933
1255909,hagure_kedama,557,200,硬核R18,0.775,R18情色向画师,同人为主,女性主体,裸体/暴露/恐怖/猎奇,漫画分镜/线稿/速写,姿势/动态,touhou|vrchat|a.i._voice,touhou tokoami_(hagure_kedama) glansjob tickling bar_censor kaenbyou_rin spoken_heart penis,硬核R18 · R18情色向画师 · 裸体/暴露 · 恐怖/猎奇 · 漫画分镜 · 姿势/动态,https://danbooru.donmai.us/artists/1255909
485604,otosama,557,200,全年龄向,0.01,漫画/剧情向,同人为主,群像/多人,奇幻/魔法/战斗/动作,漫画分镜/单色/灰度,漫画/多格,journey_to_the_west|senki_survival_saga_-_isekai_no_unmei_wo_kaketa_mujintou_fujun_iseikouyuu|gundam,journey_to_the_west tang_sanzang yulong_(journey_to_the_west) sun_wukong zhu_bajie sha_wujing chinese_text senki_survival_saga_-_isekai_no_unmei_wo_kaketa_mujintou_fujun_iseikouyuu,漫画/剧情向 · 奇幻/魔法 · 战斗/动作 · 漫画分镜 · 漫画/多格,https://danbooru.donmai.us/artists/485604
1590807,tukino_neru,556,200,全年龄向,0.0,日常/治愈系,原创/同人混合,女性主体,自然/风景/校园,,俯视/仰视,azur_lane|kantai_collection|granblue_fantasy,azur_lane granblue_fantasy thighband_pantyhose asashio_(the_transfer_student_underneath_the_dancing_petals)_(azur_lane) ayanami_(azur_lane) asashio_(azur_lane) uruha_rushia_(1st_costume) perseus_(azur_lane),日常/治愈系 · 自然/风景 · 校园 · 俯视/仰视 · 原创/同人混合,https://danbooru.donmai.us/artists/1590807
1394481,iwamoto_eiri,556,200,全年龄向,0.0,单色线稿派,同人为主,男性主体,军事/枪械/战斗/动作,单色/灰度/线稿/速写,单人立绘,fate_(series)|fate/grand_order|kill_la_kill,minamoto_no_raikou_(fate) fate_(series) fate/grand_order shuten_douji_(fate) koyanskaya_(foreigner)_(first_ascension)_(fate) kill_la_kill skin-covered_horns matoi_ryuuko_(cosplay),单色线稿派 · 军事/枪械 · 战斗/动作 · 单色/灰度 · 单人立绘,https://danbooru.donmai.us/artists/1394481
1422051,suke_(singekijyosei),556,200,全年龄向,0.0,机甲/军事题材,同人为主,群像/多人,军事/枪械/和风,漫画分镜/单色/灰度,差分/变体,kantai_collection|line_(naver)|lawson,line_(naver) chat_log timestamp fake_phone_screenshot fake_screenshot kantai_collection hiryuu_(kancolle) zuikaku_(kancolle),机甲/军事题材 · 军事/枪械 · 和风 · 漫画分镜 · 差分/变体,https://danbooru.donmai.us/artists/1422051
757900,akisora,556,200,硬核R18,0.85,R18情色向画师,同人为主,群像/多人,裸体/暴露/体型特征,单色/灰度/漫画分镜,姿势/动态,danganronpa_(series)|danganronpa_v3:_killing_harmony|danganronpa:_trigger_happy_havoc,danganronpa_(series) danganronpa_v3:_killing_harmony danganronpa:_trigger_happy_havoc pubic_hair kirigiri_kyoko female_pubic_hair blacked_female queen_of_spades_symbol,硬核R18 · R18情色向画师 · 裸体/暴露 · 体型特征 · 单色/灰度 · 姿势/动态,https://danbooru.donmai.us/artists/757900
1859057,mujinbensin,556,200,轻度色气,0.17,综合向插画师,同人为主,群像/多人,裸体/暴露/神话/宗教,光影/氛围,差分/变体,hololive|hololive_english|blue_archive,hololive hololive_english nanashi_mumei virtual_youtuber hootsie_(nanashi_mumei) patreon_username nakiri_ayame animal_(nanashi_mumei),综合向插画师 · 裸体/暴露 · 神话/宗教 · 光影/氛围 · 差分/变体,https://danbooru.donmai.us/artists/1859057
1452144,task_(s_task80),556,200,全年龄向,0.0,单色线稿派,同人为主,群像/多人,校园/军事/枪械,线稿/速写/单色/灰度,设定/图解,kantai_collection|sentou_yousei_shoujo_tasukete_mave-chan|sentou_yousei_yukikaze,kantai_collection torpedo_launcher adapted_turret no_mouth lineart one-hour_drawing_challenge mast fubuki_(kancolle),单色线稿派 · 校园 · 军事/枪械 · 线稿/速写 · 设定/图解,https://danbooru.donmai.us/artists/1452144
1803983,rodong8,556,200,全年龄向,0.02,漫画/剧情向,同人为主,群像/多人,制服/职场/科幻/机甲,漫画分镜,漫画/多格,last_origin|soulworker|a_christmas_carol,last_origin commander_(last_origin) korean_text beard_stubble 4koma stubble ags_(last_origin) leprechaun_(last_origin),漫画/剧情向 · 制服/职场 · 科幻/机甲 · 漫画分镜 · 漫画/多格,https://danbooru.donmai.us/artists/1803983
599642,henshako,556,200,全年龄向,0.005,机甲/军事题材,同人为主,群像/多人,军事/枪械/科幻/机甲,漫画分镜/单色/灰度,漫画/多格,girls'_frontline|kantai_collection|blue_archive,girls'_frontline segmented_comic dr._strangelove the_simpsons commander_(girls'_frontline) kantai_collection terminator_(series) moe_(blue_archive),机甲/军事题材 · 军事/枪械 · 科幻/机甲 · 漫画分镜 · 漫画/多格,https://danbooru.donmai.us/artists/599642
666633,saraki,556,200,全年龄向,0.0,日常/治愈系,原创为主,群像/多人,日常/治愈/自然/风景,,俯视/仰视,hololive|world_dai_star|hololive_english,cat_girl_(saraki) lee_(saraki) signature world_dai_star vertical-striped_thighhighs single_kneehigh single_sock asymmetrical_legwear,日常/治愈系 · 日常/治愈 · 自然/风景 · 俯视/仰视 · 原创为主,https://danbooru.donmai.us/artists/666633
728029,yae_(mono110),556,200,全年龄向,0.0,传统手绘媒介,同人为主,群像/多人,自然/风景/校园,特效/后期/线稿/速写,肖像/半身,idolmaster|idolmaster_(classic)|idolmaster_million_live!,idolmaster_(classic) idolmaster amami_haruka idolmaster_million_live! futami_ami futami_mami gothic_wa_mahou_otome idolmaster_shiny_colors,传统手绘媒介 · 自然/风景 · 校园 · 特效/后期 · 肖像/半身,https://danbooru.donmai.us/artists/728029
1386637,sunna_(nilsunna),556,200,硬核R18,0.77,奇幻/魔法题材,原创为主,男性主体,裸体/暴露/奇幻/魔法,单色/灰度/线稿/速写,姿势/动态,elfheim|final_fantasy|final_fantasy_xiv,elfheim uncensored nil_sunna elf dated artist_name pussy friya_(lunetax),硬核R18 · 奇幻/魔法题材 · 裸体/暴露 · 奇幻/魔法 · 单色/灰度 · 姿势/动态,https://danbooru.donmai.us/artists/1386637
553574,feguimel,556,200,情色向,0.16,原创角色设计师,原创/同人混合,双人/CP,手足/局部/裸体/暴露,漫画分镜/线稿/速写,俯视/仰视,sousou_no_frieren|chainsaw_man|genshin_impact,miranda_(feguimel) aspen_(feguimel) karina_(feguimel) sue_(feguimel) clara_(feguimel) jamee_(feguimel) slime_(genshin_impact) foot_focus,情色向 · 原创角色设计师 · 手足/局部 · 裸体/暴露 · 漫画分镜 · 俯视/仰视,https://danbooru.donmai.us/artists/553574
1059638,moonlight_0423,555,200,全年龄向,0.0,漫画/剧情向,同人为主,群像/多人,配饰/首饰/BL/腐向,漫画分镜/单色/灰度,漫画/多格,fate_(series)|fate/grand_order|fate/stay_night,gilgamesh_(fate) saber_(fate) artoria_pendragon_(fate) gilgamesh_(immoral_biker_jacket)_(fate) gilgamesh_(caster)_(fate) fate_(series) ogata_hyakunosuke asirpa,漫画/剧情向 · 配饰/首饰 · BL/腐向 · 漫画分镜 · 漫画/多格,https://danbooru.donmai.us/artists/1059638
1297192,harunoha,555,200,情色向,0.215,同人角色专精,同人为主,女性主体,裸体/暴露/兽耳/亚人,漫画分镜,姿势/动态,touhou|touhou_gensou_eclipse|sunken_fossil_world,touhou komeiji_koishi disembodied_linked_eye rumia flandre_scarlet mob_cap diamond_button multicolored_wings,情色向 · 同人角色专精 · 裸体/暴露 · 兽耳/亚人 · 漫画分镜 · 姿势/动态,https://danbooru.donmai.us/artists/1297192
393471,akaneya,555,200,全年龄向,0.055,综合向插画师,同人为主,男性主体,兽耳/亚人/裸体/暴露,线稿/速写/特效/后期,单人立绘,indie_virtual_youtuber|touhou|yu-gi-oh!,chibi_only web_address twitter_username blush_stickers white_outline chibi outline outside_border,综合向插画师 · 兽耳/亚人 · 裸体/暴露 · 线稿/速写 · 单人立绘,https://danbooru.donmai.us/artists/393471
463070,tomokichi,555,200,全年龄向,0.02,奇幻/魔法题材,原创/同人混合,群像/多人,奇幻/魔法/战斗/动作,单色/灰度/漫画分镜,漫画/多格,hentai_elf_to_majime_orc|touhou|kantai_collection,hentai_elf_to_majime_orc libe_(hentai_elf_to_majime_orc) friden_(hentai_elf_to_majime_orc) orc village_chief_(hentai_elf_to_majime_orc) butterfly_hair_ornament libe's_sister_(hentai_elf_to_majime_orc) libe's_father_(hentai_elf_to_majime_orc),奇幻/魔法题材 · 奇幻/魔法 · 战斗/动作 · 单色/灰度 · 漫画/多格,https://danbooru.donmai.us/artists/463070
382673,nekomata_naomi,555,200,轻度色气,0.14,综合向插画师,同人为主,非人物/静物,裸体/暴露/泳装/内衣,单色/灰度/线稿/速写,姿势/动态,fate_(series)|fate/grand_order|idolmaster,hebi_nyoubou_(fate) hebi_nyoubou_(second_ascension)_(fate) fate/grand_order fate_(series) eyeliner blue_lips makeup hebi_nyoubou_(first_ascension)_(fate),综合向插画师 · 裸体/暴露 · 泳装/内衣 · 单色/灰度 · 姿势/动态,https://danbooru.donmai.us/artists/382673
382676,takahero,555,200,全年龄向,0.005,百合专精,同人为主,双人/CP,音乐/偶像/兽耳/亚人,漫画分镜/线稿/速写,漫画/多格,yuruyuri|blue_archive|ren'ai_hajimemashite,yuruyuri oomuro_sakurako furutani_himawari nanamori_school_uniform midori_(blue_archive) ren'ai_hajimemashite cat_ear_headphones koibana_ren'ai,百合专精 · 音乐/偶像 · 兽耳/亚人 · 漫画分镜 · 漫画/多格,https://danbooru.donmai.us/artists/382676
1602940,lumo_1121,555,200,全年龄向,0.0,传统手绘媒介,原创/同人混合,女性主体,兽耳/亚人/日常/治愈,线稿/速写/素描/炭笔,差分/变体,genshin_impact|zenless_zone_zero|indie_virtual_youtuber,genshin_impact zenless_zone_zero ganyu_(genshin_impact) eyelash_ornament furina_(genshin_impact) kirara_(genshin_impact) ganyu_(twilight_blossom)_(genshin_impact) drop-shaped_pupils,传统手绘媒介 · 兽耳/亚人 · 日常/治愈 · 线稿/速写 · 差分/变体,https://danbooru.donmai.us/artists/1602940
1468545,yan_kodiac,555,200,全年龄向,0.0,原创角色设计师,原创为主,女性主体,兽耳/亚人/泳装/内衣,,俯视/仰视,zenless_zone_zero|hololive|hololive_english,val_(yan_kodiac) hat_ring witch_hat ear_piercing nike_(company) piercing red_pantyhose callisto_(greyeth),原创角色设计师 · 兽耳/亚人 · 泳装/内衣 · 俯视/仰视 · 原创为主,https://danbooru.donmai.us/artists/1468545
931635,sameha_ikuya,554,200,情色向,0.11,机甲/军事题材,同人为主,女性主体,军事/枪械/自然/风景,漫画分镜,姿势/动态,kantai_collection|boku_no_hero_academia|toaru_kagaku_no_railgun,vehicle_and_personification warship kantai_collection ship military_vehicle watercraft personification historical_name_connection,情色向 · 机甲/军事题材 · 军事/枪械 · 自然/风景 · 漫画分镜 · 姿势/动态,https://danbooru.donmai.us/artists/931635
727601,erkaz,553,200,全年龄向,0.0,原创角色设计师,原创为主,群像/多人,体型特征/自然/风景,线稿/速写/单色/灰度,场景插画,gundam|umamusume|gundam_suisei_no_majo,rina_atherina gigantic_breasts veiny_breasts rey_tannhauser_(erkaz) yukihana_(erkaz) veins karinka_katyusha_(erkaz) huge_breasts,原创角色设计师 · 体型特征 · 自然/风景 · 线稿/速写 · 场景插画,https://danbooru.donmai.us/artists/727601
1541761,alakoala,553,200,轻度色气,0.07,同人角色专精,同人为主,群像/多人,裸体/暴露/校园,线稿/速写/漫画分镜,俯视/仰视,kantai_collection|blue_archive|new_game!,ro-500_(kancolle) kantai_collection one-piece_tan u-511_(kancolle) tanlines tan kongou_(kancolle) tsushima_(kancolle),同人角色专精 · 裸体/暴露 · 校园 · 线稿/速写 · 俯视/仰视,https://danbooru.donmai.us/artists/1541761
1814428,kuga_tsuniya,553,200,全年龄向,0.0,单色线稿派,原创为主,男性主体,神话/宗教/校园,单色/灰度/漫画分镜,漫画/多格,greek_mythology|koibito_swap,lace-trimmed_blindfold full_page_comic greek_mythology snake_hair gauze_on_cheek gauze gauze_on_face greyscale,单色线稿派 · 神话/宗教 · 校园 · 单色/灰度 · 漫画/多格,https://danbooru.donmai.us/artists/1814428
1320684,hosizora_mikoto,554,200,轻度色气,0.23,同人角色专精,同人为主,女性主体,兽耳/亚人/裸体/暴露,单色/灰度/漫画分镜,姿势/动态,idolmaster|idolmaster_cinderella_girls|gakuen_idolmaster,yusa_kozue idolmaster_cinderella_girls idolmaster sajo_yukimi loli hair_flaps heisei_retro ichihara_nina,同人角色专精 · 兽耳/亚人 · 裸体/暴露 · 单色/灰度 · 姿势/动态,https://danbooru.donmai.us/artists/1320684
1573032,yoshizawa_tsubaki,553,200,全年龄向,0.045,兽耳/亚人专精,原创为主,群像/多人,兽耳/亚人/和风,单色/灰度,姿势/动态,wixoss|arknights|genshin_impact,kokonoe_tsubaki fox_tail multiple_tails two_tails fox_ears fox_girl animal_ear_fluff kitsune,兽耳/亚人专精 · 兽耳/亚人 · 和风 · 单色/灰度 · 姿势/动态,https://danbooru.donmai.us/artists/1573032
1457195,chups,553,200,轻度色气,0.165,像素/复古画师,同人为主,群像/多人,兽耳/亚人/体型特征,像素画/单色/灰度,漫画/多格,touhou|touhou_futanari_scarlet_escape|touhou_lostword,touhou kaenbyou_rin two_tails multiple_tails nekomata mystia_lorelei pixel_art komeiji_satori,像素/复古画师 · 兽耳/亚人 · 体型特征 · 像素画 · 漫画/多格,https://danbooru.donmai.us/artists/1457195
2008054,itinana,553,200,情色向,0.28,综合向插画师,同人为主,非人物/静物,裸体/暴露/神话/宗教,单色/灰度/特效/后期,场景插画,blue_archive|kantai_collection|indie_virtual_youtuber,dated blue_archive twitter_username nozomi_(blue_archive) tokitsukaze_(kancolle)_(cosplay) lowleg_pantyhose izumi_konata nemimi_yane,情色向 · 综合向插画师 · 裸体/暴露 · 神话/宗教 · 单色/灰度 · 场景插画,https://danbooru.donmai.us/artists/2008054
656206,ogipote,552,200,全年龄向,0.0,日常/治愈系,原创/同人混合,群像/多人,音乐/偶像/校园,特效/后期,俯视/仰视,blue_archive|monogatari_(series)|vspo!,kochira_shuumatsu_teitai_iinkai oshino_shinobu blue_archive monogatari_(series) vspo! lens_flare arona_(blue_archive) effects_pedal,日常/治愈系 · 音乐/偶像 · 校园 · 特效/后期 · 俯视/仰视,https://danbooru.donmai.us/artists/656206
1609971,re:shimashima,552,200,情色向,0.495,日常/治愈系,原创为主,女性主体,裸体/暴露/日常/治愈,光影/氛围,俯视/仰视,tokyo_exe_girls|calbee_(potato_chips)|indie_virtual_youtuber,take_your_pick nipples condom_wrapper condom cameltoe ceiling thong skirt_lift,情色向 · 日常/治愈系 · 裸体/暴露 · 日常/治愈 · 光影/氛围 · 俯视/仰视,https://danbooru.donmai.us/artists/1609971
557567,mizuki_maya,552,200,全年龄向,0.0,漫画/剧情向,原创/同人混合,群像/多人,校园/日常/治愈,漫画分镜/线稿/速写,漫画/多格,love_live!|love_live!_hasu_no_sora_jogakuin_school_idol_club|umamusume,love_live!_hasu_no_sora_jogakuin_school_idol_club object_and_personification hasu_no_sora_school_uniform love_live! personification colored_speech_bubble osawa_rurino kachimachi_kosuzu,漫画/剧情向 · 校园 · 日常/治愈 · 漫画分镜 · 漫画/多格,https://danbooru.donmai.us/artists/557567
1327815,kerorira,552,200,全年龄向,0.0,综合向插画师,同人为主,群像/多人,自然/风景/日常/治愈,赛璐璐/平涂/单色/灰度,肖像/半身,nijisanji|bocchi_the_rock!|fate_(series),nijisanji bocchi_the_rock! love_live!_nijigasaki_high_school_idol_club love_live!_nijigasaki_high_school_idol_club_the_movie_-_finale kita_ikuyo virtual_youtuber hakase_fuyuki ijichi_nijika,综合向插画师 · 自然/风景 · 日常/治愈 · 赛璐璐/平涂 · 肖像/半身,https://danbooru.donmai.us/artists/1327815
1587631,gar32,552,200,全年龄向,0.04,机甲/军事题材,原创/同人混合,群像/多人,军事/枪械/战斗/动作,,姿势/动态,girls'_frontline|blue_archive|girls'_frontline_2:_exilium,girls'_frontline girls'_frontline_2:_exilium callisto_(greyeth) rifle gun magazine_(weapon) assault_rifle bulletproof_vest,机甲/军事题材 · 军事/枪械 · 战斗/动作 · 姿势/动态 · 原创/同人混合,https://danbooru.donmai.us/artists/1587631
1300751,tarakanovich,551,200,硬核R18,0.715,传统手绘媒介,原创/同人混合,群像/多人,裸体/暴露/体型特征,线稿/速写/素描/炭笔,姿势/动态,marvel|dc_comics|castlevania_(series),futanari futa_without_pussy uncensored testicles penis erin_(tarakanovich) male_on_futa erection,硬核R18 · 传统手绘媒介 · 裸体/暴露 · 体型特征 · 线稿/速写 · 姿势/动态,https://danbooru.donmai.us/artists/1300751
1590892,hamaken._(novelize),551,200,全年龄向,0.0,原创角色设计师,原创为主,群像/多人,校园/泳装/内衣,漫画分镜/单色/灰度,漫画/多格,comiket_108|kantai_collection|fate/grand_order,imouto-chan_(hamaken.) brother_and_sister urine_meter have_to_pee robe comic grey_eyes print_dress,原创角色设计师 · 校园 · 泳装/内衣 · 漫画分镜 · 漫画/多格,https://danbooru.donmai.us/artists/1590892
434554,kurashima_tomoyasu,551,200,全年龄向,0.005,综合向插画师,同人为主,群像/多人,泳装/内衣/军事/枪械,赛璐璐/平涂,设定/图解,girls_und_panzer|world_witches_series|strike_witches,world_witches_series girls_und_panzer strike_witches hibike!_euphonium shirato_yuri blue_bra brave_witches kitauji_high_school_uniform,综合向插画师 · 泳装/内衣 · 军事/枪械 · 赛璐璐/平涂 · 设定/图解,https://danbooru.donmai.us/artists/434554
1756333,jiji_(aardvark),551,200,全年龄向,0.0,综合向插画师,原创/同人混合,群像/多人,体型特征/手足/局部,漫画分镜,单人立绘,kantai_collection|mahou_shoujo_madoka_magica|alice_gear_aegis,kantai_collection transparent_background comandante_cappellini_(kancolle) loli conte_di_cavour_(kancolle) scirocco_(kancolle) grecale_(kancolle) ship_turret,综合向插画师 · 体型特征 · 手足/局部 · 漫画分镜 · 单人立绘,https://danbooru.donmai.us/artists/1756333
461573,yamasan,551,200,情色向,0.465,同人角色专精,同人为主,女性主体,裸体/暴露/神话/宗教,漫画分镜,姿势/动态,blue_archive|azur_lane|mono_(afro),blue_archive halo loli yellow_halo rectangular_halo pink_halo green_halo yoshimi_(band)_(blue_archive),情色向 · 同人角色专精 · 裸体/暴露 · 神话/宗教 · 漫画分镜 · 姿势/动态,https://danbooru.donmai.us/artists/461573
742220,kurotama,551,200,硬核R18,0.97,单色线稿派,同人为主,女性主体,裸体/暴露/体型特征,单色/灰度/漫画分镜,单人立绘,blue_archive|fate/grand_order|fate_(series),:>= pov_crotch fellatio bar_censor tile_floor oral toilet_stall tiles,硬核R18 · 单色线稿派 · 裸体/暴露 · 体型特征 · 单色/灰度 · 单人立绘,https://danbooru.donmai.us/artists/742220
424525,daive,551,200,轻度色气,0.015,同人角色专精,同人为主,群像/多人,泳装/内衣/军事/枪械,,差分/变体,xenoblade_chronicles_(series)|xenoblade_chronicles_2|pokemon,xenoblade_chronicles_2 xenoblade_chronicles_(series) mythra_(xenoblade) chest_jewel pyra_(xenoblade) tiara aegis_sword_(xenoblade) headpiece,同人角色专精 · 泳装/内衣 · 军事/枪械 · 差分/变体 · 同人为主,https://danbooru.donmai.us/artists/424525
412720,myama,551,200,全年龄向,0.0,百合专精,同人为主,群像/多人,和风/军事/枪械,单色/灰度/漫画分镜,漫画/多格,kantai_collection|cho_kaguya-hime!|touhou,zuikaku_(kancolle) cho_kaguya-hime! runami_yachiyo kaga_(kancolle) kantai_collection sakayori_iroha muneate shoukaku_(kancolle),百合专精 · 和风 · 军事/枪械 · 单色/灰度 · 漫画/多格,https://danbooru.donmai.us/artists/412720
1227925,yoban,551,200,硬核R18,0.72,R18情色向画师,同人为主,女性主体,裸体/暴露/神话/宗教,漫画分镜/赛璐璐/平涂,姿势/动态,aikatsu!_(series)|precure|aikatsu_stars!,aikatsu!_(series) mewkledreamy aikatsu_stars! tsukishima_maira bar_censor precure delicious_party_precure ichigo_junior_high_uniform,硬核R18 · R18情色向画师 · 裸体/暴露 · 神话/宗教 · 漫画分镜 · 姿势/动态,https://danbooru.donmai.us/artists/1227925
1143375,demizu_posuka,551,200,全年龄向,0.0,日常/治愈系,原创为主,非人物/静物,自然/风景/日常/治愈,线稿/速写/素描/炭笔,场景插画,yakusoku_no_neverland|pokemon|beyblade,chef_hat creature food_focus artist_name yakusoku_no_neverland scenery emma_(yakusoku_no_neverland) ray_(yakusoku_no_neverland),日常/治愈系 · 自然/风景 · 日常/治愈 · 线稿/速写 · 场景插画,https://danbooru.donmai.us/artists/1143375
551182,ugatsu_matsuki,550,200,全年龄向,0.0,单色线稿派,同人为主,群像/多人,和风/战斗/动作,单色/灰度/漫画分镜,漫画/多格,touhou|umamusume|fate/grand_order,touhou trainer_(umamusume) umamusume greyscale tracen_school_uniform comic hakurei_reimu horse_ears,单色线稿派 · 和风 · 战斗/动作 · 单色/灰度 · 漫画/多格,https://danbooru.donmai.us/artists/551182
871151,tokita_(jyabarachan),550,200,全年龄向,0.01,日常/治愈系,原创为主,群像/多人,日常/治愈/都市/街景,单色/灰度/漫画分镜,漫画/多格,vocaloid|pokemon|hametsu_no_negai_(vocaloid),kagamine_rin artist_self-insert 1koma one-eyed creature vocaloid bow_hairband dated,日常/治愈系 · 日常/治愈 · 都市/街景 · 单色/灰度 · 漫画/多格,https://danbooru.donmai.us/artists/871151
1872863,guriguri_(arayotto4351),550,200,情色向,0.33,同人角色专精,同人为主,群像/多人,裸体/暴露/恐怖/猎奇,,姿势/动态,fate_(series)|fate/grand_order|fate/kaleid_liner_prisma_illya,fate/grand_order fate_(series) utsumi_erice_(lancer) magatama_hair_ornament utsumi_erice urd_(fate) mash_kyrielight skeletal_clothes,情色向 · 同人角色专精 · 裸体/暴露 · 恐怖/猎奇 · 姿势/动态 · 同人为主,https://danbooru.donmai.us/artists/1872863
1291514,tokiani,550,200,全年龄向,0.005,综合向插画师,同人为主,群像/多人,泳装/内衣/兽耳/亚人,赛璐璐/平涂/线稿/速写,差分/变体,idolmaster|idolmaster_(classic)|world_witches_series,world_witches_series strike_witches idolmaster_(classic) idolmaster hagiwara_yukiho lynette_bishop hoshii_miki miyafuji_yoshika,综合向插画师 · 泳装/内衣 · 兽耳/亚人 · 赛璐璐/平涂 · 差分/变体,https://danbooru.donmai.us/artists/1291514
1688812,jndfh,550,200,情色向,0.48,日常/治愈系,同人为主,群像/多人,手足/局部/裸体/暴露,漫画分镜,姿势/动态,genshin_impact|honkai:_star_rail|honkai_(series),rukkhadevata_(genshin_impact) honkai:_star_rail honkai_(series) genshin_impact cyrene_(demiurge)_(honkai:_star_rail) cyrene_(honkai:_star_rail) greek_toe diamond-shaped_pupils,情色向 · 日常/治愈系 · 手足/局部 · 裸体/暴露 · 漫画分镜 · 姿势/动态,https://danbooru.donmai.us/artists/1688812
541570,puchiman,550,200,全年龄向,0.0,同人角色专精,同人为主,男性主体,军事/枪械/配饰/首饰,特效/后期/单色/灰度,单人立绘,splatoon_(series)|splatoon_3|indie_virtual_youtuber,splatoon_(series) tentacle_hair inkling inkling_player_character inkling_girl splatoon_3 octoling octoling_player_character,同人角色专精 · 军事/枪械 · 配饰/首饰 · 特效/后期 · 单人立绘,https://danbooru.donmai.us/artists/541570
1465745,meiji_ken,550,200,全年龄向,0.0,综合向插画师,同人为主,男性主体,BL/腐向/兽人/furry,单色/灰度/特效/后期,肖像/半身,fate_(series)|fate/grand_order|pokemon,fate/grand_order fate_(series) tezcatlipoca_(fate) fujimaru_ritsuka_(female) siegfried_(fate) kriemhild_(fate) twitter_username toudou_heisuke_(fate),综合向插画师 · BL/腐向 · 兽人/furry · 单色/灰度 · 肖像/半身,https://danbooru.donmai.us/artists/1465745
1527669,norza,549,200,硬核R18,0.8,R18情色向画师,原创/同人混合,群像/多人,裸体/暴露/体型特征,漫画分镜/线稿/速写,姿势/动态,fire_emblem|fire_emblem_heroes|pokemon,futanari futa_with_female uncensored fawn_(norza) fire_emblem scarlet_(norza) ragnar_(norza) incest,硬核R18 · R18情色向画师 · 裸体/暴露 · 体型特征 · 漫画分镜 · 姿势/动态,https://danbooru.donmai.us/artists/1527669
1785752,panqlao,549,200,轻度色气,0.18,综合向插画师,同人为主,双人/CP,体型特征/恋爱/情感,漫画分镜/拼贴/混合,漫画/多格,senpai_ga_uzai_kouhai_no_hanashi|tangled|zenless_zone_zero,senpai_ga_uzai_kouhai_no_hanashi igarashi_futaba takeda_harumi stubble goatee facial_hair muscular_male instagram_username,综合向插画师 · 体型特征 · 恋爱/情感 · 漫画分镜 · 漫画/多格,https://danbooru.donmai.us/artists/1785752
1662901,kakao_(chocolate_land),549,200,轻度色气,0.355,日常/治愈系,原创为主,男性主体,裸体/暴露/日常/治愈,单色/灰度/漫画分镜,漫画/多格,ryoushin_no_shakkin|kiwamete_kenzen_na_bishoujo_level_up|totsuzen_sumu_ie_o_ushinattara_akogare_no_joshi-tachi_to_no_himitsu_no_dousei_seikatsu_ga_hajimatta_ndaga,yukaribe_setsuko tadano_yuji ryoushin_no_shakkin hitotsuba_kaede aroused yoshizumi_yuya kiwamete_kenzen_na_bishoujo_level_up yotsuno_wakaba,日常/治愈系 · 裸体/暴露 · 日常/治愈 · 单色/灰度 · 漫画/多格,https://danbooru.donmai.us/artists/1662901
1425969,kotoribako,549,200,硬核R18,0.575,单色线稿派,原创为主,男性主体,裸体/暴露/校园,单色/灰度/漫画分镜,漫画/多格,blue_archive|hololive|chainsaw_man,floral_print_scarf single_bridal_gauntlet niya_(blue_archive) tsukuyo_(blue_archive) bar_censor orange_horns greyscale gradient_horns,硬核R18 · 单色线稿派 · 裸体/暴露 · 校园 · 单色/灰度 · 漫画/多格,https://danbooru.donmai.us/artists/1425969
490895,shiokonbu,549,200,情色向,0.385,日常/治愈系,原创/同人混合,群像/多人,裸体/暴露/体型特征,特效/后期/漫画分镜,俯视/仰视,azur_lane|nonohara_yuka_no_himitsu_no_haishin|boku_ga_incubus_ni_naru_tame_ni_kyou_kara_succubus_to_lesson_shimasu,nonohara_yuka nonohara_yuka_no_himitsu_no_haishin boku_ga_incubus_ni_naru_tame_ni_kyou_kara_succubus_to_lesson_shimasu boku_ga_incubus_ni_naru_tame_ni_kyou_kara_succubus_to_lesson_shimasu_2 azur_lane huge_breasts nipples motto!_haramase!_(series),情色向 · 日常/治愈系 · 裸体/暴露 · 体型特征 · 特效/后期 · 俯视/仰视,https://danbooru.donmai.us/artists/490895
721672,tsubasa_tsubasa,549,200,轻度色气,0.16,百合专精,同人为主,群像/多人,手足/局部/BL/腐向,漫画分镜/特效/后期,漫画/多格,honkai_(series)|honkai:_star_rail|genshin_impact,fu_xuan_(honkai:_star_rail) qingque_(honkai:_star_rail) white_pantyhose honkai_(series) honkai:_star_rail klee_(genshin_impact) nahida_(genshin_impact) no_shoes,百合专精 · 手足/局部 · BL/腐向 · 漫画分镜 · 漫画/多格,https://danbooru.donmai.us/artists/721672
375843,koume_keito,549,200,轻度色气,0.09,兽耳/亚人专精,同人为主,双人/CP,兽耳/亚人/自然/风景,单色/灰度/光影/氛围,俯视/仰视,spice_and_wolf|fate/grand_order|fate_(series),spice_and_wolf holo brown_tail craft_lawrence page_number wolf_tail wolf_girl wolf_ears,兽耳/亚人专精 · 兽耳/亚人 · 自然/风景 · 单色/灰度 · 俯视/仰视,https://danbooru.donmai.us/artists/375843
2312378,ka_(996beshi),549,200,全年龄向,0.0,原创角色设计师,原创为主,非人物/静物,自然/风景/手足/局部,拼贴/混合/抽象/几何,肖像/半身,death_note|touhou,death_note yagami_light l_(death_note) plant still_life collage surreal snail,原创角色设计师 · 自然/风景 · 手足/局部 · 拼贴/混合 · 肖像/半身,https://danbooru.donmai.us/artists/2312378
1722289,tyako_089,549,200,全年龄向,0.0,兽耳/亚人专精,同人为主,男性主体,兽人/furry/BL/腐向,线稿/速写/单色/灰度,表情/表演,pokemon|pokemon_gold/silver/crystal|pokemon_masters_ex,pokemon_gold/silver/crystal ethan_(pokemon) pokemon_(creature) pokemon backwards_hat hoothoot kris_(pokemon) falkner_(pokemon),兽耳/亚人专精 · 兽人/furry · BL/腐向 · 线稿/速写 · 表情/表演,https://danbooru.donmai.us/artists/1722289
1367573,blazpu,549,200,全年龄向,0.0,综合向插画师,同人为主,男性主体,军事/枪械/奇幻/魔法,单色/灰度/线稿/速写,俯视/仰视,fate_(series)|fate/grand_order|persona,metaphor:_refantazio persona arknights fate/grand_order persona_5 hulkenberg_(metaphor:_refantazio) fate_(series) protagonist_(metaphor:_refantazio),综合向插画师 · 军事/枪械 · 奇幻/魔法 · 单色/灰度 · 俯视/仰视,https://danbooru.donmai.us/artists/1367573
1723455,nikichen,548,200,情色向,0.215,R18情色向画师,原创/同人混合,女性主体,体型特征/裸体/暴露,特效/后期/漫画分镜,俯视/仰视,senpai_ga_uzai_kouhai_no_hanashi|zenless_zone_zero|the_legend_of_zelda,glands_of_montgomery patreon_username speckled_areolae kurobe_natsumi senpai_ga_uzai_kouhai_no_hanashi patreon_logo web_address hourglass_earrings,情色向 · R18情色向画师 · 体型特征 · 裸体/暴露 · 特效/后期 · 俯视/仰视,https://danbooru.donmai.us/artists/1723455
1460854,poyo_(hellmayuge),548,200,全年龄向,0.0,单色线稿派,同人为主,男性主体,军事/枪械/制服/职场,单色/灰度/漫画分镜,漫画/多格,kantai_collection|umamusume|indie_virtual_youtuber,admiral_(kancolle) kantai_collection naval_uniform military atlanta_(kancolle) epaulettes military_uniform greyscale,单色线稿派 · 军事/枪械 · 制服/职场 · 单色/灰度 · 漫画/多格,https://danbooru.donmai.us/artists/1460854
1291516,hayashi_kewi,548,200,全年龄向,0.0,综合向插画师,同人为主,群像/多人,兽耳/亚人/神话/宗教,,差分/变体,idolmaster|idolmaster_shiny_colors|blue_archive,idolmaster_shiny_colors bazett_fraga_mcremitz osaki_amana osaki_tenka kuwayama_chiyuki idolmaster alstroemeria_(idolmaster) manannan_mac_lir_(second_ascension)_(fate),综合向插画师 · 兽耳/亚人 · 神话/宗教 · 差分/变体 · 同人为主,https://danbooru.donmai.us/artists/1291516
1395197,kibihimi,548,200,全年龄向,0.04,同人角色专精,同人为主,群像/多人,泳装/内衣/体型特征,漫画分镜,差分/变体,umamusume|ongeki|doki_doki_literature_club,umamusume horse_girl horse_tail horse_ears ear_covers dantsu_flame_(umamusume) ear_ornament white_streaks,同人角色专精 · 泳装/内衣 · 体型特征 · 漫画分镜 · 差分/变体,https://danbooru.donmai.us/artists/1395197
1261952,shennai_misha,548,200,情色向,0.365,日常/治愈系,同人为主,群像/多人,裸体/暴露/日常/治愈,,姿势/动态,idolmaster|idolmaster_million_live!|blue_archive,mochizuki_anna idolmaster_million_live! idolmaster_million_live!_theater_days idolmaster hakozaki_serika blue_archive kisaki_(blue_archive) loli,情色向 · 日常/治愈系 · 裸体/暴露 · 日常/治愈 · 姿势/动态 · 同人为主,https://danbooru.donmai.us/artists/1261952
1602312,donmin_h,548,200,全年龄向,0.0,漫画/剧情向,同人为主,群像/多人,神话/宗教/兽耳/亚人,漫画分镜,漫画/多格,blue_archive|aether_gazer|kung_fu_hustle,company_name talking copyright_notice no_nose blue_archive 4koma halo chibi,漫画/剧情向 · 神话/宗教 · 兽耳/亚人 · 漫画分镜 · 漫画/多格,https://danbooru.donmai.us/artists/1602312
1987842,enma_(enmanuelart),548,200,轻度色气,0.04,综合向插画师,同人为主,女性主体,体型特征/泳装/内衣,线稿/速写/素描/炭笔,肖像/半身,zenless_zone_zero|genshin_impact|pokemon,patreon_logo patreon_username web_address zenless_zone_zero eyelashes lips artist_name watermark,综合向插画师 · 体型特征 · 泳装/内衣 · 线稿/速写 · 肖像/半身,https://danbooru.donmai.us/artists/1987842
1328838,greenopi,548,200,硬核R18,0.72,单色线稿派,原创为主,女性主体,裸体/暴露/神话/宗教,单色/灰度/线稿/速写,姿势/动态,blue_archive|umamusume|arknights,evelyn_(greenopi) uncensored anal greyscale penis monochrome callisto_(greyeth) anus,硬核R18 · 单色线稿派 · 裸体/暴露 · 神话/宗教 · 单色/灰度 · 姿势/动态,https://danbooru.donmai.us/artists/1328838
1346332,ittla,547,200,情色向,0.31,原创角色设计师,原创为主,男性主体,体型特征/裸体/暴露,线稿/速写/单色/灰度,姿势/动态,guilty_gear|monster_girl_encyclopedia|guilty_gear_strive,aoi_(ittla) kyou_(ittla) ume_(ittla) blue_skin skin-covered_horns oni_horns abs ren_(ittla),情色向 · 原创角色设计师 · 体型特征 · 裸体/暴露 · 线稿/速写 · 姿势/动态,https://danbooru.donmai.us/artists/1346332
1762631,miwano_rag,547,200,全年龄向,0.0,原创角色设计师,原创为主,群像/多人,校园/自然/风景,特效/后期,肖像/半身,fushi_tantei:_reidou_momiji|heaven_burns_red|nijisanji,reidou_momiji fushi_tantei:_reidou_momiji dtto. ai_toka_koi_toka_kudaranai sakuragi_maika utahime_dream heaven_burns_red butterfly,原创角色设计师 · 校园 · 自然/风景 · 特效/后期 · 肖像/半身,https://danbooru.donmai.us/artists/1762631
1609505,yachima_tana,547,200,全年龄向,0.0,综合向插画师,原创/同人混合,男性主体,校园/音乐/偶像,单色/灰度/线稿/速写,俯视/仰视,kill_me_baby|guilty_gear|guilty_gear_strive,kill_me_baby sonya_(kill_me_baby) oribe_yasuna yachimata_kana goshiki_agiri choshi_nonna unused_character_(kill_me_baby) black_necktie,综合向插画师 · 校园 · 音乐/偶像 · 单色/灰度 · 俯视/仰视,https://danbooru.donmai.us/artists/1609505
2518540,irvinetope,547,200,情色向,0.47,同人角色专精,同人为主,女性主体,裸体/暴露/兽耳/亚人,特效/后期/单色/灰度,姿势/动态,arknights|arknights:_endfield|wuthering_waves,arknights arknights:_endfield la_pluma_(arknights) windbreaker endministrator_(arknights) la_pluma_(summer_flowers)_(arknights) infection_monitor_(arknights) female_endministrator_(arknights),情色向 · 同人角色专精 · 裸体/暴露 · 兽耳/亚人 · 特效/后期 · 姿势/动态,https://danbooru.donmai.us/artists/2518540
1552718,kutabireta_neko,547,200,情色向,0.315,兽耳/亚人专精,同人为主,群像/多人,兽人/furry/裸体/暴露,漫画分镜/线稿/速写,姿势/动态,pokemon|fire_emblem|pokemon_sword_and_shield,pokemon fire_emblem flayn_(fire_emblem) gloria_(pokemon) garreg_mach_monastery_uniform lillie_(pokemon) fire_emblem:_three_houses rosa_(pokemon),情色向 · 兽耳/亚人专精 · 兽人/furry · 裸体/暴露 · 漫画分镜 · 姿势/动态,https://danbooru.donmai.us/artists/1552718
384543,shikei,546,200,轻度色气,0.135,奇幻/魔法题材,同人为主,双人/CP,奇幻/魔法/裸体/暴露,,姿势/动态,sword_art_online|sword_art_online:_alicization|eiyuu_densetsu,sword_art_online yuuki_(sao) sinon purple_armor sword_art_online:_alicization argo_the_rat dated breastplate,奇幻/魔法题材 · 奇幻/魔法 · 裸体/暴露 · 姿势/动态 · 同人为主,https://danbooru.donmai.us/artists/384543
638119,konshin,546,200,全年龄向,0.025,兽耳/亚人专精,原创为主,群像/多人,兽耳/亚人/体型特征,,肖像/半身,phantasy_star|phantasy_star_online_2|pixiv_fantasia,phantasy_star_online_2 phantasy_star dated orie_mishiro pixiv_fantasia_last_saga chaso_(konshin) orie_hakua pixiv_fantasia,兽耳/亚人专精 · 兽耳/亚人 · 体型特征 · 肖像/半身 · 原创为主,https://danbooru.donmai.us/artists/638119
1249397,inuno_rakugaki,546,200,全年龄向,0.0,日常/治愈系,同人为主,群像/多人,日常/治愈/和风,单色/灰度/漫画分镜,姿势/动态,touhou|embodiment_of_scarlet_devil|reitaisai,touhou hakurei_reimu kirisame_marisa frilled_hair_tubes skirt_set frilled_bow yellow_ascot ribbon-trimmed_sleeves,日常/治愈系 · 日常/治愈 · 和风 · 单色/灰度 · 姿势/动态,https://danbooru.donmai.us/artists/1249397
1259345,nichika_(nitikapo),546,200,全年龄向,0.0,单色线稿派,同人为主,群像/多人,校园/神话/宗教,单色/灰度/漫画分镜,漫画/多格,blue_archive|kantai_collection|fire_emblem,blue_archive greyscale comic monochrome kantai_collection emphasis_lines hoshino_(blue_archive) mika_(blue_archive),单色线稿派 · 校园 · 神话/宗教 · 单色/灰度 · 漫画/多格,https://danbooru.donmai.us/artists/1259345
1556534,niwaikanai,546,200,全年龄向,0.0,同人角色专精,同人为主,群像/多人,中式/泳装/内衣,线稿/速写/漫画分镜,姿势/动态,fate_(series)|fate/grand_order|fate/strange_fake,wu_zetian_(fate) fate/grand_order fate_(series) wu_zetian_(swimsuit_caster)_(fate) baobhan_sith_(fate) forehead yellow_scrunchie fate/strange_fake,同人角色专精 · 中式 · 泳装/内衣 · 线稿/速写 · 姿势/动态,https://danbooru.donmai.us/artists/1556534
2149046,curakuru,546,200,轻度色气,0.045,兽耳/亚人专精,原创/同人混合,男性主体,兽人/furry/校园,光影/氛围/线稿/速写,肖像/半身,pokemon|mega_man_(series)|mega_man_star_force_(series),curakuru_(character) fidget_spinner mega_man_star_force_(series) sonia_strumm_(mega_man) mega_man_(series) grey_hat pokemon grey_hoodie,兽耳/亚人专精 · 兽人/furry · 校园 · 光影/氛围 · 肖像/半身,https://danbooru.donmai.us/artists/2149046
1403280,con_potata,546,200,全年龄向,0.0,BL/腐向专精,同人为主,男性主体,BL/腐向/兽耳/亚人,单色/灰度/漫画分镜,漫画/多格,twisted_wonderland|genshin_impact|zootopia,twisted_wonderland ruggie_bucchi leona_kingscholar hyena_boy hyena_ears lion_boy jack_howl savanaclaw_dorm_uniform,BL/腐向专精 · BL/腐向 · 兽耳/亚人 · 单色/灰度 · 漫画/多格,https://danbooru.donmai.us/artists/1403280
531693,hijiri_(resetter),545,200,全年龄向,0.0,原创角色设计师,原创为主,男性主体,神话/宗教/BL/腐向,单色/灰度,肖像/半身,zenless_zone_zero|vocaloid|kerberos_blade,nayuta_(hijiri) nao_(hijiri) folia_(hijiri) cyril_(hijiri) liavel_(yorinana_tw) ena_(hijiri) aki_(hijiri) star_hair_ornament,原创角色设计师 · 神话/宗教 · BL/腐向 · 单色/灰度 · 肖像/半身,https://danbooru.donmai.us/artists/531693
2064666,t2ukmyjm,546,200,全年龄向,0.0,同人角色专精,同人为主,女性主体,体型特征/泳装/内衣,,差分/变体,splatoon_(series)|splatoon_3|splatoon_raiders,splatoon_(series) frye_(splatoon) tentacle_hair inkling splatoon_3 cross-shaped_pupils purple_tongue colored_eyelashes,同人角色专精 · 体型特征 · 泳装/内衣 · 差分/变体 · 同人为主,https://danbooru.donmai.us/artists/2064666
579707,takitarou,545,200,全年龄向,0.0,单色线稿派,同人为主,群像/多人,兽耳/亚人/校园,单色/灰度/漫画分镜,漫画/多格,touhou|honkai:_star_rail|honkai_(series),hata_no_kokoro touhou toyosatomimi_no_miko plaid_shirt tate_eboshi mononobe_no_futo bubble_skirt pointy_hair,单色线稿派 · 兽耳/亚人 · 校园 · 单色/灰度 · 漫画/多格,https://danbooru.donmai.us/artists/579707
1604104,shougun_(chuckni1),545,200,全年龄向,0.04,综合向插画师,同人为主,群像/多人,制服/职场/神话/宗教,单色/灰度/漫画分镜,差分/变体,blue_archive|idolmaster|idolmaster_shiny_colors,rio_(blue_archive) blue_archive millennium_science_school_logo office_lady hair_behind_ear halo saori_(blue_archive) pencil_skirt,综合向插画师 · 制服/职场 · 神话/宗教 · 单色/灰度 · 差分/变体,https://danbooru.donmai.us/artists/1604104
1579678,dorontabi,545,200,轻度色气,0.095,综合向插画师,同人为主,群像/多人,神话/宗教/校园,单色/灰度/漫画分镜,漫画/多格,idolmaster|blue_archive|gakuen_idolmaster,idolmaster gakuen_idolmaster shinosawa_hiro sonoda_chiyoko blue_archive idolmaster_shiny_colors loli hoshino_(blue_archive),综合向插画师 · 神话/宗教 · 校园 · 单色/灰度 · 漫画/多格,https://danbooru.donmai.us/artists/1579678
1259334,kujou_ichiso,545,200,全年龄向,0.0,综合向插画师,同人为主,群像/多人,军事/枪械/校园,,单人立绘,kantai_collection|nijisanji|nijisanji_en,kantai_collection taigei_(kancolle) ryuuhou_(kancolle) transparent_background hair_flaps pomu_rainpuff shigure_(kancolle) rigging,综合向插画师 · 军事/枪械 · 校园 · 单人立绘 · 同人为主,https://danbooru.donmai.us/artists/1259334
2580221,hinata_(hinnyata),545,200,情色向,0.485,兽耳/亚人专精,原创为主,女性主体,兽耳/亚人/裸体/暴露,漫画分镜,姿势/动态,arknights|arknights:_endfield|phase_connect,blue_collar water_masturbation vibrator_cord remote_control_vibrator exhibitionism fox_tail fox_girl safety_pin_piercing,情色向 · 兽耳/亚人专精 · 兽耳/亚人 · 裸体/暴露 · 漫画分镜 · 姿势/动态,https://danbooru.donmai.us/artists/2580221
1372926,risui_(suzu_rks),545,200,全年龄向,0.005,像素/复古画师,同人为主,群像/多人,兽耳/亚人/日常/治愈,单色/灰度/漫画分镜,漫画/多格,touhou|touhou_lostword|ochatsube_philharmonic_orchestra,touhou hong_meiling hoshiguma_yuugi izayoi_sakuya star_hat_ornament oni flandre_scarlet single_horn,像素/复古画师 · 兽耳/亚人 · 日常/治愈 · 单色/灰度 · 漫画/多格,https://danbooru.donmai.us/artists/1372926
726405,tsuzuri_(tuzuri),545,200,情色向,0.29,R18情色向画师,同人为主,男性主体,裸体/暴露/体型特征,漫画分镜,俯视/仰视,epic_seven|azur_lane|oshiro_project:re,epic_seven azur_lane commander_(azur_lane) helen_(epic_seven) oshiro_project:re nipples politis_(epic_seven) breast_slip,情色向 · R18情色向画师 · 裸体/暴露 · 体型特征 · 漫画分镜 · 俯视/仰视,https://danbooru.donmai.us/artists/726405
461645,nekobaka,544,200,全年龄向,0.0,原创角色设计师,原创为主,群像/多人,校园/日常/治愈,线稿/速写,肖像/半身,kantai_collection|indie_virtual_youtuber|genshin_impact,yamakaze_(kancolle) dated twitter_username signature kantai_collection black-framed_eyewear aikawa_aoi indie_virtual_youtuber,原创角色设计师 · 校园 · 日常/治愈 · 线稿/速写 · 肖像/半身,https://danbooru.donmai.us/artists/461645
569048,akou_roushi,544,200,轻度色气,0.095,综合向插画师,同人为主,群像/多人,裸体/暴露/体型特征,赛璐璐/平涂/单色/灰度,漫画/多格,onii-chan_wa_oshimai!|touhou|idolmaster,onii-chan_wa_oshimai! oyama_mahiro loli hozuki_momiji inuishi_kururi_(akou_roushi) bandaids_on_nipples touhou oyama_mihari,综合向插画师 · 裸体/暴露 · 体型特征 · 赛璐璐/平涂 · 漫画/多格,https://danbooru.donmai.us/artists/569048
430599,yuumei,544,200,全年龄向,0.0,日常/治愈系,原创为主,非人物/静物,自然/风景/日常/治愈,抽象/几何/特效/后期,场景插画,tongari_boushi_no_atelier|majo_no_takkyuubin|starry_night_(van_gogh),web_address watermark tongari_boushi_no_atelier scenery no_humans small_stellated_dodecahedron comfy conservatory,日常/治愈系 · 自然/风景 · 日常/治愈 · 抽象/几何 · 场景插画,https://danbooru.donmai.us/artists/430599
1428174,chinomaron,544,200,全年龄向,0.035,日常/治愈系,同人为主,男性主体,校园/自然/风景,,俯视/仰视,gochuumon_wa_usagi_desu_ka?|genshin_impact|lapis_re:lights,kafuu_chino gochuumon_wa_usagi_desu_ka? x_hair_ornament signature twitter_username depth_of_field kafuu_chino's_school_uniform white_sailor_collar,日常/治愈系 · 校园 · 自然/风景 · 俯视/仰视 · 同人为主,https://danbooru.donmai.us/artists/1428174
1672204,sugimotty_nova,544,200,全年龄向,0.0,同人角色专精,同人为主,群像/多人,校园/配饰/首饰,,单人立绘,umamusume|real_life,umamusume tracen_school_uniform horse_girl horse_ears horse_tail summer_uniform purple_bowtie sailor_shirt,同人角色专精 · 校园 · 配饰/首饰 · 单人立绘 · 同人为主,https://danbooru.donmai.us/artists/1672204
585745,siirakannu,544,200,全年龄向,0.0,原创角色设计师,原创为主,非人物/静物,军事/枪械/兽人/furry,单色/灰度/线稿/速写,设定/图解,kantai_collection|pokemon|vocaloid,hms_orion_(siirakannu) fakemon kantai_collection abyssal_ship hms_monarch_(siirakannu) hms_thunderer_(siirakannu) evolutionary_line pokemon_(creature),原创角色设计师 · 军事/枪械 · 兽人/furry · 单色/灰度 · 设定/图解,https://danbooru.donmai.us/artists/585745
1234691,fuchi_(nightmare),544,200,全年龄向,0.01,同人角色专精,同人为主,双人/CP,泳装/内衣/自然/风景,赛璐璐/平涂/漫画分镜,姿势/动态,precure|fresh_precure!|dokidoki!_precure,precure fresh_precure! momozono_love cure_peach anime_coloring pink_wrist_cuffs pink_choker dokidoki!_precure,同人角色专精 · 泳装/内衣 · 自然/风景 · 赛璐璐/平涂 · 姿势/动态,https://danbooru.donmai.us/artists/1234691
1792353,ohgi910,543,200,硬核R18,0.565,R18情色向画师,同人为主,男性主体,裸体/暴露/手足/局部,漫画分镜,姿势/动态,idolmaster|idolmaster_million_live!|gakuen_idolmaster,idolmaster idolmaster_million_live! idolmaster_(classic) idolmaster_million_live!_theater_days gakuen_idolmaster bar_censor ganaha_hibiki idolmaster_cinderella_girls,硬核R18 · R18情色向画师 · 裸体/暴露 · 手足/局部 · 漫画分镜 · 姿势/动态,https://danbooru.donmai.us/artists/1792353
2262359,kiritoma,543,200,全年龄向,0.0,同人角色专精,同人为主,群像/多人,兽耳/亚人/校园,线稿/速写/漫画分镜,漫画/多格,hololive|hololive_dev_is|hololive_dreams,usada_pekora rabbit-shaped_pupils don-chan_(usada_pekora) hololive carrot_hair_ornament kikirara_vivi short_eyebrows usada_pekora_(1st_costume),同人角色专精 · 兽耳/亚人 · 校园 · 线稿/速写 · 漫画/多格,https://danbooru.donmai.us/artists/2262359
2242036,eggman_(ni_tamagoex),543,200,全年龄向,0.0,兽耳/亚人专精,同人为主,群像/多人,兽人/furry/自然/风景,漫画分镜/线稿/速写,表情/表演,pokemon|senran_kagura|pokemon_legends:_z-a,senran_kagura pokemon_(creature) poke_ball pokemon body_blush poke_ball_(basic) senran_kagura_new_link triangle_bikini_top,兽耳/亚人专精 · 兽人/furry · 自然/风景 · 漫画分镜 · 表情/表演,https://danbooru.donmai.us/artists/2242036
590516,yujup,543,200,全年龄向,0.0,同人角色专精,同人为主,群像/多人,和风/日常/治愈,漫画分镜/线稿/速写,漫画/多格,touhou|unfinished_dream_of_all_living_ghost|embodiment_of_scarlet_devil,touhou saigyouji_yuyuko mob_cap triangular_headpiece konpaku_youmu konpaku_youmu_(ghost) komeiji_koishi hitodama,同人角色专精 · 和风 · 日常/治愈 · 漫画分镜 · 漫画/多格,https://danbooru.donmai.us/artists/590516
1755144,pizza_(pizzania_company),543,200,全年龄向,0.105,日常/治愈系,同人为主,男性主体,神话/宗教/兽耳/亚人,漫画分镜/单色/灰度,差分/变体,blue_archive|yuruyuri|umamusume,kikyou_(blue_archive) two_tails blue_archive blue_halo multiple_tails sensei_(blue_archive) halo cat_girl,日常/治愈系 · 神话/宗教 · 兽耳/亚人 · 漫画分镜 · 差分/变体,https://danbooru.donmai.us/artists/1755144
511120,sesield,543,200,全年龄向,0.0,传统手绘媒介,同人为主,群像/多人,兽耳/亚人/神话/宗教,线稿/速写/素描/炭笔,漫画/多格,genshin_impact|blue_archive|honkai_(series),genshin_impact facebook_logo sketch engrish_text facebook_username ranguage lumine_(genshin_impact) twitter_logo,传统手绘媒介 · 兽耳/亚人 · 神话/宗教 · 线稿/速写 · 漫画/多格,https://danbooru.donmai.us/artists/511120
1480426,easonx,543,200,情色向,0.14,综合向插画师,同人为主,男性主体,手足/局部/体型特征,,俯视/仰视,pokemon|goddess_of_victory:_nikke|sousou_no_frieren,foot_focus spread_toes soles toenails dorsiflexion feet toes delia_ketchum,情色向 · 综合向插画师 · 手足/局部 · 体型特征 · 俯视/仰视 · 同人为主,https://danbooru.donmai.us/artists/1480426
1648207,milliani,543,200,情色向,0.41,综合向插画师,同人为主,女性主体,裸体/暴露/泳装/内衣,漫画分镜,场景插画,idolmaster|idolmaster_million_live!|idolmaster_(classic),idolmaster_million_live! idolmaster idolmaster_(classic) wuthering_waves idolmaster_million_live!_theater_days hakozaki_serika mix_tou rosa_(pokemon)_(cosplay),情色向 · 综合向插画师 · 裸体/暴露 · 泳装/内衣 · 漫画分镜 · 场景插画,https://danbooru.donmai.us/artists/1648207
1429068,flasso,542,200,轻度色气,0.22,综合向插画师,同人为主,群像/多人,兽耳/亚人/裸体/暴露,漫画分镜/特效/后期,漫画/多格,zenless_zone_zero|honkai_(series)|honkai:_star_rail,zenless_zone_zero honkai:_star_rail honkai_(series) hoshimi_miyabi wise_(zenless_zone_zero) sparkle_(honkai:_star_rail) trailblazer_(honkai:_star_rail) ju_fufu,综合向插画师 · 兽耳/亚人 · 裸体/暴露 · 漫画分镜 · 漫画/多格,https://danbooru.donmai.us/artists/1429068
1530981,tama_launcher,542,200,全年龄向,0.005,同人角色专精,同人为主,群像/多人,战斗/动作/日常/治愈,单色/灰度/漫画分镜,漫画/多格,limbus_company|project_moon|lunatic_moonnight_fantasy,limbus_company project_moon dante_(limbus_company) yi_sang_(project_moon) aseah_(project_moon) object_head gubo_(project_moon) e.g.o_(project_moon),同人角色专精 · 战斗/动作 · 日常/治愈 · 单色/灰度 · 漫画/多格,https://danbooru.donmai.us/artists/1530981
1341443,rucchiifu,542,200,全年龄向,0.015,原创角色设计师,原创为主,男性主体,制服/职场/体型特征,单色/灰度/漫画分镜,俯视/仰视,oku-sama_wa_niizuma-chan|senpai_kara_me_ga_hanasenai_to_aru_kaishain_no_nichijou|yu-gi-oh!,hr_lady_(rucchiifu) niizuma-chan oku-sama_wa_niizuma-chan kinpatsu-chan_(rucchiifu) office_lady senpai_kara_me_ga_hanasenai_to_aru_kaishain_no_nichijou lanyard huge_breasts,原创角色设计师 · 制服/职场 · 体型特征 · 单色/灰度 · 俯视/仰视,https://danbooru.donmai.us/artists/1341443
1615827,sempon_(doppio_note),542,200,全年龄向,0.025,单色线稿派,同人为主,男性主体,BL/腐向/制服/职场,单色/灰度/线稿/速写,肖像/半身,jojo_no_kimyou_na_bouken|vento_aureo|fate/grand_order,jojo_no_kimyou_na_bouken vento_aureo diavolo vinegar_doppio giorno_giovanna oda_nobukatsu_(fate) oda_nobunaga_(fate) spotted_hair,单色线稿派 · BL/腐向 · 制服/职场 · 单色/灰度 · 肖像/半身,https://danbooru.donmai.us/artists/1615827
555761,tenjin_hidetaka,542,200,全年龄向,0.0,机甲/军事题材,同人为主,非人物/静物,科幻/机甲/战斗/动作,特效/后期,设定/图解,gundam|gundam_battle_operation_2|sunrise_(company),gundam_battle_operation_2 sunrise_(company) mecha_focus mobile_suit realistic machinery mecha thrusters,机甲/军事题材 · 科幻/机甲 · 战斗/动作 · 特效/后期 · 设定/图解,https://danbooru.donmai.us/artists/555761
1909952,7saki,542,200,全年龄向,0.0,同人角色专精,同人为主,群像/多人,泳装/内衣/体型特征,线稿/速写/单色/灰度,差分/变体,touhou|indie_virtual_youtuber|gakuen_idolmaster,touhou hair_tubes frog_hair_ornament kochiya_sanae hakurei_reimu snake_hair_ornament izayoi_sakuya frilled_bow,同人角色专精 · 泳装/内衣 · 体型特征 · 线稿/速写 · 差分/变体,https://danbooru.donmai.us/artists/1909952
1480417,selcky,542,200,轻度色气,0.14,综合向插画师,同人为主,双人/CP,裸体/暴露/泳装/内衣,特效/后期,肖像/半身,zenless_zone_zero|girls'_frontline|honkai:_star_rail,zenless_zone_zero girls'_frontline letterboxed wise_(zenless_zone_zero) tsukishiro_yanagi vivian_banshee m4a1_(girls'_frontline) astra_yao,综合向插画师 · 裸体/暴露 · 泳装/内衣 · 特效/后期 · 肖像/半身,https://danbooru.donmai.us/artists/1480417
2014992,surfacedxxc,542,200,全年龄向,0.085,百合专精,同人为主,双人/CP,百合/GL/恋爱/情感,漫画分镜/单色/灰度,漫画/多格,love_live!|love_live!_school_idol_project|puyopuyo,yazawa_nico nishikino_maki love_live!_school_idol_project love_live! otonokizaka_school_uniform pink_cardigan yuri draco_centauros_(cosplay),百合专精 · 百合/GL · 恋爱/情感 · 漫画分镜 · 漫画/多格,https://danbooru.donmai.us/artists/2014992
536762,inishie_kumo,542,200,全年龄向,0.0,同人角色专精,同人为主,女性主体,和风/军事/枪械,线稿/速写/素描/炭笔,俯视/仰视,umamusume|solo_leveling|persona,haru_urara_(umamusume) pink_headband haru_urara_(bestest_prize)_(umamusume) flower_in_eye flower-shaped_pupils pink_buruma ear_covers umamusume,同人角色专精 · 和风 · 军事/枪械 · 线稿/速写 · 俯视/仰视,https://danbooru.donmai.us/artists/536762
1568737,genek,541,200,轻度色气,0.03,原创角色设计师,原创为主,双人/CP,泳装/内衣/体型特征,,姿势/动态,hololive|indie_virtual_youtuber|hololive_english,skinny inverted_bob highleg white_camisole highleg_panties see-through_shirt micro_shorts virtual_youtuber,原创角色设计师 · 泳装/内衣 · 体型特征 · 姿势/动态 · 原创为主,https://danbooru.donmai.us/artists/1568737
667134,naso4,541,200,轻度色气,0.05,综合向插画师,原创/同人混合,双人/CP,裸体/暴露/兽耳/亚人,线稿/速写/素描/炭笔,姿势/动态,pokemon|fire_emblem|granblue_fantasy,genderswap_(mtf) round_teeth genderswap pokemon_conquest bikini_top_only fire_emblem sekaiju_no_meikyuu_5 covered_nipples,综合向插画师 · 裸体/暴露 · 兽耳/亚人 · 线稿/速写 · 姿势/动态,https://danbooru.donmai.us/artists/667134
1410082,azuuru,541,200,全年龄向,0.0,奇幻/魔法题材,同人为主,群像/多人,奇幻/魔法/自然/风景,光影/氛围/单色/灰度,设定/图解,majo_no_tabitabi|hololive|hololive_english,majo_no_tabitabi elaina_(majo_no_tabitabi) nanashi_mumei textless_cover_page inori_no_kuni_no_riviere nanashi_mumei_(1st_costume) hololive_english friend_(nanashi_mumei),奇幻/魔法题材 · 奇幻/魔法 · 自然/风景 · 光影/氛围 · 设定/图解,https://danbooru.donmai.us/artists/1410082
562994,pettan_p,541,200,轻度色气,0.29,综合向插画师,同人为主,群像/多人,裸体/暴露/体型特征,漫画分镜,姿势/动态,idolmaster|idolmaster_cinderella_girls|idolmaster_(classic),natalia_(idolmaster) idolmaster_cinderella_girls idolmaster tachibana_arisu loli sakurai_momoka nijisanji_koshien hoshii_miki,综合向插画师 · 裸体/暴露 · 体型特征 · 漫画分镜 · 姿势/动态,https://danbooru.donmai.us/artists/562994
612096,ji_no,540,200,全年龄向,0.0,同人角色专精,同人为主,男性主体,军事/枪械/音乐/偶像,,单人立绘,sinoalice|square_enix|nier_(series),sinoalice square_enix alice_(sinoalice) snow_white_(sinoalice) red_riding_hood_(sinoalice) briar_rose_(sinoalice) transparent_background reality_arc_(sinoalice),同人角色专精 · 军事/枪械 · 音乐/偶像 · 单人立绘 · 同人为主,https://danbooru.donmai.us/artists/612096
1584238,makigai,541,200,情色向,0.235,原创角色设计师,原创为主,群像/多人,体型特征/泳装/内衣,漫画分镜,姿势/动态,flower_knight_girl,makino_yuna makino_yume makino_yuka_(makigai) loli yuria_(makigai) cameltoe print_panties star_print_panties,情色向 · 原创角色设计师 · 体型特征 · 泳装/内衣 · 漫画分镜 · 姿势/动态,https://danbooru.donmai.us/artists/1584238
1332008,dakku_(ogitsune),540,200,全年龄向,0.02,机甲/军事题材,原创为主,非人物/静物,军事/枪械/制服/职场,单色/灰度/线稿/速写,设定/图解,world_witches_series|strike_witches_1991|kantai_collection,strike_witches_1991 world_witches_series military mecha_musume striker_unit military_vehicle royal_navy world_war_ii,机甲/军事题材 · 军事/枪械 · 制服/职场 · 单色/灰度 · 设定/图解,https://danbooru.donmai.us/artists/1332008
510027,tsukumiya_amane,540,200,情色向,0.445,原创角色设计师,原创为主,男性主体,体型特征/裸体/暴露,单色/灰度,姿势/动态,moto_inkya_no_kyonyuu_yariman_imouto_ga_erosugite_onii-chan_wa_mou...!!|danganronpa_(series)|kantai_collection,natsuki_(bookworm_little_sister) moto_inkya_no_kyonyuu_yariman_imouto_ga_erosugite_onii-chan_wa_mou...!! huge_breasts plump shiny_skin curvy wide_spread_legs mosaic_censoring,情色向 · 原创角色设计师 · 体型特征 · 裸体/暴露 · 单色/灰度 · 姿势/动态,https://danbooru.donmai.us/artists/510027
1406111,ormille,540,200,全年龄向,0.02,综合向插画师,原创/同人混合,女性主体,配饰/首饰/日常/治愈,线稿/速写/素描/炭笔,差分/变体,fire_emblem|fire_emblem:_the_blazing_blade|zenless_zone_zero,miru_(ormille) lyn_(fire_emblem) fire_emblem:_the_blazing_blade fire_emblem mole_on_breast colored_inner_hair mole_on_thigh mole_under_eye,综合向插画师 · 配饰/首饰 · 日常/治愈 · 线稿/速写 · 差分/变体,https://danbooru.donmai.us/artists/1406111
1530369,fenyon,540,200,全年龄向,0.0,单色线稿派,同人为主,男性主体,BL/腐向/体型特征,单色/灰度/特效/后期,肖像/半身,dragon_ball|dragon_ball_z|dragon_ball_super,dragon_ball super_saiyan dragon_ball_z son_goku spiked_hair dougi son_gohan super_saiyan_1,单色线稿派 · BL/腐向 · 体型特征 · 单色/灰度 · 肖像/半身,https://danbooru.donmai.us/artists/1530369
1673589,asa_no_ha_(awayuki),540,200,轻度色气,0.235,日常/治愈系,原创为主,群像/多人,日常/治愈/裸体/暴露,特效/后期/线稿/速写,俯视/仰视,berochu_inkai|mimikaki_rifure|sakuragi_gakuen_iyashi-bu,berochu_inkai mimikaki_rifure sakuragi_gakuen_iyashi-bu luxurious_club:_seraphinite_affection mimikaki loli somei_yoshino_(mimikaki_rifure) nipples,日常/治愈系 · 日常/治愈 · 裸体/暴露 · 特效/后期 · 俯视/仰视,https://danbooru.donmai.us/artists/1673589
417045,sei_shoujo,540,200,情色向,0.4,像素/复古画师,同人为主,群像/多人,裸体/暴露/手足/局部,,俯视/仰视,p/a_~potential_ability~|closed_game|starless,p/a_~potential_ability~ closed_game takajou_yuna starless mihara_aika mamiya_marie celicia_lockhart lacey_mallett,情色向 · 像素/复古画师 · 裸体/暴露 · 手足/局部 · 俯视/仰视 · 同人为主,https://danbooru.donmai.us/artists/417045
1354506,blacksaikou,540,200,硬核R18,0.73,R18情色向画师,同人为主,女性主体,裸体/暴露/体型特征,极简/留白,姿势/动态,monster_musume_no_iru_nichijou|pokemon|kono_subarashii_sekai_ni_shukufuku_wo!,monster_musume_no_iru_nichijou rachnera_arachnera centorea_shianus miia_(monster_musume) tionishia patreon_username spider_girl uncensored,硬核R18 · R18情色向画师 · 裸体/暴露 · 体型特征 · 极简/留白 · 姿势/动态,https://danbooru.donmai.us/artists/1354506
1612805,makihitsuji,540,200,全年龄向,0.0,综合向插画师,同人为主,群像/多人,神话/宗教/军事/枪械,特效/后期,单人立绘,blue_archive|grimms_notes|hololive,grimms_notes copyright_notice blue_archive shadowverse gigi_murin gigi_murin_(1st_costume) company_name hizuki_yui,综合向插画师 · 神话/宗教 · 军事/枪械 · 特效/后期 · 单人立绘,https://danbooru.donmai.us/artists/1612805
1280580,nakamura_hinato,540,200,全年龄向,0.0,单色线稿派,同人为主,群像/多人,校园/音乐/偶像,单色/灰度/漫画分镜,漫画/多格,angel_beats!|heaven_burns_red|key_(company),angel_beats! shinda_sekai_sensen_uniform nakamura_yuri hisako_(angel_beats!) kirisaki_(angel_beats!) key_(company) heaven_burns_red tachibana_kanade,单色线稿派 · 校园 · 音乐/偶像 · 单色/灰度 · 漫画/多格,https://danbooru.donmai.us/artists/1280580
1455977,yamanokami_eaka,540,200,轻度色气,0.03,综合向插画师,原创/同人混合,群像/多人,体型特征/神话/宗教,,姿势/动态,blue_archive|zenless_zone_zero|genshin_impact,brown_girl_(yamanokami_eaka) gigantic_breasts blue_archive shiroko_terror_(blue_archive) white-haired_girl_(yamanokami_eaka) huge_breasts cross_hair_ornament halo,综合向插画师 · 体型特征 · 神话/宗教 · 姿势/动态 · 原创/同人混合,https://danbooru.donmai.us/artists/1455977
1497505,ramanda,539,200,硬核R18,0.545,R18情色向画师,同人为主,群像/多人,裸体/暴露/体型特征,单色/灰度/漫画分镜,漫画/多格,blue_archive|idolmaster|gakuen_idolmaster,female_pubic_hair pubic_hair blue_archive idolmaster gakuen_idolmaster hanami_ume goddess_of_victory:_nikke mosaic_censoring,硬核R18 · R18情色向画师 · 裸体/暴露 · 体型特征 · 单色/灰度 · 漫画/多格,https://danbooru.donmai.us/artists/1497505
684050,tsuno_no_hito,539,200,全年龄向,0.0,百合专精,同人为主,群像/多人,百合/GL/恋爱/情感,漫画分镜/单色/灰度,差分/变体,touhou|touhou_(pc-98)|rozen_maiden,alice_margatroid touhou kirisame_marisa frilled_hair_tubes hakurei_reimu frilled_bow missing_headwear white_capelet,百合专精 · 百合/GL · 恋爱/情感 · 漫画分镜 · 差分/变体,https://danbooru.donmai.us/artists/684050
1426181,koretsuki_azuma,539,200,轻度色气,0.09,同人角色专精,同人为主,女性主体,裸体/暴露/泳装/内衣,单色/灰度/线稿/速写,肖像/半身,granblue_fantasy|genshin_impact|bleach,anthuria erune granblue_fantasy draph anthuria_(summer)_(granblue_fantasy) catura_(granblue_fantasy) narmaya_(granblue_fantasy) vikala_(granblue_fantasy),同人角色专精 · 裸体/暴露 · 泳装/内衣 · 单色/灰度 · 肖像/半身,https://danbooru.donmai.us/artists/1426181
604393,maze_(gochama_ze_gohan),539,200,情色向,0.46,传统手绘媒介,原创为主,男性主体,裸体/暴露/兽耳/亚人,线稿/速写/素描/炭笔,姿势/动态,blue_archive|alice_gear_aegis|idolmaster,alice_gear_aegis loli dated kaneshiya_sitara signature cropped_legs dog_girl dog_tail,情色向 · 传统手绘媒介 · 裸体/暴露 · 兽耳/亚人 · 线稿/速写 · 姿势/动态,https://danbooru.donmai.us/artists/604393
1674575,haruakira,539,200,全年龄向,0.0,BL/腐向专精,同人为主,男性主体,BL/腐向/体型特征,单色/灰度/漫画分镜,肖像/半身,fate_(series)|fate/grand_order|fate/apocrypha,achilles_(fate) undercut nagakura_shinpachi_(fate) fate_(series) fate/grand_order large_pectorals pectorals fate/apocrypha,BL/腐向专精 · BL/腐向 · 体型特征 · 单色/灰度 · 肖像/半身,https://danbooru.donmai.us/artists/1674575
377680,yuuki_tatsuya,538,200,全年龄向,0.0,日常/治愈系,同人为主,群像/多人,自然/风景/校园,特效/后期/光影/氛围,场景插画,idolmaster|idolmaster_cinderella_girls|djmax,djmax_portable djmax idolmaster idolmaster_cinderella_girls ladymade_star nina_klatt djmax_technika sehra_klatt,日常/治愈系 · 自然/风景 · 校园 · 特效/后期 · 场景插画,https://danbooru.donmai.us/artists/377680
1535932,klaius,538,200,全年龄向,0.0,综合向插画师,同人为主,群像/多人,军事/枪械/神话/宗教,线稿/速写/素描/炭笔,差分/变体,blue_archive|hololive|hololive_english,blue_archive halo gawr_gura plana_(blue_archive) virtual_youtuber hololive_english shwaa hololive,综合向插画师 · 军事/枪械 · 神话/宗教 · 线稿/速写 · 差分/变体,https://danbooru.donmai.us/artists/1535932
1804595,akashieru,538,200,全年龄向,0.0,同人角色专精,同人为主,群像/多人,校园/和风,漫画分镜,设定/图解,kantai_collection|dragon_ball|chibi_maruko-chan,one-hour_drawing_challenge kantai_collection uzuki_(kancolle) artist_logo akashi_(kancolle) sailor_hat crescent_hair_ornament logo,同人角色专精 · 校园 · 和风 · 漫画分镜 · 设定/图解,https://danbooru.donmai.us/artists/1804595
1875090,metaljelly,538,200,全年龄向,0.0,综合向插画师,同人为主,男性主体,神话/宗教/兽耳/亚人,漫画分镜/线稿/速写,肖像/半身,blue_archive|indie_virtual_youtuber|bocchi_the_rock!,blue_archive pink_halo nachu_(vtuber) hoshino_(blue_archive) halo kei_(blue_archive) kazusa_(blue_archive) rectangular_halo,综合向插画师 · 神话/宗教 · 兽耳/亚人 · 漫画分镜 · 肖像/半身,https://danbooru.donmai.us/artists/1875090
1385273,tsubasa_(abchipika),538,200,全年龄向,0.01,机甲/军事题材,同人为主,非人物/静物,军事/枪械/自然/风景,漫画分镜/单色/灰度,设定/图解,touhou|kantai_collection|girls_und_panzer,touhou kantai_collection inubashiri_momiji military_vehicle girls_und_panzer military caterpillar_tracks katyusha_(girls_und_panzer),机甲/军事题材 · 军事/枪械 · 自然/风景 · 漫画分镜 · 设定/图解,https://danbooru.donmai.us/artists/1385273
450678,sakayama_shinta,538,200,全年龄向,0.065,单色线稿派,同人为主,男性主体,日常/治愈/自然/风景,单色/灰度/漫画分镜,漫画/多格,nijisanji|sousou_no_frieren|shine_post,hyakumantenbara_salome nijisanji hyakumantenbara_salome_(1st_costume) yuzukawa_kururi yuzukawa-san_wa_sasshite_hoshii shine_post virtual_youtuber greyscale,单色线稿派 · 日常/治愈 · 自然/风景 · 单色/灰度 · 漫画/多格,https://danbooru.donmai.us/artists/450678
1567973,yunkaiming,538,200,轻度色气,0.08,日常/治愈系,同人为主,女性主体,手足/局部/裸体/暴露,,差分/变体,honkai:_star_rail|honkai_(series)|genshin_impact,honkai:_star_rail honkai_(series) ruan_mei_(honkai:_star_rail) toenail_polish firefly_(honkai:_star_rail) champagne_coupe pearl_anklet circle_facial_mark,日常/治愈系 · 手足/局部 · 裸体/暴露 · 差分/变体 · 同人为主,https://danbooru.donmai.us/artists/1567973
629752,tsuki_tokage,538,200,硬核R18,0.815,R18情色向画师,同人为主,男性主体,裸体/暴露/日常/治愈,线稿/速写/素描/炭笔,姿势/动态,fate_(series)|fate/grand_order|blue_archive,mosaic_censoring penis ulalaka sex rutger_arendt hetero censored rune_factory:_guardians_of_azuma,硬核R18 · R18情色向画师 · 裸体/暴露 · 日常/治愈 · 线稿/速写 · 姿势/动态,https://danbooru.donmai.us/artists/629752
1464457,the_only_shoe,538,200,情色向,0.215,综合向插画师,同人为主,男性主体,体型特征/裸体/暴露,单色/灰度,姿势/动态,zenless_zone_zero|blue_archive|hololive,huge_breasts honoka_(doa) aiuno_(the_only_shoe) goddess_of_victory:_nikke dead_or_alive himiko_(the_only_shoe) zenless_zone_zero large_areolae,情色向 · 综合向插画师 · 体型特征 · 裸体/暴露 · 单色/灰度 · 姿势/动态,https://danbooru.donmai.us/artists/1464457
2366831,s4ika,538,200,全年龄向,0.01,综合向插画师,同人为主,女性主体,体型特征/泳装/内衣,单色/灰度,姿势/动态,fate/grand_order|fate_(series)|blue_archive,mysterious_heroine_xx_(fate) artoria_pendragon_(fate) fate/grand_order fate_(series) blue_shrug wuthering_waves huge_breasts baseball_cap,综合向插画师 · 体型特征 · 泳装/内衣 · 单色/灰度 · 姿势/动态,https://danbooru.donmai.us/artists/2366831
2111562,kyaku_tasu,537,200,全年龄向,0.0,同人角色专精,同人为主,群像/多人,音乐/偶像/兽耳/亚人,线稿/速写/漫画分镜,肖像/半身,love_live!|love_live!_hasu_no_sora_jogakuin_school_idol_club|love_live!_nijigasaki_high_school_idol_club,love_live! love_live!_hasu_no_sora_jogakuin_school_idol_club hasu_no_sora_school_uniform murano_sayaka love_live!_nijigasaki_high_school_idol_club birthday hinoshita_kaho yugiri_tsuzuri,同人角色专精 · 音乐/偶像 · 兽耳/亚人 · 线稿/速写 · 肖像/半身,https://danbooru.donmai.us/artists/2111562
628244,iroyopon,537,200,全年龄向,0.0,综合向插画师,同人为主,男性主体,兽人/furry/科幻/机甲,线稿/速写/单色/灰度,单人立绘,touhou|pokemon|mega_man_(series),chloris_garden mega_man_(series) dated touhou mega_man_x_(series) signature pokemon_sword_and_shield pokemon,综合向插画师 · 兽人/furry · 科幻/机甲 · 线稿/速写 · 单人立绘,https://danbooru.donmai.us/artists/628244
577175,sasamori_tomoe,537,200,轻度色气,0.115,综合向插画师,原创/同人混合,群像/多人,校园/泳装/内衣,单色/灰度,姿势/动态,succubus_stayed_life|gaming_harem|wixoss,succubus_stayed_life sakuramachi_touko yomisawa_tsukino gaming_harem akizono_kanna amami_mayumu uizuru_saika wixoss,综合向插画师 · 校园 · 泳装/内衣 · 单色/灰度 · 姿势/动态,https://danbooru.donmai.us/artists/577175
633851,trefle_r,537,200,全年龄向,0.0,同人角色专精,同人为主,群像/多人,校园/日常/治愈,漫画分镜,设定/图解,22/7|starbucks,22/7 orihara_sumika saito_nicole ichinose_hotaru tojo_yuki hiiragi_tsubomi rokubanchou_school_uniform maruyama_akane_(22/7),同人角色专精 · 校园 · 日常/治愈 · 漫画分镜 · 设定/图解,https://danbooru.donmai.us/artists/633851
1862710,hoshimiya_aki,537,200,全年龄向,0.035,综合向插画师,原创/同人混合,非人物/静物,科幻/机甲/自然/风景,特效/后期/漫画分镜,场景插画,blue_archive|idolmaster|gundam,blue_archive tegona_osaname_(cosplay) tegona_osaname gundam_arsenal_base gakuen_idolmaster beretta_crossrain bug_(vocaloid) virtual_youtuber,综合向插画师 · 科幻/机甲 · 自然/风景 · 特效/后期 · 场景插画,https://danbooru.donmai.us/artists/1862710
626940,sage_joh,537,200,情色向,0.275,日常/治愈系,原创为主,女性主体,泳装/内衣/体型特征,单色/灰度,姿势/动态,evertale|azur_lane|trillion_stage,evertale king_arthur_(evertale) napoleon_(evertale) rizette_(evertale) kishiwada_cecile_(sage_joh) percival_(evertale) lancelot_(evertale) satin_bra,情色向 · 日常/治愈系 · 泳装/内衣 · 体型特征 · 单色/灰度 · 姿势/动态,https://danbooru.donmai.us/artists/626940
558647,kuroi_(liar-player),537,200,全年龄向,0.0,传统手绘媒介,同人为主,男性主体,BL/腐向/音乐/偶像,线稿/速写/素描/炭笔,肖像/半身,project_sekai|vocaloid|nijisanji,project_sekai twitter_username kagamine_len vocaloid shinonome_akito aoyagi_touya shirayuki_reid shiraishi_an,传统手绘媒介 · BL/腐向 · 音乐/偶像 · 线稿/速写 · 肖像/半身,https://danbooru.donmai.us/artists/558647
510119,ken_(koala),537,200,全年龄向,0.0,单色线稿派,原创为主,群像/多人,奇幻/魔法/泳装/内衣,单色/灰度/线稿/速写,姿势/动态,magia_record:_mahou_shoujo_madoka_magica_gaiden|mahou_shoujo_madoka_magica|kantai_collection,electro_emilia panties_over_pantyhose magia_record:_mahou_shoujo_madoka_magica_gaiden neon_trim electro_alice mahou_shoujo_madoka_magica skin_tight headgear,单色线稿派 · 奇幻/魔法 · 泳装/内衣 · 单色/灰度 · 姿势/动态,https://danbooru.donmai.us/artists/510119
376036,yukiwo,537,200,全年龄向,0.0,传统手绘媒介,同人为主,群像/多人,神话/宗教/奇幻/魔法,单色/灰度/线稿/速写,表情/表演,jashin-chan_dropkick|blood_tune|chaos;head,jashin-chan_dropkick hanazono_yurine pino_(jashin-chan_dropkick) jashin-chan poporon_(jashin-chan_dropkick) pekora_(jashin-chan_dropkick) ran-ran kyon-kyon_(jashin-chan_dropkick),传统手绘媒介 · 神话/宗教 · 奇幻/魔法 · 单色/灰度 · 表情/表演,https://danbooru.donmai.us/artists/376036
1579709,nannung,537,200,全年龄向,0.005,综合向插画师,同人为主,群像/多人,兽耳/亚人/泳装/内衣,,差分/变体,stellive|blue_archive|hololive,stellive tsukinaka_chie nekomata_okayu virtual_youtuber toki_(blue_archive) hanako_nana yuzuha_riko aokumo_rin,综合向插画师 · 兽耳/亚人 · 泳装/内衣 · 差分/变体 · 同人为主,https://danbooru.donmai.us/artists/1579709
578451,menyoujan,537,200,硬核R18,0.89,日常/治愈系,同人为主,双人/CP,裸体/暴露/手足/局部,漫画分镜,漫画/多格,fire_emblem|hololive|hololive_english,bar_censor mob_x_character penis vaginal sex eve_thylm pov_crotch clitoral_hood,硬核R18 · 日常/治愈系 · 裸体/暴露 · 手足/局部 · 漫画分镜 · 漫画/多格,https://danbooru.donmai.us/artists/578451
1837732,luminous_slime,537,200,全年龄向,0.005,日常/治愈系,同人为主,男性主体,BL/腐向/日常/治愈,线稿/速写/单色/灰度,姿势/动态,jojo_no_kimyou_na_bouken|vento_aureo|minecraft_youtube,minecraft_youtube bruno_bucciarati vento_aureo giorno_giovanna grian_(youtuber) goodtimeswithscar hermitcraft jojo_no_kimyou_na_bouken,日常/治愈系 · BL/腐向 · 日常/治愈 · 线稿/速写 · 姿势/动态,https://danbooru.donmai.us/artists/1837732
1403641,arim0k0,537,200,全年龄向,0.005,同人角色专精,同人为主,群像/多人,泳装/内衣/体型特征,,表情/表演,touhou|touhou_(pc-98)|little_red_riding_hood_(fairy_tale),sample_watermark touhou watermark artist_name mob_cap too_many_frills huge_breasts adapted_costume,同人角色专精 · 泳装/内衣 · 体型特征 · 表情/表演 · 同人为主,https://danbooru.donmai.us/artists/1403641
1689262,9ml,537,200,全年龄向,0.0,同人角色专精,同人为主,女性主体,神话/宗教/军事/枪械,,单人立绘,blue_archive,tachi-e transparent_background ruger_lcr weapon_case m134_minigun fim-92_stinger heel_up cross-laced_shoes,同人角色专精 · 神话/宗教 · 军事/枪械 · 单人立绘 · 同人为主,https://danbooru.donmai.us/artists/1689262
838629,nakamura_yukitoshi,537,200,情色向,0.205,综合向插画师,同人为主,群像/多人,裸体/暴露/体型特征,漫画分镜/单色/灰度,设定/图解,girls_und_panzer|pacific_racing_team|kantai_collection,girls_und_panzer mika_(girls_und_panzer) nishizumi_miho tulip_hat pacific_racing_team darjeeling_(girls_und_panzer) kay_(girls_und_panzer) race_queen,情色向 · 综合向插画师 · 裸体/暴露 · 体型特征 · 漫画分镜 · 设定/图解,https://danbooru.donmai.us/artists/838629
534715,hazuki_(nyorosuke),536,200,全年龄向,0.06,综合向插画师,同人为主,男性主体,体育/运动/军事/枪械,,差分/变体,fire_emblem|fire_emblem_heroes|fire_emblem:_radiant_dawn,fire_emblem fire_emblem:_radiant_dawn micaiah_(fire_emblem) fire_emblem_heroes fire_emblem_engage fire_emblem:_three_houses female_alear_(seaside_dragon)_(fire_emblem) light_persona,综合向插画师 · 体育/运动 · 军事/枪械 · 差分/变体 · 同人为主,https://danbooru.donmai.us/artists/534715
1340731,beifeng_han,536,200,全年龄向,0.005,日常/治愈系,原创为主,群像/多人,手足/局部/制服/职场,,俯视/仰视,blue_archive|indie_virtual_youtuber|girls'_frontline,miyaura_sanshio glowing_eyes foot_focus kanburiya_ki eve_han glowing cyou_shigen office_lady,日常/治愈系 · 手足/局部 · 制服/职场 · 俯视/仰视 · 原创为主,https://danbooru.donmai.us/artists/1340731
1565643,offbeat,536,200,全年龄向,0.0,同人角色专精,同人为主,男性主体,中式/兽耳/亚人,特效/后期/线稿/速写,肖像/半身,puyopuyo|puyopuyo_20th_anniversary|puyopuyo_quest,puyopuyo puyopuyo_20th_anniversary draco_centauros witch_(puyopuyo) schezo_wegey arle_nadja satan_(puyopuyo) puyopuyo_quest,同人角色专精 · 中式 · 兽耳/亚人 · 特效/后期 · 肖像/半身,https://danbooru.donmai.us/artists/1565643
1442866,mumu_(mumunyan),536,200,硬核R18,0.97,R18情色向画师,同人为主,女性主体,裸体/暴露/神话/宗教,,单人立绘,blue_archive|azur_lane|goddess_of_victory:_nikke,blue_archive bouncing_breasts mosaic_censoring cowgirl_position sex penis straddling vaginal,硬核R18 · R18情色向画师 · 裸体/暴露 · 神话/宗教 · 单人立绘 · 同人为主,https://danbooru.donmai.us/artists/1442866
1528850,chomikuplus,536,200,情色向,0.27,原创角色设计师,原创为主,群像/多人,体型特征/裸体/暴露,漫画分镜,俯视/仰视,dungeon_ni_deai_wo_motomeru_no_wa_machigatteiru_darou_ka|sousou_no_frieren|blue_archive,gigantic_breasts large_areolae ring_light_reflection huge_nipples lactation poro-chan_(chomikuplus) plump curvy,情色向 · 原创角色设计师 · 体型特征 · 裸体/暴露 · 漫画分镜 · 俯视/仰视,https://danbooru.donmai.us/artists/1528850
1952772,sarukana,536,200,全年龄向,0.075,百合专精,同人为主,群像/多人,女仆/侍女/百合/GL,单色/灰度/漫画分镜,差分/变体,touhou|touhou_danmaku_kagura|reitaisai,hong_meiling izayoi_sakuya touhou star_hat_ornament green_vest hat_ornament green_bow green_hat,百合专精 · 女仆/侍女 · 百合/GL · 单色/灰度 · 差分/变体,https://danbooru.donmai.us/artists/1952772
408971,heriyama,535,200,轻度色气,0.385,单色线稿派,同人为主,男性主体,裸体/暴露/BL/腐向,单色/灰度/线稿/速写,差分/变体,mega_man_(series)|mega_man_star_force_(series)|battle_spirits,luna_platz_(mega_man) mega_man_star_force_(series) mega_man_(series) geo_stelar_(mega_man) twin_drills big_hair loli drill_hair,单色线稿派 · 裸体/暴露 · BL/腐向 · 单色/灰度 · 差分/变体,https://danbooru.donmai.us/artists/408971
1655281,kutone_shirika,535,200,全年龄向,0.0,同人角色专精,同人为主,群像/多人,校园/自然/风景,单色/灰度,设定/图解,kantai_collection|gundam|pokemon,artist_logo kantai_collection logo dated furutaka_(kancolle) fubuki_(kancolle) watermark glowing_eye,同人角色专精 · 校园 · 自然/风景 · 单色/灰度 · 设定/图解,https://danbooru.donmai.us/artists/1655281
1636854,barbarian_tk,535,200,硬核R18,0.645,单色线稿派,原创为主,男性主体,裸体/暴露/体型特征,单色/灰度/漫画分镜,姿势/动态,pokemon|pokemon_sun_and_moon|pokemon_legends:_z-a,battery_indicator viewfinder loli recording greyscale monochrome bar_censor narrow_hips,硬核R18 · 单色线稿派 · 裸体/暴露 · 体型特征 · 单色/灰度 · 姿势/动态,https://danbooru.donmai.us/artists/1636854
1465743,nyoro_(nyoronyoro000),535,200,全年龄向,0.0,奇幻/魔法题材,同人为主,群像/多人,军事/枪械/奇幻/魔法,赛璐璐/平涂/线稿/速写,场景插画,lycoris_recoil|sousou_no_frieren|oshi_no_ko,oshi_no_ko inoue_takina nishikigi_chisato lycoris_recoil arima_kana lycoris_uniform hoshino_aquamarine sousou_no_frieren,奇幻/魔法题材 · 军事/枪械 · 奇幻/魔法 · 赛璐璐/平涂 · 场景插画,https://danbooru.donmai.us/artists/1465743
1532377,mitsu_(mitsu_art),535,200,轻度色气,0.005,综合向插画师,原创/同人混合,群像/多人,兽耳/亚人/泳装/内衣,单色/灰度/漫画分镜,姿势/动态,indie_virtual_youtuber|azur_lane|genshin_impact,patreon_username mitsu_(oc) fiery_ears sinder_(vtuber) fiery_tail hair_spread_out akuma_nihmune indie_virtual_youtuber,综合向插画师 · 兽耳/亚人 · 泳装/内衣 · 单色/灰度 · 姿势/动态,https://danbooru.donmai.us/artists/1532377
591918,butter-t,535,200,硬核R18,0.51,R18情色向画师,同人为主,群像/多人,裸体/暴露/兽耳/亚人,光影/氛围/单色/灰度,姿势/动态,fate_(series)|fate/grand_order|monster_girl_encyclopedia,monster_girl_encyclopedia fate/grand_order fate_(series) female_pubic_hair patreon_username kejourou_(monster_girl_encyclopedia) mosaic_censoring pubic_hair,硬核R18 · R18情色向画师 · 裸体/暴露 · 兽耳/亚人 · 光影/氛围 · 姿势/动态,https://danbooru.donmai.us/artists/591918
2425613,shusuchii,535,200,全年龄向,0.02,综合向插画师,同人为主,女性主体,神话/宗教/兽耳/亚人,特效/后期/漫画分镜,差分/变体,zenless_zone_zero|blue_archive|stella_sora,aria_(human)_(zenless_zone_zero) aria_(zenless_zone_zero) stella_sora hifumi_(blue_archive) quad_tails zenless_zone_zero aqua_streaks fuyuka_(stella_sora),综合向插画师 · 神话/宗教 · 兽耳/亚人 · 特效/后期 · 差分/变体,https://danbooru.donmai.us/artists/2425613
1359512,koh_(minagi_kou),535,200,轻度色气,0.05,原创角色设计师,原创为主,群像/多人,军事/枪械/制服/职场,漫画分镜,漫画/多格,goddess_of_victory:_nikke|blue_archive|job_killer,matsumoto_minori_(minagi_kou) aegyo_sal onee-shota sora_(nikke) wireless_earphones gym_shorts mole_under_eye open-chest_sweater,原创角色设计师 · 军事/枪械 · 制服/职场 · 漫画分镜 · 漫画/多格,https://danbooru.donmai.us/artists/1359512
1549822,koharu2.5,534,200,情色向,0.125,同人角色专精,同人为主,群像/多人,体型特征/裸体/暴露,线稿/速写/单色/灰度,姿势/动态,splatoon_(series)|splatoon_3|splatoon_2,splatoon_(series) tentacle_hair inkling octoling shiver_(splatoon) splatoon_3 polka_dot_hair cephalopod_eyes,情色向 · 同人角色专精 · 体型特征 · 裸体/暴露 · 线稿/速写 · 姿势/动态,https://danbooru.donmai.us/artists/1549822
1976545,lk149,534,200,情色向,0.305,综合向插画师,原创/同人混合,群像/多人,神话/宗教/裸体/暴露,线稿/速写/漫画分镜,姿势/动态,blue_archive|dungeon_and_fighter|honkai:_star_rail,loli blue_archive kokona_(blue_archive) halo blue_halo yellow_halo ibuki_(blue_archive) flat_chest,情色向 · 综合向插画师 · 神话/宗教 · 裸体/暴露 · 线稿/速写 · 姿势/动态,https://danbooru.donmai.us/artists/1976545
1259339,kaminagi_(kaminagi-tei),534,200,情色向,0.205,综合向插画师,同人为主,群像/多人,裸体/暴露/军事/枪械,,姿势/动态,kantai_collection|ragnarok_online|sennen_sensou_aigis,ragnarok_online kantai_collection assassin_cross_(ragnarok_online) prinz_eugen_(kancolle) torn_scarf push_down deviruchi_hat arch_bishop_(ragnarok_online),情色向 · 综合向插画师 · 裸体/暴露 · 军事/枪械 · 姿势/动态 · 同人为主,https://danbooru.donmai.us/artists/1259339
415834,tsurusaki_takahiro,534,200,情色向,0.125,奇幻/魔法题材,同人为主,群像/多人,奇幻/魔法/体型特征,单色/灰度/漫画分镜,姿势/动态,isekai_maou_to_shoukan_shoujo_no_dorei_majutsu|blue_archive|zutto_mae_kara_joshi_deshita,isekai_maou_to_shoukan_shoujo_no_dorei_majutsu shera_l._greenwood rem_galeu metal_collar o-ring_collar edelgard_(isekai_maou) kazama_sena zutto_mae_kara_joshi_deshita,情色向 · 奇幻/魔法题材 · 奇幻/魔法 · 体型特征 · 单色/灰度 · 姿势/动态,https://danbooru.donmai.us/artists/415834
1382123,wahiko_(black_bastard),534,200,全年龄向,0.0,同人角色专精,同人为主,群像/多人,校园/自然/风景,漫画分镜,差分/变体,umamusume|meitantei_precure!|precure,umamusume horse_girl horse_ears horse_tail ear_covers ear_ornament tracen_school_uniform dantsu_flame_(umamusume),同人角色专精 · 校园 · 自然/风景 · 漫画分镜 · 差分/变体,https://danbooru.donmai.us/artists/1382123
1367780,teruki_kuma,534,200,硬核R18,0.825,R18情色向画师,同人为主,群像/多人,裸体/暴露/体型特征,单色/灰度/漫画分镜,姿势/动态,gundam|mobile_suit_gundam|doraemon,loli toddlercon kikka_kitamoto bar_censor penis flat_chest mobile_suit_gundam vaginal,硬核R18 · R18情色向画师 · 裸体/暴露 · 体型特征 · 单色/灰度 · 姿势/动态,https://danbooru.donmai.us/artists/1367780
575731,biyon,534,200,全年龄向,0.0,百合专精,同人为主,群像/多人,和风/日常/治愈,单色/灰度/漫画分镜,差分/变体,touhou|pokemon|unfinished_dream_of_all_living_ghost,touhou tamatsukuri_misumaru haniyasushin_keiki komakusa_sannyo joutouguu_mayumi twitter_username yuiman_asama iwanaga_ariya,百合专精 · 和风 · 日常/治愈 · 单色/灰度 · 差分/变体,https://danbooru.donmai.us/artists/575731
385407,miyama-zero,534,200,轻度色气,0.075,综合向插画师,同人为主,双人/CP,裸体/暴露/和风,单色/灰度,姿势/动态,high_school_dxd|oda_nobuna_no_yabou|tatsuki_no_viola_ikinie_wa_saikyou_no_mamono_to_koi_ni_ochite,high_school_dxd rias_gremory oda_nobuna_no_yabou hyoudou_issei kuoh_academy_school_uniform himejima_akeno oda_nobuna toujou_koneko,综合向插画师 · 裸体/暴露 · 和风 · 单色/灰度 · 姿势/动态,https://danbooru.donmai.us/artists/385407
1594084,k0ng,534,200,轻度色气,0.24,机甲/军事题材,原创为主,双人/CP,军事/枪械/裸体/暴露,漫画分镜,姿势/动态,arknights|stalker_(game)|djmax,merc-san_(k0ng) bandit-chan_(k0ng) jessica_the_liberated_(arknights) namul_(k0ng) jessica_(arknights) ammunition_pouch bulletproof_vest tac-girl_(k0ng),机甲/军事题材 · 军事/枪械 · 裸体/暴露 · 漫画分镜 · 姿势/动态,https://danbooru.donmai.us/artists/1594084
2296906,meng_xi_xuan,533,200,轻度色气,0.105,兽耳/亚人专精,原创为主,女性主体,兽耳/亚人/裸体/暴露,,俯视/仰视,vocaloid|arknights|rabbit_hole_(vocaloid),luo_shun_yao heart_in_eye symbol_in_eye fox_girl fox_tail extra_ears fox_ears animal_ear_fluff,兽耳/亚人专精 · 兽耳/亚人 · 裸体/暴露 · 俯视/仰视 · 原创为主,https://danbooru.donmai.us/artists/2296906
1785773,roswell_ss,533,200,情色向,0.455,R18情色向画师,同人为主,群像/多人,裸体/暴露/泳装/内衣,,姿势/动态,lycoris_recoil|make_heroine_ga_oo_sugiru!|bocchi_the_rock!,make_heroine_ga_oo_sugiru! twitter_username lycoris_recoil nishikigi_chisato inoue_takina virgin_destroyer_sweater cleft_of_venus uncensored,情色向 · R18情色向画师 · 裸体/暴露 · 泳装/内衣 · 姿势/动态 · 同人为主,https://danbooru.donmai.us/artists/1785773
1351420,gorgeous_mushroom,533,200,情色向,0.405,原创角色设计师,原创为主,群像/多人,裸体/暴露/体型特征,单色/灰度/漫画分镜,姿势/动态,kuroinu_~kedakaki_seijo_wa_hakudaku_ni_somaru~|illusion_connect|genshin_impact,aibo_(gorgeous_mushroom) yeqing_(gorgeous_mushroom) illusion_connect linna_(gorgeous_mushroom) kuroinu_~kedakaki_seijo_wa_hakudaku_ni_somaru~ surrounded_by_penises gangbang saya_(illusion_connect),情色向 · 原创角色设计师 · 裸体/暴露 · 体型特征 · 单色/灰度 · 姿势/动态,https://danbooru.donmai.us/artists/1351420
1616631,popopoka,533,200,轻度色气,0.24,原创角色设计师,原创为主,群像/多人,裸体/暴露/军事/枪械,漫画分镜/单色/灰度,漫画/多格,dragon_ball|indie_virtual_youtuber|pokemon,cat_baguette_(popopoka) erika_(popopoka) sophie_(popopoka) mimi_(popopoka) sophie's_dog_(popopoka) body_freckles self-harm_scar freckles,原创角色设计师 · 裸体/暴露 · 军事/枪械 · 漫画分镜 · 漫画/多格,https://danbooru.donmai.us/artists/1616631
1608206,himadera,533,200,轻度色气,0.305,百合专精,同人为主,双人/CP,女仆/侍女/裸体/暴露,漫画分镜,漫画/多格,touhou|strange_creators_of_outer_world|touhou_lostword,izayoi_sakuya touhou hakurei_reimu twitter_username hair_tubes futa_with_female futanari frilled_hair_tubes,百合专精 · 女仆/侍女 · 裸体/暴露 · 漫画分镜 · 漫画/多格,https://danbooru.donmai.us/artists/1608206
2308656,lee_mae_hyang,533,200,硬核R18,0.92,R18情色向画师,同人为主,男性主体,裸体/暴露/神话/宗教,特效/后期/漫画分镜,姿势/动态,blue_archive|zenless_zone_zero|wuthering_waves,penis blue_archive sex distorted_halo hetero uncensored bar_censor nipples,硬核R18 · R18情色向画师 · 裸体/暴露 · 神话/宗教 · 特效/后期 · 姿势/动态,https://danbooru.donmai.us/artists/2308656
640093,tusia,532,200,轻度色气,0.04,传统手绘媒介,同人为主,双人/CP,自然/风景/泳装/内衣,线稿/速写/单色/灰度,表情/表演,tales_of_(series)|tales_of_berseria|fire_emblem,tales_of_(series) tales_of_berseria velvet_crowe tales_of_zestiria magilou_(tales) fire_emblem_awakening edna_(tales) tales_of_arise,传统手绘媒介 · 自然/风景 · 泳装/内衣 · 线稿/速写 · 表情/表演,https://danbooru.donmai.us/artists/640093
596583,chima_q,532,200,情色向,0.31,奇幻/魔法题材,同人为主,群像/多人,奇幻/魔法/泳装/内衣,漫画分镜/特效/后期,表情/表演,touhou|summon_night|summon_night_2,touhou fairy_wings fairy daiyousei star_sapphire luna_child sunny_milk daiyousei_mob_(touhou),情色向 · 奇幻/魔法题材 · 奇幻/魔法 · 泳装/内衣 · 漫画分镜 · 表情/表演,https://danbooru.donmai.us/artists/596583
1365648,manino_(mofuritaionaka),532,200,全年龄向,0.0,场景/背景插画师,原创/同人混合,非人物/静物,自然/风景/兽人/furry,特效/后期,场景插画,pokemon|danganronpa_(series)|danganronpa_v3:_killing_harmony,hoshi_ryoma no_humans danganronpa_v3:_killing_harmony pokemon_(creature) signature danganronpa_(series) fluffy pokemon_focus,场景/背景插画师 · 自然/风景 · 兽人/furry · 特效/后期 · 场景插画,https://danbooru.donmai.us/artists/1365648
1245106,shin'ya_(shin'yanchi),532,200,硬核R18,0.725,R18情色向画师,同人为主,群像/多人,裸体/暴露/体型特征,漫画分镜/赛璐璐/平涂,姿势/动态,yagate_kimi_ni_naru|new_game!|precure,mosaic_censoring penis yagate_kimi_ni_naru nipples hetero saeki_sayaka new_game! censored,硬核R18 · R18情色向画师 · 裸体/暴露 · 体型特征 · 漫画分镜 · 姿势/动态,https://danbooru.donmai.us/artists/1245106
1657562,goki_buri,532,200,硬核R18,0.77,R18情色向画师,原创/同人混合,女性主体,裸体/暴露/手足/局部,,姿势/动态,indie_virtual_youtuber|blue_archive|chromashift,loli umihime venus_symbol_hair_ornament sera_(thechief) heart_censor fish_girl anal venus_symbol,硬核R18 · R18情色向画师 · 裸体/暴露 · 手足/局部 · 姿势/动态 · 原创/同人混合,https://danbooru.donmai.us/artists/1657562
1515654,muku_jirushi,533,200,全年龄向,0.0,兽耳/亚人专精,同人为主,,兽人/furry/自然/风景,漫画分镜,姿势/动态,pokemon|pokemon_cafe_remix|pokemon_diamond/pearl/platinum,gardevoir two-tone_skin multicolored_skin white_skin green_skin pokemon_(creature) kirlia pokemon,兽耳/亚人专精 · 兽人/furry · 自然/风景 · 漫画分镜 · 姿势/动态,https://danbooru.donmai.us/artists/1515654
1561792,zirba,532,200,硬核R18,0.71,R18情色向画师,同人为主,男性主体,裸体/暴露/神话/宗教,,姿势/动态,blue_archive|fate_(series)|fate/kaleid_liner_prisma_illya,fate/kaleid_liner_prisma_illya illyasviel_von_einzbern loli mosaic_censoring gakuen_idolmaster chloe_von_einzbern blue_archive fate_(series),硬核R18 · R18情色向画师 · 裸体/暴露 · 神话/宗教 · 姿势/动态 · 同人为主,https://danbooru.donmai.us/artists/1561792
1625985,e_volution,532,200,全年龄向,0.0,兽耳/亚人专精,同人为主,男性主体,兽人/furry/BL/腐向,,设定/图解,pokemon|pokemon_legends:_z-a|yu-gi-oh!,pokemon_(creature) pokemon mega_pokemon artist_logo pokemon_legends:_z-a pokemon_sun_and_moon pokemon_black_and_white yu-gi-oh!,兽耳/亚人专精 · 兽人/furry · BL/腐向 · 设定/图解 · 同人为主,https://danbooru.donmai.us/artists/1625985
1695295,hashira_14,533,200,硬核R18,0.56,R18情色向画师,同人为主,男性主体,裸体/暴露/BL/腐向,漫画分镜,姿势/动态,hololive|hololive_english|pokemon,hololive virtual_youtuber hololive_english oozora_subaru mosaic_censoring penis iono_(pokemon) trap,硬核R18 · R18情色向画师 · 裸体/暴露 · BL/腐向 · 漫画分镜 · 姿势/动态,https://danbooru.donmai.us/artists/1695295
1519894,koya_(koya_x_00),532,200,全年龄向,0.0,综合向插画师,同人为主,群像/多人,泳装/内衣/配饰/首饰,单色/灰度/漫画分镜,漫画/多格,idolmaster|idolmaster_shiny_colors|idolmaster_cinderella_girls,idolmaster idolmaster_shiny_colors reze_(chainsaw_man) chainsaw_man idolmaster_cinderella_girls signature suzuki_hana higuchi_madoka,综合向插画师 · 泳装/内衣 · 配饰/首饰 · 单色/灰度 · 漫画/多格,https://danbooru.donmai.us/artists/1519894
1445559,yuano,531,200,全年龄向,0.0,同人角色专精,同人为主,女性主体,兽耳/亚人/配饰/首饰,,差分/变体,hololive|nijisanji|hololive_english,hololive virtual_youtuber minato_aqua murasaki_shion hoshikawa_sara official_alternate_hairstyle yukihana_lamy arched_bangs,同人角色专精 · 兽耳/亚人 · 配饰/首饰 · 差分/变体 · 同人为主,https://danbooru.donmai.us/artists/1445559
1587570,cessa,531,200,轻度色气,0.02,综合向插画师,同人为主,群像/多人,体型特征/泳装/内衣,单色/灰度,俯视/仰视,ombok_diving_and_delivery_services|goddess_of_victory:_nikke|boku_no_hero_academia,arung_samudra_(cessa) ombok_diving_and_delivery_services muscular_female dark-skinned_female biceps muscular dark_skin motorcycle,综合向插画师 · 体型特征 · 泳装/内衣 · 单色/灰度 · 俯视/仰视,https://danbooru.donmai.us/artists/1587570
1321193,matemi,531,200,硬核R18,0.795,BL/腐向专精,原创/同人混合,男性主体,BL/腐向/裸体/暴露,漫画分镜/单色/灰度,设定/图解,genshin_impact|honkai:_star_rail|honkai_(series),oskar_(coffee.png) testicles yaoi cat_boy trap male_penetrated penis genshin_impact,硬核R18 · BL/腐向专精 · BL/腐向 · 裸体/暴露 · 漫画分镜 · 设定/图解,https://danbooru.donmai.us/artists/1321193
1575265,osananajimi_neko,531,200,全年龄向,0.01,同人角色专精,同人为主,群像/多人,军事/枪械/泳装/内衣,线稿/速写/素描/炭笔,差分/变体,kantai_collection|pokemon|foster's_home_for_imaginary_friends,kantai_collection enemy_lifebuoy_(kancolle) fairy_(kancolle) shimakaze_(kancolle) rensouhou-chan isuzu_(kancolle) rigging chougei_(kancolle),同人角色专精 · 军事/枪械 · 泳装/内衣 · 线稿/速写 · 差分/变体,https://danbooru.donmai.us/artists/1575265
2026604,doroshe_(sdpw8474),531,200,硬核R18,0.81,R18情色向画师,同人为主,双人/CP,裸体/暴露/体型特征,漫画分镜,姿势/动态,blue_archive|genshin_impact|fate/kaleid_liner_prisma_illya,loli blue_archive heart_censor bar_censor hetero penis censored flat_chest,硬核R18 · R18情色向画师 · 裸体/暴露 · 体型特征 · 漫画分镜 · 姿势/动态,https://danbooru.donmai.us/artists/2026604
440048,ukokkei,531,200,硬核R18,0.72,单色线稿派,同人为主,群像/多人,裸体/暴露/泳装/内衣,单色/灰度/漫画分镜,漫画/多格,idolmaster|idolmaster_cinderella_girls|yu-gi-oh!,yuuki_haru sparse_pubic_hair idolmaster_cinderella_girls pussy_focus loli idolmaster pubic_hair female_pubic_hair,硬核R18 · 单色线稿派 · 裸体/暴露 · 泳装/内衣 · 单色/灰度 · 漫画/多格,https://danbooru.donmai.us/artists/440048
521201,rohitsuka,531,200,轻度色气,0.1,原创角色设计师,原创为主,女性主体,校园/科幻/机甲,线稿/速写/光影/氛围,俯视/仰视,dairoku_ryouhei|hololive|apple_inc.,school_swimsuit competition_school_swimsuit new_school_swimsuit blue_one-piece_swimsuit mecha one-piece_swimsuit robot black_one-piece_swimsuit,原创角色设计师 · 校园 · 科幻/机甲 · 线稿/速写 · 俯视/仰视,https://danbooru.donmai.us/artists/521201
552839,megateru,531,200,全年龄向,0.0,兽耳/亚人专精,同人为主,双人/CP,兽耳/亚人/角色扮演/异装,漫画分镜,漫画/多格,uchi_no_kuroneko_onnanoko|kemomimi_diary|indie_virtual_youtuber,uchi_no_kuroneko_onnanoko kuro_(uchi_no_kuroneko_onnanoko) owner_(uchi_no_kuroneko_onnanoko) mame_(uchi_no_kuroneko_onnanoko) black_cat cat fennec-chan_(megateru) comic,兽耳/亚人专精 · 兽耳/亚人 · 角色扮演/异装 · 漫画分镜 · 漫画/多格,https://danbooru.donmai.us/artists/552839
1056179,core_(mayomayo),531,200,全年龄向,0.0,传统手绘媒介,同人为主,群像/多人,校园/奇幻/魔法,线稿/速写/素描/炭笔,肖像/半身,bocchi_the_rock!|yurucamp|blue_archive,bocchi_the_rock! yamada_ryo gotoh_hitori cube_hair_ornament motosu_school_uniform yurucamp kita_ikuyo signature,传统手绘媒介 · 校园 · 奇幻/魔法 · 线稿/速写 · 肖像/半身,https://danbooru.donmai.us/artists/1056179
705657,deego_(omochi_bazooka),531,200,情色向,0.225,R18情色向画师,原创/同人混合,男性主体,裸体/暴露/泳装/内衣,单色/灰度/漫画分镜,姿势/动态,idolmaster|idolmaster_cinderella_girls|touhou,yura_kanade projectile_lactation lactation hisakawa_hayate idolmaster_cinderella_girls signature dated idolmaster,情色向 · R18情色向画师 · 裸体/暴露 · 泳装/内衣 · 单色/灰度 · 姿势/动态,https://danbooru.donmai.us/artists/705657
676582,ookuma_nekosuke,531,200,轻度色气,0.175,机甲/军事题材,同人为主,群像/多人,体型特征/科幻/机甲,特效/后期/线稿/速写,姿势/动态,shinmai_maou_no_testament|hundred_(light_novel)|dappou_tamer_no_nariagari_boukentan,shinmai_maou_no_testament toujou_basara naruse_mio dappou_tamer_no_nariagari_boukentan hundred_(light_novel) belina_(dappou_tamer_no_nariagari_boukentan) naruse_maria zest,机甲/军事题材 · 体型特征 · 科幻/机甲 · 特效/后期 · 姿势/动态,https://danbooru.donmai.us/artists/676582
701412,langbazi,531,200,全年龄向,0.11,综合向插画师,同人为主,非人物/静物,兽耳/亚人/科幻/机甲,线稿/速写,姿势/动态,love_live!|genshin_impact|love_live!_superstar!!,love_live! love_live!_superstar!! genshin_impact tang_keke tojo_nozomi love_live!_nijigasaki_high_school_idol_club signature love_live!_school_idol_project,综合向插画师 · 兽耳/亚人 · 科幻/机甲 · 线稿/速写 · 姿势/动态,https://danbooru.donmai.us/artists/701412
2030503,guilegaze,530,200,硬核R18,0.79,R18情色向画师,同人为主,男性主体,裸体/暴露/体型特征,线稿/速写,俯视/仰视,xenoblade_chronicles_(series)|xenoblade_chronicles_2|xenoblade_chronicles_3,uncensored cleft_of_venus pussy xenoblade_chronicles_(series) completely_nude nipples hypnosis nude,硬核R18 · R18情色向画师 · 裸体/暴露 · 体型特征 · 线稿/速写 · 俯视/仰视,https://danbooru.donmai.us/artists/2030503
500866,mizuga,530,200,轻度色气,0.12,兽耳/亚人专精,同人为主,群像/多人,兽耳/亚人/体型特征,单色/灰度/漫画分镜,漫画/多格,touhou|subterranean_animism|comiket_93,touhou kaenbyou_rin kudamaki_tsukasa yakumo_ran multiple_tails extra_ears nekomata romper,兽耳/亚人专精 · 兽耳/亚人 · 体型特征 · 单色/灰度 · 漫画/多格,https://danbooru.donmai.us/artists/500866
1561902,sunaba_(nczd5875),530,200,轻度色气,0.13,传统手绘媒介,原创为主,男性主体,角色扮演/异装/BL/腐向,线稿/速写/素描/炭笔,肖像/半身,kantai_collection,crossdressing_(mtf) trap crossdressing blonde-haired_boy_(sunaba_(nczd5875)) bulge geki_(sunaba_(nczd5875)) purple_hair_boy_(sunaba_(nczd5875)) dot_nose,传统手绘媒介 · 角色扮演/异装 · BL/腐向 · 线稿/速写 · 肖像/半身,https://danbooru.donmai.us/artists/1561902
519990,kimishima_ao,530,200,轻度色气,0.175,像素/复古画师,原创/同人混合,男性主体,裸体/暴露/自然/风景,像素画,俯视/仰视,shion_no_ketsuzoku|maho_x_roba_-witches_spiritual_home-|kimagure_temptation,shion_no_ketsuzoku maho_x_roba_-witches_spiritual_home- anneliese kimagure_temptation kimagure_temptation_2 konata_konatsu novem_(shion_no_ketsuzoku) shionji_ariha,像素/复古画师 · 裸体/暴露 · 自然/风景 · 像素画 · 俯视/仰视,https://danbooru.donmai.us/artists/519990
687225,boshi_(a-ieba),530,200,全年龄向,0.025,漫画/剧情向,同人为主,群像/多人,奇幻/魔法/手足/局部,漫画分镜/单色/灰度,漫画/多格,fate_(series)|touhou|fate/grand_order,illyasviel_von_einzbern hakurei_reimu_(pc-98) fate/kaleid_liner_prisma_illya illyasviel_von_einzbern_(swimsuit_archer)_(third_ascension) hakurei_reimu 4koma fate_(series) touhou_(pc-98),漫画/剧情向 · 奇幻/魔法 · 手足/局部 · 漫画分镜 · 漫画/多格,https://danbooru.donmai.us/artists/687225
695956,jigatei_(omijin),530,200,全年龄向,0.0,原创角色设计师,原创为主,女性主体,兽耳/亚人/校园,单色/灰度/线稿/速写,单人立绘,watashi_ni_tenshi_ga_maiorita!|kodomo_no_jikan|touhou,romaji_text brown_background kokonoe_rin kodomo_no_jikan watashi_ni_tenshi_ga_maiorita! brown_theme puffy_long_sleeves monochrome,原创角色设计师 · 兽耳/亚人 · 校园 · 单色/灰度 · 单人立绘,https://danbooru.donmai.us/artists/695956
